{"stats":{"minecraft:killed":{"hordes:zombie_player":1,"undead_revamp2:thesmoker":8,"zombiemobs:zombie_turtle":1,"zombie_extreme:runner":7,"zombie_extreme:crawler":1,"minecraft:husk":11,"minecraft:zombie_villager":1,"undead_revamp2:the_moonflower":1,"minecraft:zombie":33,"zombie_extreme:infected_police":2,"zombiemobs:zombie_goat":1},"minecraft:crafted":{"minecraft:leather_leggings":1,"minecraft:furnace":1,"minecraft:chest":1,"sophisticatedbackpacks:iron_backpack":1,"sophisticatedbackpacks:backpack":1,"minecraft:crafting_table":2,"minecraft:spruce_planks":20,"minecraft:bowl":8,"minecraft:campfire":1,"minecraft:air":303,"minecraft:iron_pickaxe":1},"minecraft:dropped":{"apocalypsenow:human_flesh":1,"minecraft:iron_sword":1,"minecraft:dark_oak_stairs":2,"minecraft:smooth_quartz_stairs":1,"create:track":54,"minecraft:dirt":3,"minecraft:stone_button":1,"minecraft:torch":1,"apocalypsenow:porpsi":1,"minecraft:iron_door":2,"tac:mp9":2,"minecraft:string":4,"farmersdelight:shepherds_pie":1,"minecraft:stone_sword":1,"quark:framed_glass_pane":1,"apocalypsenow:small_can":2,"minecraft:bowl":3,"embellishcraft:gneiss_large_bricks_wall":2,"another_furniture:light_gray_curtain":1,"apocalypsenow:canned_pork":4,"minecraft:leather_chestplate":1,"minecraft:light_gray_bed":2,"minecraft:oak_sapling":3,"minecraft:stone_bricks":3,"createdeco:locked_cast_iron_door":2,"minecraft:wooden_pickaxe":1,"minecraft:stone_pickaxe":1,"quark:smooth_quartz_vertical_slab":1,"create:cut_calcite":1},"minecraft:used":{"minecraft:iron_bars":3,"minecraft:stone_sword":64,"minecraft:iron_sword":213,"minecraft:torch":44,"farmersdelight:vegetable_soup":1,"minecraft:stone_bricks":28,"minecraft:furnace":1,"apocalypsenow:porpsi":6,"create:polished_cut_calcite_wall":2,"farmersdelight:shepherds_pie_block":2,"farmersdelight:hamburger":1,"farmersdelight:shepherds_pie":1,"minecraft:stone_pickaxe":58,"minecraft:wooden_pickaxe":19,"immersiveengineering:concrete_quarter":1,"minecraft:crafting_table":8,"farmersdelight:cod_roll":1,"minecraft:campfire":1,"sophisticatedbackpacks:backpack":1,"minecraft:iron_pickaxe":207,"minecraft:spruce_sapling":7,"pfm:dark_oak_green_simple_bed":3,"minecraft:stone_axe":9,"minecraft:cobblestone":44,"chalk:blue_chalk":1,"minecraft:bone_meal":26},"minecraft:picked_up":{"create:cut_calcite":1,"minecraft:crafting_table":1,"minecraft:wooden_pickaxe":1,"minecraft:gold_block":1,"minecraft:potion":1,"quark:gunpowder_sack":4,"minecraft:string":106,"minecraft:spruce_planks":1,"minecraft:coal_block":2,"minecraft:smooth_quartz_stairs":1,"minecraft:stick":7,"minecraft:torch":4,"minecraft:bowl":4,"tac:mp9":2,"minecraft:stone_button":1,"quark:oak_leaf_carpet":1,"quark:smooth_quartz_vertical_slab":1,"minecraft:light_gray_bed":2,"immersiveengineering:steel_scaffolding_standard":16,"minecraft:rotten_flesh":52,"create:track":54,"minecraft:iron_block":3,"minecraft:cyan_terracotta":15,"minecraft:iron_bars":21,"minecraft:cobblestone":76,"minecraft:white_wool":4,"tac:round45":6,"immersiveengineering:concrete_quarter":1,"minecraft:iron_door":4,"minecraft:andesite":9,"minecraft:leather":13,"minecraft:potato":1,"minecraft:oak_log":4,"immersivepetroleum:asphalt":1,"farmersdelight:cod_roll":2,"minecraft:dirt":8,"another_furniture:light_gray_curtain":1,"farmersdelight:shepherds_pie_block":3,"embellishcraft:gneiss_large_bricks_wall":2,"createdeco:locked_cast_iron_door":2,"minecraft:bone":70,"minecraft:stone_bricks":34,"apocalypsenow:human_flesh":1,"apocalypsenow:money":1,"minecraft:stone_pickaxe":1,"create:polished_cut_calcite_wall":3,"tac:9mm_round":12,"apocalypsenow:police_helmet":1,"minecraft:iron_sword":1,"minecraft:dark_oak_stairs":3,"minecraft:spruce_sapling":19,"minecraft:spruce_log":36,"quark:framed_glass_pane":1,"minecraft:granite":3,"minecraft:oak_sapling":6,"pfm:dark_oak_green_simple_bed":4,"minecraft:coal":6},"minecraft:custom":{"lootr:looted_stat":23,"minecraft:mob_kills":70,"minecraft:interact_with_crafting_table":19,"minecraft:damage_dealt_resisted":52,"minecraft:leave_game":1,"minecraft:time_since_death":101648,"minecraft:climb_one_cm":11355,"minecraft:sprint_one_cm":137647,"minecraft:walk_one_cm":601445,"minecraft:fridge_opened":14,"minecraft:drop":35,"minecraft:talked_to_villager":1,"minecraft:play_time":101648,"minecraft:sneak_time":3349,"minecraft:walk_under_water_one_cm":13245,"minecraft:jump":707,"minecraft:walk_on_water_one_cm":9535,"minecraft:total_world_time":101648,"minecraft:interact_with_furnace":1,"minecraft:stove_opened":1,"minecraft:sleep_in_bed":3,"minecraft:time_since_rest":72267,"minecraft:damage_taken":660,"minecraft:damage_dealt":9355,"minecraft:swim_one_cm":3021,"minecraft:fly_one_cm":83502,"minecraft:freezer_opened":2,"minecraft:crouch_one_cm":8072,"minecraft:fall_one_cm":11659},"minecraft:mined":{"quark:smooth_quartz_vertical_slab":1,"pfm:dark_oak_green_simple_bed":4,"quark:oak_leaf_carpet":1,"minecraft:granite":3,"minecraft:grass_block":2,"create:polished_cut_calcite_wall":3,"minecraft:coal_block":2,"minecraft:spawner":12,"create:cut_calcite":1,"immersivepetroleum:asphalt":2,"minecraft:spruce_sapling":4,"minecraft:andesite":9,"minecraft:dark_oak_stairs":2,"minecraft:iron_bars":26,"minecraft:smooth_quartz_stairs":2,"minecraft:stone":74,"minecraft:iron_block":4,"minecraft:white_wool":4,"create:dark_oak_window_pane":2,"minecraft:cyan_terracotta":10,"createdeco:locked_cast_iron_door":1,"create:track":55,"minecraft:crafting_table":1,"minecraft:torch":2,"quark:framed_glass_pane":1,"minecraft:stone_slab":1,"minecraft:tall_grass":1,"embellishcraft:gneiss_large_bricks_wall":1,"minecraft:cobblestone":2,"snowrealmagic:wall":1,"minecraft:iron_door":2,"farmersdelight:shepherds_pie_block":2,"quark:gunpowder_sack":4,"minecraft:spruce_log":2,"minecraft:grass":6,"immersiveengineering:steel_scaffolding_standard":19,"create:vertical_framed_glass_pane":2,"minecraft:coal_ore":6,"another_furniture:light_gray_curtain":1,"minecraft:dirt":6,"minecraft:cobweb":26,"minecraft:stone_bricks":34}},"DataVersion":2975}