{"stats":{"minecraft:crafted":{"minecraft:stone":18,"quark:deepslate_furnace":8,"magistuarmory:silver_shortsword":1,"iceandfire:armor_copper_metal_boots":1,"minecraft:diamond_helmet":2,"minecraft:diamond_leggings":2,"sophisticatedbackpacks:copper_backpack":1,"magistuarmory:silver_zweihander":1,"iceandfire:armor_copper_metal_chestplate":1,"create:polished_cut_calcite":1,"minecraft:smoker":2,"sophisticatedbackpacks:backpack":1,"minecraft:emerald":213,"minecraft:diamond_axe":1,"minecraft:crafting_table":5,"minecraft:spruce_planks":4176,"minecraft:wooden_pickaxe":1,"minecraft:baked_potato":153,"minecraft:smithing_table":1,"minecraft:copper_ingot":113,"minecraft:charcoal":1,"minecraft:diamond_pickaxe":1,"sophisticatedbackpacks:diamond_backpack":1,"minecraft:stick":6900,"minecraft:iron_ingot":114,"minecraft:stone_sword":1,"minecraft:gold_ingot":24,"minecraft:deepslate_bricks":252,"magistuarmory:leather_strip":6,"minecraft:iron_nugget":162,"minecraft:furnace":7,"minecraft:bone_meal":405,"iceandfire:armor_copper_metal_helmet":1,"magistuarmory:hilt":2,"minecraft:lantern":19,"minecraft:polished_deepslate":252,"minecraft:iron_axe":1,"epicfight:iron_greatsword":1,"minecraft:diamond_boots":2,"quark:spruce_chest":7,"minecraft:wheat":9,"sophisticatedbackpacks:iron_backpack":1,"minecraft:cooked_beef":1,"swem:cantazarite_dye":37,"iceandfire:silver_ingot":16,"quark:calcite_bricks":500,"sophisticatedbackpacks:gold_backpack":1,"epicfight:stone_greatsword":2,"quark:polished_calcite":504,"minecraft:stone_axe":1,"minecraft:deepslate_tiles":252,"minecraft:air":0,"justhammers:iron_hammer":14,"justhammers:stone_hammer":6,"create:cut_calcite":1,"minecraft:oak_stairs":4,"minecraft:torch":204,"minecraft:diamond_chestplate":1},"minecraft:custom":{"minecraft:animals_bred":2,"minecraft:interact_with_crafting_table":66,"minecraft:open_barrel":11,"minecraft:leave_game":6,"minecraft:time_since_death":1632,"minecraft:damage_resisted":0,"minecraft:sprint_one_cm":799237,"minecraft:drop":153,"minecraft:talked_to_villager":44,"minecraft:play_time":436097,"minecraft:deaths":16,"minecraft:jump":3969,"minecraft:walk_on_water_one_cm":73861,"minecraft:interact_with_furnace":99,"minecraft:traded_with_villager":223,"minecraft:interact_with_loom":2,"minecraft:sleep_in_bed":2,"minecraft:waystone_activated":3,"minecraft:damage_dealt":46717,"minecraft:crouch_one_cm":212625,"tombstone:undead_killed":124,"minecraft:interact_with_smithing_table":3,"minecraft:mob_kills":294,"minecraft:damage_dealt_resisted":297,"minecraft:climb_one_cm":1797,"minecraft:walk_one_cm":4447915,"minecraft:damage_dealt_absorbed":3150,"minecraft:sneak_time":23918,"minecraft:walk_under_water_one_cm":32702,"minecraft:interact_with_blast_furnace":9,"minecraft:total_world_time":436097,"tombstone:raider_killed":71,"minecraft:raid_trigger":1,"minecraft:interact_with_stonecutter":7,"minecraft:time_since_rest":1276,"minecraft:damage_taken":7916,"minecraft:damage_absorbed":11137,"minecraft:trigger_trapped_chest":11,"minecraft:swim_one_cm":54795,"minecraft:fly_one_cm":633988,"minecraft:open_chest":53,"minecraft:fall_one_cm":70464},"minecraft:dropped":{"minecraft:diamond_axe":1,"minecraft:baked_potato":27,"wom:diamond_legbottomseal":1,"minecraft:dirt":60,"tombstone:bag_of_seeds":1,"magistuarmory:rusted_bastardsword":2,"iceandfire:armor_copper_metal_boots":1,"swem:star_worm":21,"magistuarmory:corruptedroundshield":1,"regions_unexplored:felicia_daisy":2,"minecraft:bone":1,"magistuarmory:rustedchainmail_leggings":3,"minecraft:stone_axe":2,"minecraft:cobbled_deepslate":204,"minecraft:wheat":55,"tombstone:gift":1,"minecraft:rotten_flesh":1,"minecraft:oak_planks":6,"justhammers:iron_hammer":10,"pandora:pandora_necklace":1,"patchouli:guide_book":2,"justhammers:stone_hammer":6,"swem:timothy_seeds":1,"minecraft:tipped_arrow":1,"create:limestone":8,"farmersdelight:tomato_seeds":4,"magistuarmory:rustedkettlehat":2,"minecraft:wheat_seeds":64,"minecraft:tnt":1,"minecraft:mossy_cobblestone":2,"weaponmaster:tutorialbook":20,"minecraft:diamond_leggings":1,"quark:polished_calcite":2,"iceandfire:armor_copper_metal_chestplate":3,"minecraft:granite":1,"epicfight:stone_spear":3,"minecraft:copper_ingot":4,"minecraft:chainmail_helmet":1,"regions_unexplored:daisy":2,"minecraft:stick":1,"biomancy:mob_sinew":1,"tombstone:grave_dust":6,"epicfight:stone_greatsword":2,"minecraft:iron_axe":2,"magistuarmory:rustedbarbute":1,"minecraft:spruce_sapling":1,"minecraft:coarse_dirt":4,"minecraft:stone_sword":1,"minecraft:cobblestone_wall":1,"minecraft:raw_copper":36,"minecraft:tuff":78,"magistuarmory:rustedhalfarmor_chestplate":1,"regions_unexplored:hyssop":7,"iceandfire:armor_copper_metal_helmet":1,"create:polished_cut_calcite":1,"luminousworld:groundpebbles_1":3,"minecraft:stone_bricks":12,"minecraft:diamond_boots":1,"minecraft:bow":1,"minecraft:wooden_pickaxe":2,"minecraft:calcite":1,"epicfight:skillbook":1},"minecraft:picked_up":{"minecraft:iron_chestplate":1,"minecraft:wheat":55,"minecraft:smithing_table":2,"iceandfire:armor_copper_metal_chestplate":2,"minecraft:enchanted_book":4,"minecraft:string":42,"minecraft:raw_copper":173,"create:limestone":8,"minecraft:experience_bottle":1,"minecraft:cobbled_deepslate":6024,"minecraft:spruce_planks":15,"minecraft:calcite":529,"illagerrevolutionmod:raker_claw":2,"minecraft:iron_boots":1,"minecraft:tipped_arrow":1,"minecraft:stick":26,"apotheosis:gem":5,"minecraft:torch":36,"epicfight:skillbook":16,"minecraft:porkchop":3,"tombstone:grave_dust":12,"minecraft:deepslate_tile_stairs":1,"regions_unexplored:daisy":2,"quark:ancient_tome":1,"minecraft:rotten_flesh":93,"quark:calcite_bricks":11,"supplementaries:antique_ink":2,"supplementaries:ash":22,"minecraft:cobblestone":4447,"epicfight:stone_spear":4,"minecraft:andesite":4,"quark:polished_calcite":2,"swem:star_worm":21,"minecraft:smoker":1,"minecraft:potato":153,"duneons:bluekinghat_leggings":2,"paraglider:spirit_orb":16,"minecraft:tuff":201,"create:raw_zinc":73,"minecraft:lapis_lazuli":32,"minecraft:dirt":144,"pandora:pandora_necklace":1,"minecraft:leather_boots":1,"minecraft:bone":36,"illagerrevolutionmod:goggles_miner":1,"minecraft:bow":1,"minecraft:wheat_seeds":64,"minecraft:raw_gold":33,"quark:soul_bead":1,"minecraft:moss_block":1,"wom:diamond_legbottomseal":1,"minecraft:oak_planks":21,"patchouli:guide_book":1,"swem:cantazarite":49,"justhammers:iron_hammer":2,"minecraft:sand":56,"quark:stone_brick_vertical_slab":1,"minecraft:mossy_cobblestone":2,"minecraft:bundle":1,"regions_unexplored:hyssop":5,"minecraft:diamond":20,"waystones:waystone":2,"magistuarmory:corruptedroundshield":1,"minecraft:granite":1,"minecraft:bread":7,"minecraft:emerald":7,"iceandfire:raw_silver":22,"luminousworld:groundpebbles_1":3,"minecraft:coarse_dirt":4,"minecraft:crafting_table":1,"minecraft:leather_leggings":1,"create:polished_cut_calcite":1,"minecraft:wooden_pickaxe":1,"quark:gunpowder_sack":10,"minecraft:iron_axe":1,"minecraft:item_frame":2,"minecraft:iron_shovel":2,"minecraft:beef":17,"minecraft:raw_iron":142,"illagerrevolutionmod:junk_axe":1,"magistuarmory:rustedbarbute":1,"magistuarmory:rustedkettlehat":2,"minecraft:redstone":204,"minecraft:tnt":1,"minecraft:arrow":19,"regions_unexplored:felicia_daisy":2,"aquaculture:brown_trout":1,"minecraft:hay_block":1,"minecraft:saddle":1,"minecraft:bone_block":47,"duneons:bluekinghat_chestplate":2,"swem:timothy_seeds":1,"magistuarmory:rustedhalfarmor_chestplate":1,"luminousworld:ishstone":254,"minecraft:leather":16,"illagerrevolutionmod:scrounger_feather":4,"minecraft:gunpowder":14,"minecraft:cobblestone_wall":1,"iceandfire:armor_copper_metal_helmet":1,"minecraft:white_banner":1,"tombstone:gift":2,"quark:polished_jasper":2,"minecraft:apple":1,"minecraft:stone_bricks":16,"biomancy:mob_sinew":1,"minecraft:rabbit_hide":4,"minecraft:cobweb":3,"weaponmaster:tutorialbook":7,"tombstone:bag_of_seeds":1,"aquaculture:smallmouth_bass":3,"magistuarmory:rustedchainmail_chestplate":1,"minecraft:gravel":4,"minecraft:amethyst_shard":6,"minecraft:spruce_sapling":54,"minecraft:blast_furnace":2,"minecraft:spruce_log":1196,"magistuarmory:rustedchainmail_leggings":3,"duneons:bluekinghat_helmet":1,"minecraft:spider_eye":10,"minecraft:stone_axe":1,"magistuarmory:rusted_bastardsword":2,"minecraft:iron_helmet":1,"regions_unexplored:silver_birch_log":2,"minecraft:diamond_axe":1,"minecraft:baked_potato":3,"tombstone:magic_scroll":4,"minecraft:coal":252,"minecraft:ender_pearl":2},"minecraft:killed":{"illagerrevolutionmod:illager_scavenger":2,"minecraft:cave_spider":15,"minecraft:witch":6,"enemyexpansion:equestrian":1,"minecraft:spider":6,"aquaculture:smallmouth_bass":3,"quark:forgotten":1,"minecraft:skeleton":15,"minecraft:silverfish":7,"minecraft:skeleton_horse":2,"enemyexpansion:vampflyer":1,"illagerrevolutionmod:illager_beast_tamer":1,"minecraft:pig":1,"minecraft:zombie_villager":1,"minecraft:creeper":4,"duneons:mountaineer":1,"minecraft:pillager":54,"enemyexpansion:meature":1,"minecraft:zombie":82,"enemyexpansion:vampire":2,"illagerrevolutionmod:raker":2,"enemyexpansion:botfly":16,"minecraft:cow":8,"enemyexpansion:intruder":1,"minecraft:vindicator":4,"quark:toretoise":1,"illagerrevolutionmod:zombified":4,"enemyexpansion:direwolf":5,"enemyexpansion:goblin_fear":4,"minecraft:horse":2,"enemyexpansion:faller":3,"duneons:squallgolem":1,"illagerrevolutionmod:soul_sage":1,"aquaculture:brown_trout":1,"minecraft:drowned":2,"minecraft:husk":1,"minecraft:bat":1,"enemyexpansion:troll":1,"enemyexpansion:sprinter":3,"minecraft:ravager":1,"enemyexpansion:crawler":1,"enemyexpansion:huntsman":6,"quark:wraith":1,"minecraft:enderman":4,"enemyexpansion:slugger":1},"minecraft:used":{"minecraft:moss_block":1,"minecraft:iron_shovel":183,"aquaculture:brown_trout":1,"minecraft:rotten_flesh":10,"minecraft:lava_bucket":3,"quark:deepslate_furnace":6,"minecraft:lantern":8,"wom:tormented_mind":97,"minecraft:item_frame":2,"create:polished_cut_calcite":1,"minecraft:furnace":7,"minecraft:potato":3,"epicfight:skillbook":5,"quark:polished_calcite":4,"minecraft:oak_planks":1,"minecraft:wooden_pickaxe":18,"minecraft:chainmail_helmet":1,"minecraft:diamond_axe":740,"minecraft:blast_furnace":2,"minecraft:deepslate_tiles":192,"waystones:waystone":2,"iceandfire:armor_copper_metal_chestplate":1,"minecraft:bread":5,"minecraft:string":2,"tombstone:grave_key":1,"minecraft:smithing_table":3,"aquaculture:smallmouth_bass":3,"minecraft:bone_meal":48,"minecraft:experience_bottle":3,"minecraft:stone_sword":47,"quark:calcite_bricks":271,"minecraft:spruce_planks":648,"create:cut_calcite":1,"minecraft:torch":209,"minecraft:dirt":9,"farmersdelight:rope":1,"epicfight:iron_greatsword":71,"quark:spruce_chest":6,"minecraft:iron_axe":397,"minecraft:oak_stairs":4,"epicfight:stone_greatsword":187,"minecraft:deepslate_tile_stairs":27,"iceandfire:armor_copper_metal_helmet":3,"tombstone:gift":6,"minecraft:cooked_beef":1,"minecraft:cobbled_deepslate":6,"minecraft:calcite":1,"minecraft:water_bucket":22,"minecraft:baked_potato":106,"minecraft:crafting_table":6,"minecraft:smoker":3,"minecraft:spruce_log":5,"justhammers:iron_hammer":1161,"minecraft:apple":1,"minecraft:spruce_sapling":48,"justhammers:stone_hammer":336,"minecraft:stone_axe":53,"minecraft:cobblestone":52,"minecraft:bucket":27,"magistuarmory:silver_zweihander":214},"minecraft:mined":{"minecraft:spruce_planks":15,"minecraft:grass_block":125,"minecraft:deepslate_tile_stairs":1,"minecraft:spawner":8,"regions_unexplored:stone_bud":4,"minecraft:iron_ore":4,"quark:calcite_bricks":9,"regions_unexplored:mossy_stone":1,"quark:polished_calcite":2,"minecraft:smoker":1,"minecraft:amethyst_cluster":3,"minecraft:torch":6,"minecraft:blast_furnace":2,"swem:star_worm_cobble":2,"minecraft:cobblestone":1,"minecraft:oak_planks":19,"minecraft:wall_torch":8,"quark:gunpowder_sack":10,"minecraft:tnt":1,"minecraft:grass":2,"minecraft:sand":56,"minecraft:dirt":10,"minecraft:oak_leaves":5,"minecraft:deepslate":10,"luminousworld:groundpebbles_1":2,"iceandfire:silver_ore":2,"minecraft:glow_lichen":1,"minecraft:spruce_fence":2,"regions_unexplored:maple_leaves":2,"minecraft:spruce_leaves":89,"minecraft:hay_block":1,"minecraft:spruce_sapling":1,"minecraft:deepslate_iron_ore":1,"minecraft:vine":2,"regions_unexplored:medium_grass":3,"minecraft:stone":34,"quark:red_blossom_leaves":1,"minecraft:smithing_table":2,"regions_unexplored:felicia_daisy":2,"minecraft:crafting_table":1,"minecraft:emerald_ore":1,"minecraft:tall_grass":3,"minecraft:deepslate_gold_ore":1,"regions_unexplored:daisy":2,"supplementaries:urn":12,"minecraft:coarse_dirt":2,"minecraft:spruce_log":1120,"luminousworld:ishstone":4,"regions_unexplored:silver_birch_log":2,"minecraft:gravel":4,"minecraft:cobweb":25},"minecraft:broken":{"minecraft:diamond_helmet":2,"minecraft:iron_chestplate":1,"minecraft:diamond_boots":1,"minecraft:leather_boots":1}},"DataVersion":3465}