{"stats":{"minecraft:killed":{"hordes:zombie_player":1,"undead_revamp2:thesmoker":16,"zombiemobs:zombie_turtle":1,"minecraft:drowned":2,"undead_revamp2:thepregnant":2,"zombie_extreme:runner":9,"undead_revamp2:crackleball":9,"zombie_extreme:crawler":3,"minecraft:husk":16,"minecraft:zombie_villager":1,"undead_revamp2:the_moonflower":9,"undead_revamp2:theordure":2,"minecraft:zombie":90,"zombie_extreme:infected_police":3,"zombiemobs:zombie_goat":1},"minecraft:crafted":{"immersiveengineering:hammer":1,"minecraft:smooth_stone":3,"minecraft:leather_leggings":1,"minecraft:iron_nugget":9,"minecraft:furnace":2,"minecraft:blast_furnace":1,"minecraft:stone":3,"minecraft:iron_boots":1,"minecraft:leather":24,"immersiveengineering:armor_steel_head":4,"minecraft:chest":1,"quark:spruce_chest":2,"immersiveengineering:armor_steel_legs":1,"sophisticatedbackpacks:iron_backpack":1,"sophisticatedbackpacks:backpack":1,"minecraft:crafting_table":2,"minecraft:spruce_planks":24,"minecraft:iron_helmet":8,"minecraft:baked_potato":25,"immersiveengineering:armor_steel_feet":3,"minecraft:iron_sword":2,"minecraft:bowl":8,"minecraft:chainmail_chestplate":3,"minecraft:smithing_table":1,"immersiveengineering:cokebrick":6,"immersiveengineering:armor_steel_chest":1,"minecraft:campfire":1,"minecraft:air":1749,"apocalypsenow:letter_opener":2,"minecraft:white_wool":9,"minecraft:iron_chestplate":15,"minecraft:iron_ingot":18,"minecraft:iron_pickaxe":1,"minecraft:iron_leggings":4,"apocalypsenow:money":5,"minecraft:brick":30},"minecraft:dropped":{"apocalypsenow:human_flesh":1,"minecraft:iron_sword":1,"minecraft:dark_oak_stairs":2,"minecraft:glass_bottle":14,"minecraft:smooth_quartz_stairs":1,"tac:glock_17":1,"minecraft:iron_helmet":1,"apocalypsenow:police_leggings":1,"create:track":54,"minecraft:granite":3,"quark:gray_shard":2,"minecraft:spruce_stairs":1,"minecraft:cyan_terracotta":12,"minecraft:dirt":13,"firstaid:bandage":16,"minecraft:diorite":4,"minecraft:stone_button":1,"minecraft:torch":2,"minecraft:iron_door":2,"apocalypsenow:porpsi":1,"minecraft:iron_leggings":1,"minecraft:bone_meal":71,"minecraft:iron_axe":1,"tac:mp9":2,"minecraft:string":4,"quark:oak_leaf_carpet":3,"farmersdelight:shepherds_pie":1,"minecraft:gravel":2,"minecraft:kelp":3,"minecraft:coarse_dirt":6,"minecraft:stone_sword":1,"quark:framed_glass_pane":1,"apocalypsenow:small_can":6,"minecraft:bowl":4,"embellishcraft:gneiss_large_bricks_wall":2,"minecraft:iron_boots":1,"apocalypsenow:police_chestplate":1,"another_furniture:light_gray_curtain":1,"apocalypsenow:canned_pork":4,"minecraft:filled_map":1,"minecraft:leather_chestplate":1,"minecraft:potato":1,"immersiveengineering:slab_steel_scaffolding_standard":1,"immersiveengineering:manual":1,"minecraft:iron_chestplate":1,"minecraft:andesite":9,"minecraft:light_gray_bed":2,"create:limestone":1,"minecraft:oak_sapling":3,"createdeco:locked_cast_iron_door":2,"minecraft:stone_bricks":3,"minecraft:stone_pickaxe":1,"minecraft:wooden_pickaxe":1,"minecraft:calcite":2,"quark:smooth_quartz_vertical_slab":1,"immersiveengineering:seed":62,"immersiveengineering:hemp_fiber":5,"create:cut_calcite":1},"minecraft:used":{"embellishcraft:sturdy_steel_door":1,"minecraft:iron_bars":3,"minecraft:stone_sword":64,"minecraft:iron_shovel":62,"immersiveengineering:seed":5,"minecraft:spruce_planks":12,"minecraft:iron_sword":490,"farmersdelight:melon_juice":12,"minecraft:torch":101,"minecraft:carrot":1,"immersiveengineering:cokebrick":29,"minecraft:stone_brick_slab":1,"embellishcraft:smooth_marble":1,"farmersdelight:vegetable_soup":1,"minecraft:cyan_terracotta":7,"quark:spruce_chest":12,"minecraft:iron_axe":3,"carryon:entity_item":1,"minecraft:stone_bricks":28,"minecraft:item_frame":6,"carryon:tile_item":1,"minecraft:golden_carrot":1,"immersiveengineering:slab_steel_scaffolding_standard":1,"apocalypsenow:porpsi":6,"minecraft:furnace":1,"create:polished_cut_calcite_wall":2,"farmersdelight:shepherds_pie_block":3,"farmersdelight:hamburger":3,"farmersdelight:shepherds_pie":1,"minecraft:water_bucket":8,"apocalypsenow:energy_drink":2,"minecraft:stone_pickaxe":58,"minecraft:wooden_pickaxe":19,"immersiveengineering:concrete_quarter":1,"farmersdelight:chicken_sandwich":2,"minecraft:blast_furnace":2,"minecraft:crafting_table":13,"farmersdelight:cod_roll":1,"minecraft:campfire":2,"minecraft:spruce_log":5,"immersiveengineering:hammer":1,"create:track":5,"easy_villagers:villager":4,"sophisticatedbackpacks:backpack":1,"minecraft:iron_pickaxe":971,"minecraft:spruce_sapling":7,"minecraft:stone_axe":23,"pfm:dark_oak_green_simple_bed":5,"minecraft:cobblestone":170,"minecraft:potion":1,"chalk:blue_chalk":1,"minecraft:smithing_table":1,"minecraft:bucket":9,"minecraft:smooth_stone_slab":1,"quark:stone_brick_vertical_slab":3,"immersiveengineering:armor_steel_feet":1,"minecraft:bone_meal":160,"minecraft:smooth_stone":2},"minecraft:killed_by":{"minecraft:player":1},"minecraft:broken":{"minecraft:stone_axe":1,"minecraft:iron_pickaxe":2},"minecraft:picked_up":{"create:cut_calcite":1,"minecraft:crafting_table":1,"minecraft:coarse_dirt":6,"tac:glock_17":1,"minecraft:clay_ball":116,"minecraft:smithing_table":1,"minecraft:wooden_pickaxe":1,"apocalypsenow:u_sarmy_helmet":1,"embellishcraft:steel_wall_ladder":1,"minecraft:gold_block":6,"minecraft:potion":4,"quark:gunpowder_sack":4,"immersiveengineering:manual":1,"minecraft:string":234,"create:limestone":1,"minecraft:raw_copper":35,"minecraft:smooth_stone_slab":1,"quark:spruce_chest":2,"minecraft:smooth_stone":8,"apocalypsenow:construction_boots":1,"minecraft:spruce_planks":2,"minecraft:calcite":2,"embellishcraft:sturdy_steel_door":2,"minecraft:coal_block":2,"minecraft:smooth_quartz_stairs":1,"minecraft:stick":60,"minecraft:raw_iron":24,"minecraft:sandstone":28,"embellishcraft:smooth_marble":1,"minecraft:torch":8,"minecraft:bowl":4,"minecraft:spruce_stairs":1,"tac:mp9":2,"minecraft:stone_button":1,"minecraft:diorite":5,"minecraft:carrot":62,"quark:oak_leaf_carpet":3,"quark:smooth_quartz_vertical_slab":1,"immersiveengineering:steel_scaffolding_standard":16,"minecraft:light_gray_bed":2,"minecraft:rotten_flesh":128,"create:track":59,"minecraft:iron_block":13,"minecraft:cyan_terracotta":25,"minecraft:iron_bars":21,"apocalypsenow:money_block":14,"apocalypsenow:fire_figther_chestplate":1,"minecraft:white_wool":4,"minecraft:cobblestone":633,"tac:round45":10,"immersiveengineering:concrete_quarter":1,"minecraft:iron_door":4,"minecraft:andesite":12,"immersiveengineering:slab_steel_scaffolding_standard":10,"minecraft:leather":13,"minecraft:potato":5,"immersiveengineering:cokebrick":2,"minecraft:oak_log":4,"immersivepetroleum:asphalt":1,"apocalypsenow:construction_chestplate":1,"minecraft:lapis_lazuli":22,"farmersdelight:cod_roll":2,"another_furniture:light_gray_curtain":1,"minecraft:dirt":14,"farmersdelight:shepherds_pie_block":3,"embellishcraft:gneiss_large_bricks_wall":2,"immersiveengineering:hemp_fiber":374,"createdeco:locked_cast_iron_door":2,"minecraft:bone":150,"apocalypsenow:construction_leggings":1,"minecraft:stone_bricks":34,"minecraft:kelp":3,"apocalypsenow:human_flesh":2,"minecraft:raw_gold":14,"apocalypsenow:money":27,"minecraft:stone_pickaxe":1,"minecraft:glass_bottle":3,"create:polished_cut_calcite_wall":3,"tac:9mm_round":24,"apocalypsenow:police_helmet":1,"minecraft:iron_sword":1,"minecraft:dark_oak_stairs":3,"apocalypsenow:small_can":2,"minecraft:stone_brick_slab":1,"minecraft:gravel":2,"minecraft:sand":32,"immersiveengineering:raw_aluminum":4,"minecraft:stripped_spruce_log":4,"minecraft:spruce_sapling":59,"minecraft:blast_furnace":1,"quark:stone_brick_vertical_slab":3,"minecraft:spruce_log":364,"immersiveengineering:seed":107,"minecraft:diamond":1,"minecraft:granite":4,"quark:framed_glass_pane":1,"quark:gray_shard":4,"minecraft:oak_sapling":6,"apocalypsenow:construction_helmet":1,"pfm:dark_oak_green_simple_bed":5,"minecraft:coal":96},"minecraft:mined":{"quark:smooth_quartz_vertical_slab":1,"pfm:dark_oak_green_simple_bed":5,"minecraft:spruce_planks":1,"embellishcraft:sturdy_steel_door":2,"quark:oak_leaf_carpet":2,"minecraft:granite":4,"minecraft:grass_block":3,"create:polished_cut_calcite_wall":3,"quark:stone_brick_vertical_slab":3,"minecraft:coal_block":2,"minecraft:moss_block":8,"minecraft:sandstone":33,"minecraft:spawner":15,"create:cut_calcite":1,"minecraft:smooth_stone":8,"immersivepetroleum:asphalt":2,"minecraft:spruce_sapling":4,"immersiveengineering:hemp":128,"minecraft:iron_ore":24,"minecraft:andesite":12,"minecraft:stripped_spruce_log":4,"minecraft:gold_block":5,"minecraft:dark_oak_stairs":2,"minecraft:potatoes":1,"minecraft:iron_bars":26,"minecraft:smooth_quartz_stairs":2,"minecraft:iron_block":14,"minecraft:stone":565,"create:limestone":1,"minecraft:white_wool":4,"create:dark_oak_window_pane":2,"immersiveengineering:ore_aluminum":4,"minecraft:smithing_table":1,"minecraft:cyan_terracotta":27,"minecraft:kelp_plant":1,"minecraft:stone_brick_slab":1,"minecraft:clay":29,"createdeco:locked_cast_iron_door":1,"apocalypsenow:money_block":14,"create:track":60,"minecraft:crafting_table":1,"minecraft:torch":2,"minecraft:calcite":1,"minecraft:blast_furnace":1,"minecraft:gray_stained_glass":3,"quark:framed_glass_pane":1,"minecraft:copper_ore":10,"minecraft:stone_slab":1,"minecraft:tall_grass":1,"embellishcraft:gneiss_large_bricks_wall":1,"minecraft:cobblestone":7,"snowrealmagic:wall":1,"minecraft:lapis_ore":3,"minecraft:iron_door":2,"minecraft:diorite":3,"embellishcraft:steel_wall_ladder":1,"minecraft:coarse_dirt":6,"farmersdelight:shepherds_pie_block":2,"immersiveengineering:cokebrick":2,"minecraft:spruce_log":2,"immersiveengineering:slab_steel_scaffolding_standard":9,"quark:gunpowder_sack":4,"minecraft:smooth_stone_slab":1,"embellishcraft:smooth_marble":2,"minecraft:grass":6,"immersiveengineering:steel_scaffolding_standard":19,"create:vertical_framed_glass_pane":2,"minecraft:coal_ore":94,"minecraft:gravel":2,"minecraft:sand":30,"quark:spruce_chest":2,"another_furniture:light_gray_curtain":1,"minecraft:dirt":7,"minecraft:cobweb":36,"simplylight:illuminant_block":2,"minecraft:stone_bricks":38,"minecraft:gold_ore":14},"minecraft:custom":{"minecraft:interact_with_smithing_table":1,"lootr:looted_stat":35,"minecraft:mob_kills":190,"minecraft:interact_with_crafting_table":58,"minecraft:damage_dealt_resisted":52,"minecraft:leave_game":2,"minecraft:time_since_death":56050,"minecraft:climb_one_cm":14244,"minecraft:sprint_one_cm":333288,"minecraft:walk_one_cm":1174901,"minecraft:fridge_opened":15,"minecraft:drop":99,"minecraft:talked_to_villager":26,"minecraft:play_time":248403,"minecraft:sneak_time":13535,"minecraft:deaths":4,"minecraft:walk_under_water_one_cm":36239,"minecraft:jump":1592,"minecraft:walk_on_water_one_cm":21621,"minecraft:total_world_time":248403,"minecraft:interact_with_furnace":42,"minecraft:traded_with_villager":45,"minecraft:stove_opened":1,"minecraft:sleep_in_bed":10,"minecraft:time_since_rest":44043,"minecraft:damage_taken":2490,"minecraft:damage_dealt":21001,"minecraft:swim_one_cm":31796,"minecraft:freezer_opened":3,"minecraft:fly_one_cm":163993,"minecraft:crouch_one_cm":36366,"minecraft:open_chest":97,"minecraft:fall_one_cm":27505}},"DataVersion":2975}