{"stats":{"minecraft:killed":{"undead_revamp2:thesmoker":22,"zombiemobs:zombie_turtle":1,"undead_revamp2:thepregnant":3,"undead_revamp2:crackleball":9,"minecraft:zombie_villager":1,"undead_revamp2:theordure":2,"minecraft:zombie":196,"zombie_extreme:infected_police":3,"hordes:zombie_player":2,"minecraft:drowned":2,"zombie_extreme:runner":10,"zombie_extreme:crawler":3,"minecraft:husk":16,"undead_revamp2:the_moonflower":21,"zombiemobs:zombie_goat":1},"minecraft:dropped":{"minecraft:iron_sword":1,"minecraft:dark_oak_stairs":2,"minecraft:glass_bottle":20,"apocalypsenow:police_leggings":1,"create:track":54,"minecraft:cyan_terracotta":12,"minecraft:dirt":13,"firstaid:bandage":16,"minecraft:stone_button":1,"apocalypsenow:construction_leggings":1,"minecraft:bone_meal":71,"minecraft:gravel":2,"apocalypsenow:small_can":10,"embellishcraft:gneiss_large_bricks_wall":2,"minecraft:leather_chestplate":1,"immersiveengineering:slab_steel_scaffolding_standard":1,"immersiveengineering:manual":1,"create:limestone":1,"createdeco:locked_cast_iron_door":2,"apocalypsenow:canned_melon":3,"minecraft:iron_bars":1,"immersiveengineering:seed":63,"apocalypsenow:human_flesh":1,"minecraft:smooth_quartz_stairs":1,"tac:glock_17":1,"minecraft:iron_helmet":1,"minecraft:cobblestone":1,"minecraft:granite":3,"quark:gray_shard":2,"minecraft:spruce_stairs":1,"minecraft:diorite":4,"minecraft:torch":2,"apocalypsenow:porpsi":1,"minecraft:iron_door":3,"minecraft:iron_leggings":1,"minecraft:iron_axe":1,"tac:mp9":2,"minecraft:smooth_stone":1,"minecraft:string":4,"farmersdelight:shepherds_pie":1,"quark:oak_leaf_carpet":3,"minecraft:kelp":3,"minecraft:coarse_dirt":6,"minecraft:stone_sword":1,"quark:framed_glass_pane":1,"minecraft:bowl":4,"embellishcraft:smooth_marble":4,"apocalypsenow:police_chestplate":1,"minecraft:iron_boots":1,"another_furniture:light_gray_curtain":1,"apocalypsenow:canned_pork":4,"minecraft:filled_map":1,"minecraft:potato":1,"apocalypsenow:bayonet":1,"minecraft:iron_chestplate":1,"minecraft:andesite":9,"minecraft:light_gray_bed":2,"minecraft:oak_sapling":3,"minecraft:stone_bricks":3,"minecraft:stone_pickaxe":1,"minecraft:wooden_pickaxe":1,"minecraft:calcite":2,"quark:smooth_quartz_vertical_slab":1,"immersiveengineering:hemp_fiber":5,"create:cut_calcite":1,"apocalypsenow:open_canned_pork":2},"minecraft:crafted":{"minecraft:brick":30,"minecraft:smooth_stone":3,"immersiveengineering:hammer":1,"minecraft:stone":3,"minecraft:iron_boots":1,"minecraft:chest":1,"immersiveengineering:armor_steel_legs":1,"sophisticatedbackpacks:backpack":1,"minecraft:crafting_table":2,"minecraft:spruce_planks":24,"minecraft:baked_potato":25,"minecraft:iron_helmet":8,"minecraft:chainmail_chestplate":3,"minecraft:smithing_table":1,"immersiveengineering:cokebrick":6,"immersiveengineering:armor_steel_chest":1,"minecraft:campfire":1,"minecraft:iron_chestplate":15,"minecraft:stick":4,"minecraft:iron_ingot":18,"minecraft:iron_pickaxe":3,"tac:workbench":1,"minecraft:leather_leggings":1,"minecraft:iron_nugget":9,"minecraft:furnace":2,"minecraft:blast_furnace":1,"minecraft:leather":89,"immersiveengineering:armor_steel_head":4,"quark:spruce_chest":2,"apocalypsenow:fire_figther_leggings":1,"sophisticatedbackpacks:iron_backpack":1,"immersiveengineering:armor_steel_feet":3,"minecraft:iron_sword":2,"minecraft:bowl":8,"minecraft:deepslate_tiles":24,"minecraft:air":2345,"minecraft:blue_dye":3,"apocalypsenow:letter_opener":2,"minecraft:white_wool":9,"minecraft:iron_leggings":4,"apocalypsenow:money":5},"minecraft:used":{"embellishcraft:sturdy_steel_door":1,"minecraft:iron_shovel":98,"immersiveengineering:seed":5,"minecraft:iron_sword":847,"farmersdelight:melon_juice":12,"minecraft:carrot":1,"immersiveengineering:cokebrick":29,"embellishcraft:smooth_marble":3,"farmersdelight:vegetable_soup":1,"minecraft:cyan_terracotta":7,"minecraft:stone_bricks":28,"minecraft:item_frame":21,"carryon:tile_item":3,"minecraft:furnace":1,"create:polished_cut_calcite_wall":2,"apocalypsenow:bayonet":21,"farmersdelight:shepherds_pie_block":3,"farmersdelight:hamburger":3,"apocalypsenow:energy_drink":3,"minecraft:stone_pickaxe":58,"minecraft:wooden_pickaxe":19,"immersiveengineering:concrete_quarter":1,"farmersdelight:chicken_sandwich":2,"minecraft:blast_furnace":2,"farmersdelight:cod_roll":1,"minecraft:deepslate_tiles":18,"sophisticatedbackpacks:backpack":1,"easy_villagers:villager":4,"immersiveengineering:hammer":1,"pfm:dark_oak_green_simple_bed":5,"minecraft:smithing_table":1,"minecraft:smooth_stone_slab":1,"quark:stone_brick_vertical_slab":3,"immersiveengineering:armor_steel_feet":1,"minecraft:bone_meal":160,"minecraft:iron_bars":3,"minecraft:stone_sword":64,"minecraft:spruce_planks":12,"minecraft:torch":137,"immersiveengineering:creosote_bucket":1,"minecraft:stone_brick_slab":1,"quark:spruce_chest":39,"minecraft:iron_axe":3,"carryon:entity_item":1,"minecraft:golden_carrot":8,"immersiveengineering:slab_steel_scaffolding_standard":1,"apocalypsenow:porpsi":8,"minecraft:cobbled_deepslate":1,"farmersdelight:shepherds_pie":1,"tac:workbench":1,"minecraft:water_bucket":8,"minecraft:crafting_table":15,"minecraft:campfire":2,"minecraft:spruce_log":5,"create:track":5,"minecraft:iron_pickaxe":1418,"minecraft:spruce_sapling":7,"minecraft:stone_axe":25,"minecraft:cobblestone":230,"minecraft:potion":12,"apocalypsenow:peach_juice":2,"chalk:blue_chalk":1,"minecraft:bucket":10,"minecraft:smooth_stone":2},"minecraft:killed_by":{"minecraft:player":1},"minecraft:broken":{"minecraft:stone_axe":1,"minecraft:iron_sword":1,"minecraft:iron_pickaxe":4},"minecraft:picked_up":{"apocalypsenow:energy_drink":2,"minecraft:smithing_table":1,"embellishcraft:steel_wall_ladder":1,"minecraft:potion":4,"minecraft:string":356,"minecraft:raw_copper":35,"create:limestone":1,"minecraft:smooth_stone_slab":1,"minecraft:deepslate_tiles":3,"minecraft:cobbled_deepslate":30,"minecraft:smooth_stone":9,"minecraft:bucket":1,"minecraft:spruce_planks":3,"minecraft:calcite":2,"minecraft:iron_pickaxe":1,"minecraft:coal_block":2,"minecraft:smooth_quartz_stairs":1,"minecraft:stick":60,"embellishcraft:smooth_marble":7,"tac:m4":2,"minecraft:torch":67,"minecraft:spruce_stairs":1,"tac:mp9":2,"minecraft:diorite":5,"apocalypsenow:fire_figther_leggings":4,"quark:smooth_quartz_vertical_slab":1,"minecraft:light_gray_bed":2,"minecraft:rotten_flesh":223,"create:track":59,"minecraft:iron_block":31,"minecraft:cyan_terracotta":25,"minecraft:iron_bars":22,"minecraft:cobblestone":906,"apocalypsenow:money_block":14,"apocalypsenow:u_sarmy_boots":5,"immersiveengineering:armor_steel_feet":1,"tac:round45":20,"immersiveengineering:concrete_quarter":1,"minecraft:iron_door":7,"minecraft:andesite":13,"immersiveengineering:slab_steel_scaffolding_standard":10,"minecraft:potato":5,"minecraft:flint":6,"immersiveengineering:armor_steel_chest":1,"immersivepetroleum:asphalt":1,"artifacts:flame_pendant":1,"apocalypsenow:construction_chestplate":4,"farmersdelight:chicken_sandwich":2,"minecraft:dirt":14,"farmersdelight:cod_roll":2,"minecraft:lapis_lazuli":34,"farmersdelight:shepherds_pie_block":3,"cgm:grenade":2,"contenttweaker:research_paper_4":1,"immersiveengineering:hemp_fiber":374,"minecraft:bone":284,"farmersdelight:vegetable_soup":1,"nameless_trinkets:experience_magnet":1,"apocalypsenow:human_flesh":2,"minecraft:raw_gold":14,"tac:9mm_round":128,"create:polished_cut_calcite_wall":3,"apocalypsenow:police_helmet":1,"apocalypsenow:u_sarmy_chestplate":1,"apocalypsenow:small_can":3,"immersiveengineering:raw_aluminum":16,"minecraft:sand":32,"minecraft:stripped_spruce_log":4,"quark:stone_brick_vertical_slab":3,"apocalypsenow:bayonet":1,"minecraft:diamond":1,"minecraft:granite":7,"minecraft:oak_sapling":6,"pfm:dark_oak_green_simple_bed":5,"apocalypsenow:construction_helmet":1,"create:cut_calcite":1,"sophisticatedbackpacks:gold_backpack":1,"minecraft:coarse_dirt":6,"minecraft:crafting_table":1,"apocalypsenow:fire_figther_boots":1,"tac:glock_17":1,"minecraft:clay_ball":116,"minecraft:wooden_pickaxe":1,"minecraft:gold_block":14,"apocalypsenow:u_sarmy_helmet":2,"quark:gunpowder_sack":12,"immersiveengineering:manual":1,"minecraft:item_frame":1,"minecraft:iron_shovel":1,"quark:spruce_chest":3,"apocalypsenow:construction_boots":3,"embellishcraft:sturdy_steel_door":2,"minecraft:sandstone":28,"minecraft:raw_iron":36,"minecraft:bowl":4,"minecraft:stone_button":1,"minecraft:carrot":62,"minecraft:redstone":27,"tac:b_magnum":10,"quark:oak_leaf_carpet":3,"immersiveengineering:steel_scaffolding_standard":28,"firstaid:bandage":11,"apocalypsenow:fire_figther_chestplate":1,"minecraft:white_wool":4,"minecraft:golden_carrot":23,"minecraft:leather":13,"minecraft:oak_log":4,"another_furniture:light_gray_curtain":1,"embellishcraft:gneiss_large_bricks_wall":2,"apocalypsenow:u_sarmy_leggings":2,"createdeco:locked_cast_iron_door":2,"immersiveengineering:cokebrick":2,"apocalypsenow:construction_leggings":6,"minecraft:stone_bricks":34,"minecraft:kelp":3,"tac:nato_556_bullet":4,"minecraft:stone_pickaxe":1,"apocalypsenow:money":27,"apocalypsenow:fire_figther_helmet":1,"minecraft:glass_bottle":3,"minecraft:iron_sword":2,"minecraft:dark_oak_stairs":3,"minecraft:emerald_block":6,"minecraft:stone_brick_slab":1,"minecraft:gravel":34,"minecraft:spruce_sapling":59,"minecraft:blast_furnace":1,"minecraft:spruce_log":364,"immersiveengineering:armor_steel_head":1,"immersiveengineering:seed":108,"minecraft:stone_axe":1,"xpbook:xp_tome":1,"quark:framed_glass_pane":1,"immersiveengineering:armor_steel_legs":1,"quark:gray_shard":4,"minecraft:coal":135},"minecraft:mined":{"pfm:dark_oak_green_simple_bed":5,"minecraft:spruce_planks":2,"embellishcraft:sturdy_steel_door":2,"quark:oak_leaf_carpet":2,"minecraft:granite":7,"minecraft:grass_block":3,"create:polished_cut_calcite_wall":3,"minecraft:coal_block":2,"minecraft:spawner":24,"minecraft:smooth_stone":9,"minecraft:iron_ore":30,"minecraft:deepslate_lapis_ore":2,"minecraft:dark_oak_stairs":2,"minecraft:iron_bars":27,"minecraft:iron_block":23,"create:limestone":1,"create:dark_oak_window_pane":2,"minecraft:deepslate_redstone_ore":4,"minecraft:cyan_terracotta":32,"minecraft:kelp_plant":1,"createdeco:locked_cast_iron_door":1,"minecraft:clay":29,"apocalypsenow:money_block":14,"minecraft:torch":2,"minecraft:blast_furnace":1,"minecraft:calcite":1,"quark:framed_glass_pane":1,"embellishcraft:polished_marble":1,"minecraft:cobblestone":9,"minecraft:iron_door":4,"embellishcraft:steel_wall_ladder":1,"immersiveengineering:cokebrick":2,"immersiveengineering:slab_steel_scaffolding_standard":9,"quark:gunpowder_sack":8,"minecraft:smooth_stone_slab":1,"minecraft:grass":8,"create:vertical_framed_glass_pane":2,"another_furniture:light_gray_curtain":1,"minecraft:sand":30,"minecraft:dirt":7,"simplylight:illuminant_block":2,"minecraft:oak_leaves":2,"minecraft:deepslate":29,"minecraft:emerald_block":3,"minecraft:deepslate_tiles":3,"quark:smooth_quartz_vertical_slab":1,"quark:stone_brick_vertical_slab":3,"minecraft:moss_block":8,"minecraft:sandstone":33,"create:cut_calcite":1,"minecraft:redstone_ore":2,"immersivepetroleum:asphalt":2,"minecraft:spruce_sapling":4,"immersiveengineering:hemp":128,"minecraft:andesite":13,"minecraft:stripped_spruce_log":4,"minecraft:gold_block":9,"minecraft:potatoes":1,"minecraft:deepslate_iron_ore":6,"minecraft:smooth_quartz_stairs":2,"minecraft:stone":839,"minecraft:white_wool":4,"immersiveengineering:ore_aluminum":16,"minecraft:smithing_table":1,"minecraft:stone_brick_slab":1,"create:track":60,"minecraft:crafting_table":1,"minecraft:cyan_stained_glass_pane":1,"minecraft:gray_stained_glass":3,"minecraft:stone_slab":1,"embellishcraft:gneiss_large_bricks_wall":1,"minecraft:tall_grass":1,"minecraft:copper_ore":10,"snowrealmagic:wall":1,"minecraft:lapis_ore":3,"minecraft:diorite":3,"minecraft:coarse_dirt":6,"farmersdelight:shepherds_pie_block":2,"minecraft:spruce_log":2,"embellishcraft:smooth_marble":8,"immersiveengineering:steel_scaffolding_standard":31,"minecraft:coal_ore":133,"quark:spruce_chest":3,"minecraft:gravel":40,"minecraft:cobweb":36,"minecraft:stone_bricks":38,"minecraft:gold_ore":14},"minecraft:custom":{"lootr:looted_stat":49,"minecraft:interact_with_crafting_table":76,"minecraft:leave_game":2,"minecraft:time_since_death":35020,"minecraft:sprint_one_cm":454660,"minecraft:drop":117,"minecraft:talked_to_villager":26,"minecraft:play_time":332403,"minecraft:deaths":5,"minecraft:jump":2026,"minecraft:interact_with_brewingstand":1,"minecraft:walk_on_water_one_cm":21680,"minecraft:interact_with_furnace":49,"minecraft:traded_with_villager":45,"minecraft:stove_opened":1,"minecraft:sleep_in_bed":11,"minecraft:damage_dealt":36739,"minecraft:crouch_one_cm":50808,"minecraft:interact_with_smithing_table":1,"minecraft:mob_kills":321,"minecraft:damage_dealt_resisted":52,"minecraft:climb_one_cm":20890,"minecraft:walk_one_cm":1461526,"minecraft:fridge_opened":16,"minecraft:sneak_time":20396,"minecraft:walk_under_water_one_cm":36239,"minecraft:total_world_time":332403,"minecraft:time_since_rest":35044,"minecraft:damage_taken":2985,"minecraft:swim_one_cm":31796,"minecraft:fly_one_cm":196497,"minecraft:freezer_opened":3,"minecraft:open_chest":163,"minecraft:fall_one_cm":36758}},"DataVersion":2975}