{"stats":{"minecraft:dropped":{"minecraft:iron_sword":4,"minecraft:dark_oak_stairs":2,"minecraft:lapis_lazuli":17,"minecraft:glass_bottle":21,"apocalypsenow:police_leggings":1,"create:track":85,"xpbook:xp_tome":1,"minecraft:flint":12,"minecraft:cyan_terracotta":15,"minecraft:dirt":22,"firstaid:bandage":16,"rocks:cobblestone_splitter":1,"quark:light_gray_shard":9,"minecraft:stone_button":1,"apocalypsenow:construction_leggings":2,"minecraft:bone_meal":71,"apocalypsenow:can":4,"minecraft:bone":10,"minecraft:gravel":2,"biomesoplenty:toadstool":2,"immersiveengineering:armor_steel_legs":1,"apocalypsenow:small_can":17,"embellishcraft:gneiss_large_bricks_wall":2,"minecraft:rotten_flesh":8,"minecraft:chainmail_chestplate":1,"minecraft:leather_chestplate":1,"minecraft:gunpowder":6,"apocalypsenow:fire_figther_leggings":1,"immersiveengineering:slab_steel_scaffolding_standard":1,"immersiveengineering:manual":1,"artifacts:panic_necklace":1,"create:limestone":1,"createdeco:locked_cast_iron_door":2,"apocalypsenow:canned_melon":3,"minecraft:iron_bars":3,"immersiveengineering:creosote_bucket":1,"immersiveengineering:seed":63,"apocalypsenow:human_flesh":4,"minecraft:iron_ingot":1,"minecraft:smooth_quartz_stairs":1,"tac:glock_17":1,"minecraft:iron_helmet":1,"minecraft:cobblestone":1,"minecraft:granite":3,"quark:gray_shard":17,"minecraft:spruce_stairs":1,"minecraft:diorite":4,"minecraft:golden_carrot":17,"minecraft:torch":3,"apocalypsenow:porpsi":1,"minecraft:iron_door":3,"minecraft:iron_leggings":1,"minecraft:polished_andesite_stairs":1,"minecraft:iron_axe":1,"tac:mp9":2,"minecraft:smooth_stone":4,"minecraft:string":4,"quark:oak_leaf_carpet":3,"farmersdelight:shepherds_pie":1,"minecraft:kelp":3,"minecraft:coarse_dirt":6,"minecraft:stone_sword":1,"quark:framed_glass_pane":1,"minecraft:smooth_stone_slab":1,"minecraft:bowl":4,"embellishcraft:smooth_marble":11,"apocalypsenow:police_chestplate":1,"minecraft:light_gray_wool":1,"minecraft:iron_boots":1,"another_furniture:light_gray_curtain":1,"apocalypsenow:canned_pork":4,"minecraft:filled_map":1,"minecraft:potato":2,"apocalypsenow:bayonet":3,"minecraft:iron_chestplate":1,"minecraft:andesite":9,"minecraft:light_gray_bed":2,"minecraft:oak_sapling":3,"minecraft:stone_bricks":13,"minecraft:stone_pickaxe":1,"minecraft:wooden_pickaxe":1,"tac:9mm_round":30,"minecraft:calcite":2,"quark:smooth_quartz_vertical_slab":1,"immersiveengineering:hemp_fiber":5,"create:cut_calcite":1,"apocalypsenow:open_canned_pork":2},"minecraft:mined":{"pfm:dark_oak_green_simple_bed":5,"minecraft:spruce_planks":2,"embellishcraft:sturdy_steel_door":2,"quark:oak_leaf_carpet":2,"minecraft:granite":7,"minecraft:grass_block":5,"create:polished_cut_calcite_wall":3,"minecraft:coal_block":2,"minecraft:spawner":41,"minecraft:smooth_stone":9,"minecraft:iron_ore":30,"minecraft:fire":1,"minecraft:deepslate_lapis_ore":2,"minecraft:dark_oak_stairs":2,"minecraft:iron_bars":27,"minecraft:iron_block":23,"create:limestone":1,"create:dark_oak_window_pane":2,"minecraft:deepslate_redstone_ore":4,"minecraft:quartz_block":1,"minecraft:cyan_terracotta":33,"minecraft:kelp_plant":1,"createdeco:locked_cast_iron_door":1,"minecraft:clay":29,"apocalypsenow:money_block":14,"minecraft:torch":2,"minecraft:blast_furnace":1,"minecraft:calcite":1,"quark:framed_glass_pane":1,"embellishcraft:polished_marble":1,"minecraft:cobblestone":9,"minecraft:iron_door":5,"embellishcraft:steel_wall_ladder":1,"minecraft:light_gray_stained_glass":3,"immersiveengineering:cokebrick":2,"immersiveengineering:slab_steel_scaffolding_standard":9,"quark:gunpowder_sack":8,"minecraft:light_gray_wool":247,"minecraft:smooth_stone_slab":9,"minecraft:grass":8,"create:vertical_framed_glass_pane":7,"another_furniture:light_gray_curtain":1,"minecraft:sand":30,"minecraft:dirt":8,"minecraft:smooth_quartz":4,"simplylight:illuminant_block":2,"minecraft:oak_leaves":5,"minecraft:deepslate":29,"minecraft:emerald_block":3,"quark:smooth_quartz_vertical_slab":1,"minecraft:deepslate_tiles":3,"minecraft:gray_stained_glass_pane":1,"quark:stone_brick_vertical_slab":3,"minecraft:birch_slab":1,"minecraft:moss_block":8,"another_furniture:oak_chair":1,"minecraft:sandstone":33,"create:cut_calcite":1,"minecraft:black_stained_glass_pane":3,"minecraft:redstone_ore":2,"immersivepetroleum:asphalt":2,"minecraft:spruce_sapling":4,"immersiveengineering:hemp":128,"minecraft:andesite":13,"minecraft:stripped_spruce_log":4,"minecraft:gold_block":9,"minecraft:potatoes":1,"minecraft:deepslate_iron_ore":6,"minecraft:smooth_quartz_stairs":2,"minecraft:stone":839,"minecraft:white_wool":4,"immersiveengineering:ore_aluminum":16,"minecraft:smithing_table":1,"minecraft:stone_brick_slab":1,"create:track":60,"minecraft:crafting_table":1,"minecraft:cyan_stained_glass_pane":1,"minecraft:gray_stained_glass":4,"minecraft:stone_slab":1,"embellishcraft:gneiss_large_bricks_wall":1,"minecraft:tall_grass":1,"minecraft:copper_ore":10,"snowrealmagic:wall":1,"minecraft:lapis_ore":3,"minecraft:diorite":3,"minecraft:birch_planks":29,"minecraft:coarse_dirt":6,"farmersdelight:shepherds_pie_block":2,"minecraft:spruce_log":2,"embellishcraft:smooth_marble":14,"immersiveengineering:steel_scaffolding_standard":31,"minecraft:coal_ore":133,"quark:spruce_chest":3,"minecraft:gravel":40,"minecraft:cobweb":36,"minecraft:stone_bricks":67,"minecraft:gold_ore":14},"minecraft:picked_up":{"apocalypsenow:energy_drink":5,"tac:mk23":1,"minecraft:iron_chestplate":1,"minecraft:smithing_table":1,"embellishcraft:steel_wall_ladder":1,"minecraft:potion":28,"minecraft:string":486,"minecraft:raw_copper":35,"create:limestone":1,"minecraft:smooth_stone_slab":9,"minecraft:iron_leggings":1,"minecraft:deepslate_tiles":16,"minecraft:cobbled_deepslate":30,"minecraft:smooth_stone":9,"minecraft:bucket":1,"minecraft:spruce_planks":3,"minecraft:calcite":2,"minecraft:smooth_quartz":4,"minecraft:iron_pickaxe":5,"minecraft:coal_block":2,"minecraft:smooth_quartz_stairs":1,"minecraft:stick":63,"embellishcraft:smooth_marble":15,"tac:m4":2,"minecraft:torch":338,"minecraft:spruce_stairs":1,"securitycraft:camera_monitor":1,"tac:mp9":2,"minecraft:diorite":5,"apocalypsenow:fire_figther_leggings":5,"minecraft:quartz_block":2,"quark:smooth_quartz_vertical_slab":1,"minecraft:light_gray_bed":2,"minecraft:rotten_flesh":375,"create:track":59,"minecraft:iron_block":31,"minecraft:cyan_terracotta":28,"refinedstorage:1k_storage_part":1,"minecraft:iron_bars":24,"apocalypsenow:money_block":14,"minecraft:cobblestone":1036,"immersiveengineering:concrete_quarter":1,"apocalypsenow:u_sarmy_boots":5,"tac:round45":58,"immersiveengineering:armor_steel_feet":4,"apocalypsenow:peach_juice":4,"minecraft:iron_door":8,"minecraft:birch_slab":1,"minecraft:andesite":13,"immersiveengineering:slab_steel_scaffolding_standard":10,"minecraft:potato":7,"minecraft:flint":18,"immersiveengineering:armor_steel_chest":3,"immersivepetroleum:asphalt":9,"artifacts:flame_pendant":4,"apocalypsenow:construction_chestplate":4,"farmersdelight:cod_roll":2,"farmersdelight:chicken_sandwich":4,"minecraft:lapis_lazuli":34,"minecraft:dirt":23,"farmersdelight:shepherds_pie_block":3,"cgm:grenade":4,"contenttweaker:research_paper_4":2,"immersiveengineering:hemp_fiber":374,"minecraft:leather_boots":1,"minecraft:bone":480,"farmersdelight:vegetable_soup":1,"apocalypsenow:human_flesh":7,"nameless_trinkets:experience_magnet":3,"minecraft:raw_gold":14,"refinedstorage:advanced_processor":2,"create:polished_cut_calcite_wall":3,"tac:9mm_round":270,"apocalypsenow:police_helmet":1,"biomesoplenty:toadstool":2,"apocalypsenow:u_sarmy_chestplate":1,"immersiveengineering:creosote_bucket":2,"apocalypsenow:small_can":3,"minecraft:sand":32,"immersiveengineering:raw_aluminum":16,"minecraft:stripped_spruce_log":4,"quark:stone_brick_vertical_slab":3,"apocalypsenow:coke":4,"apocalypsenow:bayonet":4,"minecraft:diamond":1,"minecraft:granite":7,"apocalypsenow:black_bikers_helmet":1,"pfm:dark_oak_green_simple_bed":5,"minecraft:oak_sapling":6,"apocalypsenow:construction_helmet":1,"rocks:cobblestone_splitter":2,"create:cut_calcite":1,"sophisticatedbackpacks:gold_backpack":4,"minecraft:coarse_dirt":6,"minecraft:crafting_table":1,"tac:glock_17":4,"apocalypsenow:fire_figther_boots":1,"minecraft:clay_ball":116,"minecraft:wooden_pickaxe":1,"minecraft:gold_block":14,"apocalypsenow:u_sarmy_helmet":2,"another_furniture:oak_chair":1,"quark:gunpowder_sack":12,"immersiveengineering:manual":2,"minecraft:item_frame":1,"minecraft:iron_shovel":4,"quark:spruce_chest":3,"apocalypsenow:construction_boots":3,"apocalypsenow:can":4,"embellishcraft:sturdy_steel_door":2,"minecraft:light_gray_wool":238,"minecraft:quartz_stairs":1,"minecraft:raw_iron":36,"minecraft:sandstone":28,"minecraft:bowl":4,"minecraft:stone_button":1,"minecraft:carrot":62,"minecraft:redstone":27,"tac:b_magnum":43,"quark:oak_leaf_carpet":3,"immersiveengineering:steel_scaffolding_standard":28,"minecraft:gold_ingot":14,"firstaid:bandage":18,"apocalypsenow:fire_figther_chestplate":1,"minecraft:white_wool":4,"minecraft:oxeye_daisy":1,"minecraft:golden_carrot":85,"minecraft:leather":13,"minecraft:birch_planks":29,"minecraft:oak_log":4,"minecraft:chainmail_chestplate":1,"artifacts:cloud_in_a_bottle":1,"another_furniture:light_gray_curtain":1,"embellishcraft:gneiss_large_bricks_wall":2,"apocalypsenow:u_sarmy_leggings":2,"createdeco:locked_cast_iron_door":2,"immersiveengineering:cokebrick":2,"apocalypsenow:construction_leggings":8,"minecraft:stone_bricks":91,"minecraft:kelp":3,"minecraft:iron_ingot":16,"tac:nato_556_bullet":4,"apocalypsenow:money":46,"minecraft:stone_pickaxe":1,"apocalypsenow:fire_figther_helmet":1,"minecraft:glass_bottle":3,"minecraft:iron_sword":7,"tac:ae50":25,"minecraft:dark_oak_stairs":3,"quark:light_gray_shard":18,"minecraft:polished_andesite_stairs":1,"embellishcraft:oak_plain_door":2,"minecraft:emerald_block":6,"minecraft:stone_brick_slab":1,"minecraft:gravel":34,"minecraft:birch_stairs":1,"minecraft:spruce_sapling":59,"minecraft:blast_furnace":1,"minecraft:spruce_log":364,"immersiveengineering:armor_steel_head":4,"immersiveengineering:seed":108,"xpbook:xp_tome":5,"minecraft:stone_axe":3,"quark:framed_glass_pane":1,"naturescompass:naturescompass":1,"immersiveengineering:armor_steel_legs":4,"quark:gray_shard":40,"minecraft:coal":213},"minecraft:crafted":{"minecraft:brick":30,"minecraft:smooth_stone":3,"immersiveengineering:hammer":1,"minecraft:stone":11,"minecraft:iron_boots":1,"apocalypsenow:log_with_stone":1,"minecraft:chest":2,"immersiveengineering:armor_steel_legs":2,"sophisticatedbackpacks:backpack":1,"minecraft:crafting_table":2,"minecraft:spruce_planks":24,"minecraft:baked_potato":25,"minecraft:iron_helmet":8,"minecraft:chainmail_chestplate":3,"minecraft:smithing_table":1,"immersiveengineering:cokebrick":6,"immersiveengineering:armor_steel_chest":1,"minecraft:campfire":1,"minecraft:iron_chestplate":15,"minecraft:stick":4,"minecraft:iron_ingot":18,"minecraft:iron_pickaxe":5,"minecraft:shears":1,"tac:workbench":1,"minecraft:leather_leggings":1,"minecraft:iron_nugget":9,"minecraft:furnace":2,"minecraft:blast_furnace":1,"minecraft:leather":89,"immersiveengineering:armor_steel_head":4,"quark:spruce_chest":2,"apocalypsenow:fire_figther_leggings":1,"sophisticatedbackpacks:iron_backpack":2,"immersiveengineering:armor_steel_feet":3,"minecraft:iron_sword":3,"minecraft:bowl":8,"minecraft:deepslate_tiles":24,"minecraft:air":2784,"minecraft:blue_dye":3,"apocalypsenow:letter_opener":2,"minecraft:white_wool":9,"apocalypsenow:knife_spear":1,"minecraft:iron_leggings":4,"apocalypsenow:money":5},"minecraft:killed":{"undead_revamp2:thesmoker":24,"zombiemobs:zombie_turtle":1,"undead_revamp2:thepregnant":3,"undead_revamp2:crackleball":9,"minecraft:zombie_villager":2,"undead_revamp2:theordure":2,"minecraft:zombie":346,"zombie_extreme:infected_police":5,"hordes:zombie_player":6,"minecraft:drowned":2,"zombie_extreme:runner":12,"zombie_extreme:crawler":6,"minecraft:husk":46,"undead_revamp2:the_moonflower":29,"zombiemobs:zombie_goat":1},"minecraft:broken":{"minecraft:shears":1,"minecraft:stone_axe":1,"minecraft:iron_sword":5,"minecraft:iron_pickaxe":4},"minecraft:custom":{"lootr:looted_stat":60,"minecraft:interact_with_crafting_table":95,"minecraft:leave_game":4,"minecraft:time_since_death":2620,"minecraft:sprint_one_cm":814013,"minecraft:drop":196,"minecraft:talked_to_villager":31,"minecraft:play_time":497769,"minecraft:deaths":21,"minecraft:jump":3076,"minecraft:interact_with_brewingstand":1,"minecraft:walk_on_water_one_cm":28100,"minecraft:enchant_item":4,"minecraft:interact_with_furnace":59,"minecraft:traded_with_villager":46,"minecraft:stove_opened":3,"minecraft:sleep_in_bed":14,"minecraft:damage_dealt":97570,"minecraft:crouch_one_cm":104879,"minecraft:interact_with_smithing_table":1,"minecraft:mob_kills":546,"minecraft:damage_dealt_resisted":548,"minecraft:climb_one_cm":43612,"minecraft:walk_one_cm":2212148,"minecraft:fridge_opened":19,"minecraft:sneak_time":52307,"minecraft:walk_under_water_one_cm":38295,"minecraft:drawer_searched":3,"minecraft:total_world_time":497769,"minecraft:time_since_rest":2650,"minecraft:cabinet_searched":2,"minecraft:damage_taken":9551,"minecraft:swim_one_cm":32953,"minecraft:freezer_opened":3,"minecraft:fly_one_cm":321760,"minecraft:open_chest":279,"minecraft:fall_one_cm":81587},"minecraft:used":{"embellishcraft:sturdy_steel_door":1,"minecraft:iron_shovel":98,"immersiveengineering:seed":5,"minecraft:iron_sword":2358,"minecraft:quartz_stairs":1,"farmersdelight:melon_juice":12,"apocalypsenow:apple_juice":3,"minecraft:carrot":1,"immersiveengineering:cokebrick":29,"immersivepetroleum:asphalt":3,"embellishcraft:smooth_marble":3,"farmersdelight:vegetable_soup":1,"minecraft:cyan_terracotta":7,"minecraft:stone_bricks":70,"minecraft:item_frame":21,"carryon:tile_item":3,"minecraft:furnace":1,"create:polished_cut_calcite_wall":2,"apocalypsenow:bayonet":104,"farmersdelight:shepherds_pie_block":3,"farmersdelight:hamburger":3,"apocalypsenow:energy_drink":6,"minecraft:stone_pickaxe":58,"minecraft:wooden_pickaxe":19,"another_furniture:oak_chair":1,"immersiveengineering:concrete_quarter":1,"farmersdelight:chicken_sandwich":7,"minecraft:blast_furnace":2,"farmersdelight:cod_roll":1,"apocalypsenow:coke":5,"minecraft:shears":238,"minecraft:deepslate_tiles":18,"immersiveengineering:hammer":1,"sophisticatedbackpacks:backpack":1,"easy_villagers:villager":6,"pfm:dark_oak_green_simple_bed":5,"apocalypsenow:knife_spear":74,"minecraft:smithing_table":1,"minecraft:smooth_stone_slab":4,"quark:stone_brick_vertical_slab":3,"immersiveengineering:armor_steel_feet":1,"minecraft:bone_meal":160,"minecraft:iron_bars":3,"minecraft:stone_sword":64,"minecraft:flint_and_steel":1,"minecraft:spruce_planks":15,"minecraft:torch":175,"immersiveengineering:creosote_bucket":2,"minecraft:stone_brick_slab":1,"minecraft:wooden_axe":13,"quark:spruce_chest":39,"minecraft:iron_axe":3,"carryon:entity_item":1,"minecraft:light_gray_wool":6,"minecraft:golden_carrot":15,"immersiveengineering:slab_steel_scaffolding_standard":1,"apocalypsenow:porpsi":8,"minecraft:cobbled_deepslate":1,"farmersdelight:shepherds_pie":2,"tac:workbench":1,"minecraft:water_bucket":10,"minecraft:birch_planks":6,"minecraft:crafting_table":19,"minecraft:campfire":2,"minecraft:spruce_log":5,"create:track":5,"minecraft:iron_pickaxe":1490,"cgm:grenade":2,"minecraft:spruce_sapling":7,"minecraft:stone_axe":25,"minecraft:potion":19,"minecraft:cobblestone":244,"chalk:blue_chalk":1,"apocalypsenow:peach_juice":4,"minecraft:bucket":15,"minecraft:smooth_stone":2},"minecraft:killed_by":{"undead_revamp2:the_moonflower":1,"zombie_extreme:runner":2,"minecraft:zombie":4,"undead_revamp2:thesmoker":1,"minecraft:husk":1,"minecraft:player":1,"zombiemobs:zombie_dolphin":1,"zombie_extreme:infected_police":1,"zombiemobs:zombie_squid":1,"zombiemobs:zombie_turtle":1}},"DataVersion":2975}