{"stats":{"minecraft:dropped":{"minecraft:stone_sword":1,"minecraft:raw_copper":32,"minecraft:mossy_cobblestone":1,"weaponmaster:tutorialbook":5,"minecraft:granite":1,"minecraft:copper_ingot":4,"patchouli:guide_book":2,"justhammers:stone_hammer":1,"luminousworld:groundpebbles_1":3,"minecraft:wooden_pickaxe":1},"minecraft:custom":{"minecraft:interact_with_smithing_table":1,"minecraft:interact_with_furnace":35,"minecraft:mob_kills":25,"minecraft:interact_with_crafting_table":23,"minecraft:open_barrel":3,"minecraft:damage_dealt_resisted":0,"minecraft:leave_game":3,"minecraft:time_since_death":10694,"minecraft:time_since_rest":9837,"minecraft:sprint_one_cm":105167,"minecraft:damage_absorbed":568,"minecraft:damage_taken":555,"minecraft:walk_one_cm":586596,"minecraft:drop":16,"minecraft:damage_dealt":4195,"minecraft:damage_dealt_absorbed":20,"minecraft:swim_one_cm":43704,"minecraft:talked_to_villager":4,"minecraft:fly_one_cm":85423,"minecraft:open_chest":7,"minecraft:crouch_one_cm":612,"minecraft:play_time":54939,"tombstone:undead_killed":12,"minecraft:deaths":2,"minecraft:sneak_time":1156,"minecraft:walk_under_water_one_cm":13488,"minecraft:jump":425,"minecraft:walk_on_water_one_cm":33228,"minecraft:total_world_time":54939,"minecraft:fall_one_cm":5501},"minecraft:crafted":{"minecraft:crafting_table":1,"minecraft:spruce_planks":60,"minecraft:wooden_pickaxe":1,"minecraft:smithing_table":1,"minecraft:furnace":2,"minecraft:copper_ingot":36,"minecraft:stone":9,"epicfight:stone_greatsword":1,"minecraft:stone_axe":1,"iceandfire:armor_copper_metal_boots":1,"minecraft:air":0,"iceandfire:armor_copper_metal_helmet":1,"justhammers:iron_hammer":1,"minecraft:charcoal":1,"justhammers:stone_hammer":3,"minecraft:stick":20,"minecraft:iron_ingot":5,"iceandfire:armor_copper_metal_chestplate":1,"minecraft:stone_sword":1,"quark:spruce_chest":2,"minecraft:torch":12},"minecraft:picked_up":{"luminousworld:groundpebbles_1":3,"minecraft:iron_chestplate":1,"minecraft:wheat":55,"minecraft:leather_leggings":1,"swem:star_worm":8,"luminousworld:ishstone":20,"minecraft:leather":7,"minecraft:wooden_pickaxe":1,"minecraft:enchanted_book":1,"create:raw_zinc":9,"minecraft:string":1,"minecraft:raw_copper":71,"minecraft:bone":2,"minecraft:leather_boots":1,"minecraft:item_frame":2,"minecraft:iron_shovel":1,"minecraft:experience_bottle":1,"minecraft:apple":1,"minecraft:wheat_seeds":64,"biomancy:mob_sinew":1,"minecraft:beef":1,"weaponmaster:tutorialbook":3,"aquaculture:smallmouth_bass":3,"minecraft:stick":1,"minecraft:raw_iron":5,"apotheosis:gem":1,"patchouli:guide_book":1,"minecraft:torch":1,"epicfight:skillbook":2,"minecraft:porkchop":3,"minecraft:spruce_sapling":2,"minecraft:spruce_log":15,"minecraft:mossy_cobblestone":1,"minecraft:arrow":3,"minecraft:rotten_flesh":10,"aquaculture:brown_trout":1,"regions_unexplored:silver_birch_log":2,"minecraft:granite":1,"minecraft:emerald":1,"supplementaries:ash":2,"minecraft:coal":24,"minecraft:cobblestone":601},"minecraft:killed":{"minecraft:pig":1,"minecraft:spider":2,"aquaculture:smallmouth_bass":3,"enemyexpansion:direwolf":1,"minecraft:horse":2,"minecraft:skeleton":2,"minecraft:zombie":8,"aquaculture:brown_trout":1,"minecraft:drowned":2,"minecraft:cow":2},"minecraft:broken":{"minecraft:leather_boots":1},"minecraft:mined":{"luminousworld:groundpebbles_1":2,"minecraft:grass_block":1,"swem:star_worm_cobble":2,"minecraft:spruce_leaves":6,"regions_unexplored:stone_bud":4,"regions_unexplored:mossy_stone":1,"minecraft:spruce_log":15,"regions_unexplored:silver_birch_log":2,"regions_unexplored:medium_grass":1,"minecraft:stone":13},"minecraft:used":{"epicfight:skillbook":2,"minecraft:stone_sword":47,"aquaculture:brown_trout":1,"minecraft:wooden_pickaxe":18,"minecraft:rotten_flesh":10,"minecraft:torch":9,"minecraft:crafting_table":1,"justhammers:iron_hammer":4,"iceandfire:armor_copper_metal_chestplate":1,"minecraft:apple":1,"quark:spruce_chest":2,"justhammers:stone_hammer":79,"epicfight:stone_greatsword":50,"minecraft:cobblestone":7,"iceandfire:armor_copper_metal_helmet":1,"minecraft:furnace":2,"minecraft:smithing_table":1,"aquaculture:smallmouth_bass":3,"tombstone:gift":1}},"DataVersion":3465}