{"stats":{"minecraft:killed":{"undead_revamp2:thesmoker":22,"zombiemobs:zombie_turtle":1,"undead_revamp2:thepregnant":3,"undead_revamp2:crackleball":9,"minecraft:zombie_villager":1,"undead_revamp2:theordure":2,"minecraft:zombie":142,"zombie_extreme:infected_police":3,"hordes:zombie_player":1,"minecraft:drowned":2,"zombie_extreme:runner":10,"zombie_extreme:crawler":3,"minecraft:husk":16,"undead_revamp2:the_moonflower":19,"zombiemobs:zombie_goat":1},"minecraft:dropped":{"minecraft:iron_sword":1,"minecraft:dark_oak_stairs":2,"minecraft:glass_bottle":18,"apocalypsenow:police_leggings":1,"create:track":54,"minecraft:cyan_terracotta":12,"minecraft:dirt":13,"firstaid:bandage":16,"minecraft:stone_button":1,"minecraft:bone_meal":71,"minecraft:gravel":2,"apocalypsenow:small_can":8,"embellishcraft:gneiss_large_bricks_wall":2,"minecraft:leather_chestplate":1,"immersiveengineering:slab_steel_scaffolding_standard":1,"immersiveengineering:manual":1,"create:limestone":1,"createdeco:locked_cast_iron_door":2,"immersiveengineering:seed":62,"apocalypsenow:human_flesh":1,"minecraft:smooth_quartz_stairs":1,"tac:glock_17":1,"minecraft:iron_helmet":1,"minecraft:cobblestone":1,"minecraft:granite":3,"quark:gray_shard":2,"minecraft:spruce_stairs":1,"minecraft:diorite":4,"minecraft:torch":2,"apocalypsenow:porpsi":1,"minecraft:iron_door":2,"minecraft:iron_leggings":1,"minecraft:iron_axe":1,"tac:mp9":2,"minecraft:string":4,"farmersdelight:shepherds_pie":1,"quark:oak_leaf_carpet":3,"minecraft:kelp":3,"minecraft:coarse_dirt":6,"minecraft:stone_sword":1,"quark:framed_glass_pane":1,"minecraft:bowl":4,"apocalypsenow:police_chestplate":1,"minecraft:iron_boots":1,"another_furniture:light_gray_curtain":1,"apocalypsenow:canned_pork":4,"minecraft:filled_map":1,"minecraft:potato":1,"minecraft:iron_chestplate":1,"minecraft:andesite":9,"minecraft:light_gray_bed":2,"minecraft:oak_sapling":3,"minecraft:stone_bricks":3,"minecraft:stone_pickaxe":1,"minecraft:wooden_pickaxe":1,"minecraft:calcite":2,"quark:smooth_quartz_vertical_slab":1,"immersiveengineering:hemp_fiber":5,"create:cut_calcite":1},"minecraft:crafted":{"minecraft:brick":30,"minecraft:smooth_stone":3,"immersiveengineering:hammer":1,"minecraft:stone":3,"minecraft:iron_boots":1,"minecraft:chest":1,"immersiveengineering:armor_steel_legs":1,"sophisticatedbackpacks:backpack":1,"minecraft:crafting_table":2,"minecraft:spruce_planks":24,"minecraft:baked_potato":25,"minecraft:iron_helmet":8,"minecraft:chainmail_chestplate":3,"minecraft:smithing_table":1,"immersiveengineering:cokebrick":6,"immersiveengineering:armor_steel_chest":1,"minecraft:campfire":1,"minecraft:iron_chestplate":15,"minecraft:stick":4,"minecraft:iron_ingot":18,"minecraft:iron_pickaxe":1,"minecraft:leather_leggings":1,"minecraft:iron_nugget":9,"minecraft:furnace":2,"minecraft:blast_furnace":1,"minecraft:leather":26,"immersiveengineering:armor_steel_head":4,"quark:spruce_chest":2,"sophisticatedbackpacks:iron_backpack":1,"immersiveengineering:armor_steel_feet":3,"minecraft:iron_sword":2,"minecraft:bowl":8,"minecraft:air":1864,"apocalypsenow:letter_opener":2,"minecraft:white_wool":9,"minecraft:iron_leggings":4,"apocalypsenow:money":5},"minecraft:used":{"embellishcraft:sturdy_steel_door":1,"minecraft:iron_shovel":62,"immersiveengineering:seed":5,"minecraft:iron_sword":708,"farmersdelight:melon_juice":12,"minecraft:carrot":1,"immersiveengineering:cokebrick":29,"embellishcraft:smooth_marble":1,"farmersdelight:vegetable_soup":1,"minecraft:cyan_terracotta":7,"minecraft:stone_bricks":28,"minecraft:item_frame":6,"carryon:tile_item":1,"minecraft:furnace":1,"create:polished_cut_calcite_wall":2,"farmersdelight:shepherds_pie_block":3,"farmersdelight:hamburger":3,"apocalypsenow:energy_drink":2,"minecraft:stone_pickaxe":58,"minecraft:wooden_pickaxe":19,"immersiveengineering:concrete_quarter":1,"farmersdelight:chicken_sandwich":2,"minecraft:blast_furnace":2,"farmersdelight:cod_roll":1,"sophisticatedbackpacks:backpack":1,"easy_villagers:villager":4,"immersiveengineering:hammer":1,"pfm:dark_oak_green_simple_bed":5,"minecraft:smithing_table":1,"minecraft:smooth_stone_slab":1,"quark:stone_brick_vertical_slab":3,"immersiveengineering:armor_steel_feet":1,"minecraft:bone_meal":160,"minecraft:iron_bars":3,"minecraft:stone_sword":64,"minecraft:spruce_planks":12,"minecraft:torch":116,"immersiveengineering:creosote_bucket":1,"minecraft:stone_brick_slab":1,"quark:spruce_chest":14,"minecraft:iron_axe":3,"carryon:entity_item":1,"minecraft:golden_carrot":4,"immersiveengineering:slab_steel_scaffolding_standard":1,"apocalypsenow:porpsi":8,"farmersdelight:shepherds_pie":1,"minecraft:water_bucket":8,"minecraft:crafting_table":14,"minecraft:campfire":2,"minecraft:spruce_log":5,"create:track":5,"minecraft:iron_pickaxe":1091,"minecraft:spruce_sapling":7,"minecraft:stone_axe":24,"minecraft:cobblestone":226,"minecraft:potion":5,"chalk:blue_chalk":1,"minecraft:bucket":10,"minecraft:smooth_stone":2},"minecraft:killed_by":{"minecraft:player":1},"minecraft:broken":{"minecraft:stone_axe":1,"minecraft:iron_pickaxe":3},"minecraft:picked_up":{"minecraft:smithing_table":1,"embellishcraft:steel_wall_ladder":1,"minecraft:potion":4,"minecraft:string":308,"minecraft:raw_copper":35,"create:limestone":1,"minecraft:smooth_stone_slab":1,"minecraft:cobbled_deepslate":5,"minecraft:smooth_stone":8,"minecraft:spruce_planks":3,"minecraft:calcite":2,"minecraft:coal_block":2,"minecraft:smooth_quartz_stairs":1,"minecraft:stick":60,"embellishcraft:smooth_marble":3,"minecraft:torch":8,"minecraft:spruce_stairs":1,"tac:mp9":2,"minecraft:diorite":5,"quark:smooth_quartz_vertical_slab":1,"minecraft:light_gray_bed":2,"minecraft:rotten_flesh":164,"create:track":59,"minecraft:iron_block":13,"minecraft:cyan_terracotta":25,"minecraft:iron_bars":21,"minecraft:cobblestone":703,"apocalypsenow:money_block":14,"apocalypsenow:u_sarmy_boots":1,"tac:round45":13,"immersiveengineering:concrete_quarter":1,"minecraft:iron_door":4,"minecraft:andesite":13,"immersiveengineering:slab_steel_scaffolding_standard":10,"minecraft:potato":5,"immersivepetroleum:asphalt":1,"apocalypsenow:construction_chestplate":2,"minecraft:dirt":14,"farmersdelight:cod_roll":2,"minecraft:lapis_lazuli":34,"farmersdelight:shepherds_pie_block":3,"immersiveengineering:hemp_fiber":374,"minecraft:bone":210,"apocalypsenow:human_flesh":2,"minecraft:raw_gold":14,"tac:9mm_round":24,"create:polished_cut_calcite_wall":3,"apocalypsenow:police_helmet":1,"apocalypsenow:small_can":2,"immersiveengineering:raw_aluminum":4,"minecraft:sand":32,"minecraft:stripped_spruce_log":4,"quark:stone_brick_vertical_slab":3,"minecraft:diamond":1,"minecraft:granite":7,"minecraft:oak_sapling":6,"pfm:dark_oak_green_simple_bed":5,"apocalypsenow:construction_helmet":1,"create:cut_calcite":1,"minecraft:coarse_dirt":6,"minecraft:crafting_table":1,"tac:glock_17":1,"minecraft:clay_ball":116,"minecraft:wooden_pickaxe":1,"minecraft:gold_block":6,"apocalypsenow:u_sarmy_helmet":1,"quark:gunpowder_sack":4,"immersiveengineering:manual":1,"quark:spruce_chest":2,"apocalypsenow:construction_boots":2,"embellishcraft:sturdy_steel_door":2,"minecraft:sandstone":28,"minecraft:raw_iron":36,"minecraft:bowl":4,"minecraft:stone_button":1,"minecraft:carrot":62,"minecraft:redstone":27,"quark:oak_leaf_carpet":3,"immersiveengineering:steel_scaffolding_standard":28,"apocalypsenow:fire_figther_chestplate":1,"minecraft:white_wool":4,"minecraft:leather":13,"minecraft:oak_log":4,"another_furniture:light_gray_curtain":1,"embellishcraft:gneiss_large_bricks_wall":2,"createdeco:locked_cast_iron_door":2,"immersiveengineering:cokebrick":2,"apocalypsenow:construction_leggings":2,"minecraft:stone_bricks":34,"minecraft:kelp":3,"minecraft:stone_pickaxe":1,"apocalypsenow:money":27,"minecraft:glass_bottle":3,"minecraft:iron_sword":1,"minecraft:dark_oak_stairs":3,"minecraft:stone_brick_slab":1,"minecraft:gravel":2,"minecraft:spruce_sapling":59,"minecraft:blast_furnace":1,"minecraft:spruce_log":364,"immersiveengineering:seed":108,"quark:framed_glass_pane":1,"quark:gray_shard":4,"minecraft:coal":96},"minecraft:mined":{"pfm:dark_oak_green_simple_bed":5,"minecraft:spruce_planks":2,"embellishcraft:sturdy_steel_door":2,"quark:oak_leaf_carpet":2,"minecraft:granite":7,"minecraft:grass_block":3,"create:polished_cut_calcite_wall":3,"minecraft:coal_block":2,"minecraft:spawner":17,"minecraft:smooth_stone":8,"minecraft:iron_ore":30,"minecraft:deepslate_lapis_ore":2,"minecraft:dark_oak_stairs":2,"minecraft:iron_bars":26,"minecraft:iron_block":14,"create:limestone":1,"create:dark_oak_window_pane":2,"minecraft:deepslate_redstone_ore":4,"minecraft:cyan_terracotta":27,"minecraft:kelp_plant":1,"createdeco:locked_cast_iron_door":1,"minecraft:clay":29,"apocalypsenow:money_block":14,"minecraft:torch":2,"minecraft:blast_furnace":1,"minecraft:calcite":1,"quark:framed_glass_pane":1,"minecraft:cobblestone":9,"minecraft:iron_door":2,"embellishcraft:steel_wall_ladder":1,"immersiveengineering:cokebrick":2,"immersiveengineering:slab_steel_scaffolding_standard":9,"quark:gunpowder_sack":4,"minecraft:smooth_stone_slab":1,"minecraft:grass":8,"create:vertical_framed_glass_pane":2,"another_furniture:light_gray_curtain":1,"minecraft:sand":30,"minecraft:dirt":7,"simplylight:illuminant_block":2,"minecraft:oak_leaves":1,"minecraft:deepslate":5,"quark:smooth_quartz_vertical_slab":1,"quark:stone_brick_vertical_slab":3,"minecraft:moss_block":8,"minecraft:sandstone":33,"create:cut_calcite":1,"minecraft:redstone_ore":2,"immersivepetroleum:asphalt":2,"minecraft:spruce_sapling":4,"immersiveengineering:hemp":128,"minecraft:andesite":13,"minecraft:stripped_spruce_log":4,"minecraft:gold_block":5,"minecraft:potatoes":1,"minecraft:deepslate_iron_ore":6,"minecraft:smooth_quartz_stairs":2,"minecraft:stone":634,"minecraft:white_wool":4,"immersiveengineering:ore_aluminum":4,"minecraft:smithing_table":1,"minecraft:stone_brick_slab":1,"create:track":60,"minecraft:crafting_table":1,"minecraft:cyan_stained_glass_pane":1,"minecraft:gray_stained_glass":3,"minecraft:stone_slab":1,"embellishcraft:gneiss_large_bricks_wall":1,"minecraft:tall_grass":1,"minecraft:copper_ore":10,"snowrealmagic:wall":1,"minecraft:lapis_ore":3,"minecraft:diorite":3,"minecraft:coarse_dirt":6,"farmersdelight:shepherds_pie_block":2,"minecraft:spruce_log":2,"embellishcraft:smooth_marble":4,"immersiveengineering:steel_scaffolding_standard":31,"minecraft:coal_ore":94,"quark:spruce_chest":2,"minecraft:gravel":2,"minecraft:cobweb":36,"minecraft:stone_bricks":38,"minecraft:gold_ore":14},"minecraft:custom":{"lootr:looted_stat":44,"minecraft:interact_with_crafting_table":63,"minecraft:leave_game":2,"minecraft:time_since_death":92050,"minecraft:sprint_one_cm":398289,"minecraft:drop":103,"minecraft:talked_to_villager":26,"minecraft:play_time":284403,"minecraft:deaths":4,"minecraft:jump":1867,"minecraft:walk_on_water_one_cm":21680,"minecraft:interact_with_furnace":46,"minecraft:traded_with_villager":45,"minecraft:stove_opened":1,"minecraft:sleep_in_bed":11,"minecraft:damage_dealt":31296,"minecraft:crouch_one_cm":41040,"minecraft:interact_with_smithing_table":1,"minecraft:mob_kills":260,"minecraft:damage_dealt_resisted":52,"minecraft:climb_one_cm":14584,"minecraft:walk_one_cm":1305729,"minecraft:fridge_opened":16,"minecraft:sneak_time":16734,"minecraft:walk_under_water_one_cm":36239,"minecraft:total_world_time":284403,"minecraft:time_since_rest":16031,"minecraft:damage_taken":2639,"minecraft:swim_one_cm":31796,"minecraft:fly_one_cm":180418,"minecraft:freezer_opened":3,"minecraft:open_chest":122,"minecraft:fall_one_cm":31878}},"DataVersion":2975}