{"stats":{"minecraft:picked_up":{"luminousworld:groundpebbles_1":3,"minecraft:crafting_table":1,"minecraft:iron_chestplate":1,"minecraft:wheat":55,"minecraft:leather_leggings":1,"minecraft:wooden_pickaxe":1,"iceandfire:armor_copper_metal_chestplate":2,"minecraft:enchanted_book":1,"minecraft:string":2,"minecraft:raw_copper":151,"minecraft:item_frame":2,"minecraft:iron_shovel":1,"minecraft:experience_bottle":1,"minecraft:cobbled_deepslate":2712,"minecraft:beef":1,"minecraft:raw_iron":119,"minecraft:stick":3,"apotheosis:gem":2,"magistuarmory:rustedbarbute":1,"minecraft:torch":9,"epicfight:skillbook":5,"minecraft:porkchop":3,"magistuarmory:rustedkettlehat":2,"tombstone:grave_dust":8,"minecraft:redstone":87,"regions_unexplored:daisy":1,"minecraft:arrow":9,"minecraft:rotten_flesh":38,"aquaculture:brown_trout":1,"supplementaries:antique_ink":2,"supplementaries:ash":22,"minecraft:cobblestone":4301,"swem:timothy_seeds":1,"magistuarmory:rustedhalfarmor_chestplate":1,"luminousworld:ishstone":254,"swem:star_worm":21,"minecraft:leather":7,"minecraft:potato":153,"paraglider:spirit_orb":4,"minecraft:tuff":78,"create:raw_zinc":62,"minecraft:gunpowder":11,"iceandfire:armor_copper_metal_helmet":1,"minecraft:lapis_lazuli":32,"minecraft:dirt":23,"pandora:pandora_necklace":1,"minecraft:leather_boots":1,"minecraft:bone":21,"minecraft:apple":1,"minecraft:wheat_seeds":64,"biomancy:mob_sinew":1,"minecraft:raw_gold":30,"weaponmaster:tutorialbook":3,"tombstone:bag_of_seeds":1,"wom:diamond_legbottomseal":1,"minecraft:oak_planks":2,"aquaculture:smallmouth_bass":3,"patchouli:guide_book":1,"swem:cantazarite":49,"justhammers:iron_hammer":1,"minecraft:spruce_sapling":17,"minecraft:spruce_log":454,"magistuarmory:rustedchainmail_leggings":1,"minecraft:spider_eye":3,"minecraft:mossy_cobblestone":1,"minecraft:bundle":1,"regions_unexplored:hyssop":4,"minecraft:diamond":2,"magistuarmory:rusted_bastardsword":1,"regions_unexplored:silver_birch_log":2,"minecraft:granite":1,"minecraft:emerald":6,"tombstone:magic_scroll":1,"minecraft:coal":178,"iceandfire:raw_silver":18},"minecraft:mined":{"luminousworld:groundpebbles_1":2,"iceandfire:silver_ore":2,"minecraft:grass_block":1,"regions_unexplored:maple_leaves":1,"minecraft:spruce_leaves":22,"minecraft:spawner":2,"regions_unexplored:stone_bud":4,"minecraft:iron_ore":4,"regions_unexplored:mossy_stone":1,"minecraft:vine":1,"regions_unexplored:medium_grass":1,"minecraft:stone":27,"regions_unexplored:felicia_daisy":1,"minecraft:crafting_table":1,"minecraft:torch":1,"minecraft:emerald_ore":1,"swem:star_worm_cobble":2,"minecraft:cobblestone":1,"minecraft:deepslate_gold_ore":1,"supplementaries:urn":7,"minecraft:spruce_log":454,"minecraft:tnt":1,"luminousworld:ishstone":4,"regions_unexplored:silver_birch_log":2,"minecraft:dirt":9,"minecraft:deepslate":7},"minecraft:custom":{"minecraft:interact_with_smithing_table":1,"minecraft:mob_kills":88,"minecraft:interact_with_crafting_table":47,"minecraft:open_barrel":4,"minecraft:damage_dealt_resisted":297,"minecraft:leave_game":4,"minecraft:time_since_death":16981,"minecraft:climb_one_cm":420,"minecraft:sprint_one_cm":312140,"minecraft:walk_one_cm":1728298,"minecraft:drop":59,"minecraft:damage_dealt_absorbed":20,"minecraft:talked_to_villager":25,"minecraft:play_time":205197,"minecraft:deaths":6,"minecraft:sneak_time":6719,"minecraft:walk_under_water_one_cm":19927,"minecraft:jump":1328,"minecraft:interact_with_blast_furnace":7,"minecraft:walk_on_water_one_cm":48042,"minecraft:total_world_time":205197,"minecraft:interact_with_furnace":98,"minecraft:traded_with_villager":108,"minecraft:interact_with_loom":1,"minecraft:interact_with_stonecutter":1,"minecraft:sleep_in_bed":2,"minecraft:time_since_rest":16546,"minecraft:damage_taken":2408,"minecraft:damage_absorbed":3410,"minecraft:trigger_trapped_chest":5,"minecraft:damage_dealt":17111,"minecraft:swim_one_cm":46795,"minecraft:fly_one_cm":216572,"minecraft:open_chest":30,"minecraft:crouch_one_cm":43886,"tombstone:undead_killed":49,"minecraft:fall_one_cm":19628},"minecraft:broken":{"minecraft:iron_chestplate":1,"minecraft:leather_boots":1},"minecraft:killed":{"minecraft:spider":5,"quark:toretoise":1,"aquaculture:smallmouth_bass":3,"enemyexpansion:direwolf":2,"enemyexpansion:goblin_fear":2,"minecraft:horse":2,"minecraft:skeleton":3,"enemyexpansion:faller":3,"minecraft:silverfish":1,"aquaculture:brown_trout":1,"minecraft:drowned":2,"enemyexpansion:vampflyer":1,"minecraft:pig":1,"enemyexpansion:troll":1,"enemyexpansion:sprinter":2,"minecraft:creeper":1,"enemyexpansion:crawler":1,"minecraft:zombie":36,"enemyexpansion:vampire":1,"enemyexpansion:huntsman":4,"enemyexpansion:botfly":6,"minecraft:enderman":1,"minecraft:cow":2},"minecraft:used":{"minecraft:stone_sword":47,"aquaculture:brown_trout":1,"minecraft:rotten_flesh":10,"minecraft:torch":115,"minecraft:dirt":9,"farmersdelight:rope":1,"epicfight:iron_greatsword":15,"quark:deepslate_furnace":2,"quark:spruce_chest":2,"minecraft:iron_axe":397,"epicfight:stone_greatsword":187,"minecraft:item_frame":2,"minecraft:furnace":7,"iceandfire:armor_copper_metal_helmet":3,"tombstone:gift":3,"minecraft:cooked_beef":1,"minecraft:potato":3,"minecraft:water_bucket":3,"epicfight:skillbook":2,"minecraft:baked_potato":18,"minecraft:wooden_pickaxe":18,"minecraft:chainmail_helmet":1,"minecraft:diamond_axe":1,"minecraft:crafting_table":4,"justhammers:iron_hammer":614,"minecraft:apple":1,"iceandfire:armor_copper_metal_chestplate":1,"minecraft:bread":5,"tombstone:grave_key":1,"minecraft:spruce_sapling":16,"justhammers:stone_hammer":336,"minecraft:stone_axe":53,"minecraft:cobblestone":7,"minecraft:smithing_table":1,"aquaculture:smallmouth_bass":3,"minecraft:bucket":6,"minecraft:bone_meal":6,"minecraft:experience_bottle":1},"minecraft:crafted":{"minecraft:furnace":7,"minecraft:stone":18,"minecraft:bone_meal":6,"quark:deepslate_furnace":2,"iceandfire:armor_copper_metal_helmet":1,"iceandfire:armor_copper_metal_boots":1,"minecraft:diamond_helmet":1,"minecraft:diamond_leggings":1,"sophisticatedbackpacks:copper_backpack":1,"minecraft:iron_axe":1,"epicfight:iron_greatsword":1,"iceandfire:armor_copper_metal_chestplate":1,"minecraft:diamond_boots":1,"quark:spruce_chest":3,"sophisticatedbackpacks:iron_backpack":1,"minecraft:cooked_beef":1,"swem:cantazarite_dye":37,"sophisticatedbackpacks:backpack":1,"minecraft:emerald":103,"iceandfire:silver_ingot":16,"minecraft:diamond_axe":1,"minecraft:crafting_table":3,"minecraft:spruce_planks":1816,"minecraft:wooden_pickaxe":1,"minecraft:baked_potato":153,"minecraft:smithing_table":1,"minecraft:copper_ingot":113,"sophisticatedbackpacks:gold_backpack":1,"epicfight:stone_greatsword":2,"minecraft:stone_axe":1,"minecraft:air":0,"justhammers:iron_hammer":8,"minecraft:charcoal":1,"justhammers:stone_hammer":6,"minecraft:stick":3400,"minecraft:iron_ingot":114,"minecraft:stone_sword":1,"minecraft:gold_ingot":24,"minecraft:torch":204},"minecraft:dropped":{"magistuarmory:rustedkettlehat":2,"minecraft:wheat_seeds":64,"wom:diamond_legbottomseal":1,"minecraft:mossy_cobblestone":1,"weaponmaster:tutorialbook":8,"iceandfire:armor_copper_metal_chestplate":3,"minecraft:granite":1,"minecraft:copper_ingot":4,"regions_unexplored:daisy":1,"minecraft:stick":1,"minecraft:dirt":14,"biomancy:mob_sinew":1,"magistuarmory:rusted_bastardsword":1,"iceandfire:armor_copper_metal_boots":1,"tombstone:grave_dust":2,"swem:star_worm":16,"epicfight:stone_greatsword":2,"minecraft:iron_axe":1,"magistuarmory:rustedbarbute":1,"magistuarmory:rustedchainmail_leggings":1,"minecraft:stone_axe":1,"minecraft:stone_sword":1,"minecraft:raw_copper":32,"minecraft:tuff":2,"regions_unexplored:hyssop":6,"iceandfire:armor_copper_metal_helmet":1,"pandora:pandora_necklace":1,"justhammers:iron_hammer":6,"patchouli:guide_book":2,"justhammers:stone_hammer":6,"swem:timothy_seeds":1,"luminousworld:groundpebbles_1":3,"minecraft:wooden_pickaxe":2}},"DataVersion":3465}