{"stats":{"minecraft:killed":{"hordes:zombie_player":2,"undead_revamp2:thesmoker":14,"undead_revamp2:bomber":1,"undead_revamp2:thepregnant":1,"zombie_extreme:runner":3,"zombie_extreme:crawler":3,"minecraft:husk":8,"undead_revamp2:the_moonflower":4,"undead_revamp2:theordure":1,"minecraft:zombie":241,"zombie_extreme:infected_police":6,"alexsmobs:fly":1},"minecraft:crafted":{"minecraft:stone":16,"apocalypsenow:butterfly_knife":1,"minecraft:leather":24,"minecraft:air":173,"minecraft:string":2,"minecraft:white_wool":4,"minecraft:stick":4,"minecraft:wooden_axe":1},"minecraft:dropped":{"minecraft:dark_oak_stairs":1,"minecraft:glass_bottle":1,"quark:paper_wall":1,"quark:gray_shard":9,"minecraft:cyan_terracotta":13,"quark:light_gray_shard":4,"chalk:red_chalk":1,"minecraft:torch":1,"embellishcraft:smooth_basalt":4,"minecraft:nether_wart_block":1,"minecraft:smooth_stone":7,"quark:black_shard":14,"apocalypsenow:u_sarmy_chestplate":1,"minecraft:sugar_cane":1,"embellishcraft:smooth_slate":1,"minecraft:bowl":3,"embellishcraft:smooth_marble":2,"farmersdelight:cabbage":2,"quark:jasper_vertical_slab":2,"apocalypsenow:money":1,"minecraft:flower_pot":1,"minecraft:heavy_weighted_pressure_plate":1,"apocalypsenow:red_bikers_helmet":1,"quark:stone_brick_vertical_slab":3,"minecraft:iron_bars":2,"quark:smooth_quartz_vertical_slab":1,"another_furniture:spruce_drawer":12},"minecraft:used":{"minecraft:moss_block":1,"apocalypsenow:butterfly_knife":297,"minecraft:iron_bars":1,"minecraft:spruce_planks":47,"farmersdelight:cabbage":1,"quark:iron_ladder":2,"create:cut_calcite":3,"farmersdelight:melon_juice":3,"minecraft:torch":73,"cfm:cyan_kitchen_counter":3,"minecraft:dirt":11,"artifacts:umbrella":5,"farmersdelight:fish_stew":1,"apocalypsenow:orange_juice":1,"minecraft:snowball":1,"minecraft:dark_oak_planks":3,"embellishcraft:smooth_marble":14,"minecraft:wooden_axe":58,"apocalypsenow:knife":141,"minecraft:stone_brick_slab":1,"minecraft:cyan_terracotta":4,"farmersdelight:vegetable_soup":5,"farmersdelight:fried_rice":2,"cfm:gray_kitchen_counter":1,"apocalypsenow:hookey_stick":39,"minecraft:stone_bricks":5,"immersiveengineering:concrete":6,"apocalypsenow:porpsi":5,"minecraft:furnace":4,"apocalypsenow:night_stick":9,"farmersdelight:beef_stew":2,"farmersdelight:potato_crate":1,"embellishcraft:spruce_wooden_crate":1,"farmersdelight:chicken_soup":2,"minecraft:dark_oak_stairs":7,"minecraft:birch_planks":4,"minecraft:glass_bottle":9,"minecraft:stone_pickaxe":126,"pfm:basic_sink":1,"minecraft:wooden_pickaxe":86,"minecraft:crafting_table":4,"embellishcraft:smooth_marble_slab":3,"quark:paper_wall":2,"embellishcraft:smooth_marble_stairs":1,"farmersdelight:apple_cider":3,"minecraft:bread":3,"quark:oak_hedge":1,"minecraft:iron_pickaxe":20,"minecraft:iron_door":3,"minecraft:stone_axe":14,"embellishcraft:smooth_basalt":3,"apocalypsenow:knife_spear":108,"pfm:dark_oak_green_simple_bed":5,"apocalypsenow:dagger":507,"minecraft:cobblestone":7,"minecraft:potion":16,"chalk:blue_chalk":10,"minecraft:andesite":8,"minecraft:smooth_stone_slab":1,"farmersdelight:fruit_salad":1,"minecraft:coarse_dirt":3,"quark:smooth_stone_vertical_slab":1,"embellishcraft:polished_marble":2,"minecraft:gray_stained_glass":4},"minecraft:killed_by":{"zombie_extreme:runner":1,"zombie_extreme:demolisher":1,"minecraft:zombie":1},"minecraft:broken":{"apocalypsenow:knife_spear":1,"minecraft:wooden_pickaxe":1,"minecraft:stone_pickaxe":1,"minecraft:stone_axe":1},"minecraft:picked_up":{"create:cut_calcite":3,"apocalypsenow:apple_juice":1,"minecraft:coarse_dirt":3,"minecraft:crafting_table":2,"minecraft:flower_pot":1,"create:mechanical_crafter":2,"artifacts:umbrella":1,"createaddition:accumulator":1,"create:rotation_speed_controller":1,"minecraft:potion":6,"apocalypsenow:u_sarmy_helmet":1,"refinedstorage:controller":1,"minecraft:heavy_weighted_pressure_plate":1,"minecraft:string":204,"minecraft:smooth_stone_slab":1,"pipez:energy_pipe":5,"refinedstorage:crafting_grid":1,"embellishcraft:smooth_marble_slab":3,"create:chute":3,"apocalypsenow:knife":1,"embellishcraft:smooth_basalt":7,"create:mechanical_press":1,"farmersdelight:fried_rice":1,"minecraft:smooth_stone":13,"apocalypsenow:construction_boots":5,"minecraft:spruce_planks":16,"farmersdelight:cod_slice":6,"minecraft:iron_pickaxe":1,"minecraft:light_gray_wool":2,"quark:black_shard":14,"refinedstorage:16k_storage_part":2,"minecraft:sugar_cane":1,"minecraft:furnace":3,"minecraft:egg":13,"minecraft:stick":20,"quark:jasper_vertical_slab":3,"cfm:cyan_kitchen_counter":3,"farmersdelight:potato_crate":1,"embellishcraft:smooth_slate":1,"embellishcraft:smooth_marble":28,"farmersdelight:minced_beef":7,"minecraft:torch":73,"minecraft:bowl":4,"securitycraft:camera_monitor":1,"sophisticatedbackpacks:backpack":2,"tac:mp9":2,"create:hand_crank":2,"farmersdelight:chicken_cuts":4,"minecraft:carrot":4,"immersiveengineering:concrete":6,"minecraft:dark_oak_planks":5,"create:deployer":1,"minecraft:quartz_block":3,"quark:smooth_quartz_vertical_slab":1,"apocalypsenow:porpsi":10,"minecraft:rotten_flesh":224,"apocalypsenow:whisky":4,"cfm:gray_kitchen_counter":1,"minecraft:cyan_terracotta":18,"create:depot":2,"minecraft:gold_ingot":1,"apocalypsenow:police_boots":1,"minecraft:iron_bars":4,"minecraft:white_wool":21,"minecraft:cobblestone":42,"apocalypsenow:blue_football_armor_leggings":2,"apocalypsenow:u_sarmy_boots":2,"tac:round45":26,"apocalypsenow:peach_juice":1,"minecraft:iron_door":3,"apocalypsenow:coffee":2,"minecraft:andesite":8,"biomesoplenty:fir_sapling":29,"biomesoplenty:fir_log":214,"minecraft:potato":1,"apocalypsenow:orange_juice":2,"minecraft:birch_planks":1,"farmersdelight:bacon":13,"create:raw_zinc":7,"apocalypsenow:cereal":16,"quark:iron_ladder":2,"embellishcraft:polished_marble":2,"contenttweaker:rubber":1,"minecraft:nether_wart_block":1,"artifacts:cloud_in_a_bottle":1,"apocalypsenow:construction_chestplate":5,"minecraft:paper":20,"minecraft:stripped_birch_log":12,"minecraft:dirt":11,"apocalypsenow:u_sarmy_leggings":5,"minecraft:bone":242,"apocalypsenow:construction_leggings":2,"minecraft:stone_bricks":5,"minecraft:wheat_seeds":1,"embellishcraft:spruce_wooden_crate":1,"farmersdelight:apple_cider":6,"apocalypsenow:money":13,"farmersdelight:fruit_salad":4,"minecraft:iron_ingot":4,"apocalypsenow:red_bikers_helmet":1,"minecraft:stone_pickaxe":2,"refinedstorage:cable":7,"minecraft:glass_bottle":8,"tac:9mm_round":57,"minecraft:moss_block":2,"quark:light_gray_shard":4,"minecraft:dark_oak_stairs":8,"apocalypsenow:grape_juice":11,"biomesoplenty:toadstool":1,"firstaid:plaster":2,"apocalypsenow:u_sarmy_chestplate":2,"quark:smooth_stone_vertical_slab":1,"chalk:red_chalk":1,"minecraft:stone_brick_slab":1,"minecraft:gravel":1,"embellishcraft:smooth_marble_stairs":1,"apocalypsenow:chips":10,"another_furniture:spruce_drawer":24,"immersiveengineering:raw_aluminum":4,"apocalypsenow:vodka":3,"minecraft:spruce_sapling":2,"quark:stone_brick_vertical_slab":3,"minecraft:spruce_log":12,"apocalypsenow:dagger":3,"apocalypsenow:royal_canada_police_officer_helmet":2,"apocalypsenow:coke":6,"pfm:basic_sink":1,"minecraft:diamond":2,"xpbook:xp_tome":2,"minecraft:stone_axe":2,"quark:paper_wall":3,"quark:oak_hedge":1,"apocalypsenow:blue_football_armor_chestplate":2,"alexsmobs:maggot":2,"quark:gray_shard":43,"apocalypsenow:construction_helmet":7,"pfm:dark_oak_green_simple_bed":5,"create:stressometer":1},"minecraft:custom":{"lootr:looted_stat":32,"minecraft:mob_kills":293,"minecraft:interact_with_crafting_table":28,"minecraft:open_barrel":3,"minecraft:leave_game":1,"minecraft:time_since_death":24190,"minecraft:climb_one_cm":51146,"minecraft:sprint_one_cm":136972,"minecraft:walk_one_cm":537743,"minecraft:damage_blocked_by_shield":45,"minecraft:fridge_opened":3,"minecraft:drop":35,"minecraft:damage_dealt_absorbed":120,"minecraft:talked_to_villager":3,"minecraft:play_time":173329,"minecraft:deaths":3,"minecraft:sneak_time":28643,"minecraft:walk_under_water_one_cm":1952,"minecraft:jump":1472,"minecraft:walk_on_water_one_cm":4064,"minecraft:total_world_time":173329,"minecraft:interact_with_furnace":15,"minecraft:toilet_used":2,"minecraft:stove_opened":2,"minecraft:trashcan_opened":2,"minecraft:sleep_in_bed":3,"minecraft:time_since_rest":8531,"minecraft:damage_taken":2875,"minecraft:damage_dealt":33606,"minecraft:freezer_opened":2,"minecraft:fly_one_cm":126596,"minecraft:crouch_one_cm":73622,"minecraft:fall_one_cm":28641},"minecraft:mined":{"create:zinc_ore":8,"quark:smooth_quartz_vertical_slab":1,"pfm:dark_oak_green_simple_bed":5,"minecraft:spruce_planks":17,"minecraft:stripped_birch_log":12,"embellishcraft:spruce_wooden_crate":1,"minecraft:gray_stained_glass_pane":4,"minecraft:grass_block":7,"minecraft:light_gray_bed":1,"create:depot":2,"quark:stone_brick_vertical_slab":1,"embellishcraft:smooth_marble_slab":3,"minecraft:spruce_leaves":12,"minecraft:moss_block":2,"create:rotation_speed_controller":1,"quark:jasper_vertical_slab":1,"minecraft:spawner":36,"create:cut_calcite":4,"embellishcraft:smooth_basalt":7,"minecraft:smooth_stone":6,"minecraft:black_stained_glass_pane":7,"quark:potted_sugar_cane":1,"minecraft:furnace":3,"minecraft:heavy_weighted_pressure_plate":1,"another_furniture:spruce_drawer":12,"minecraft:andesite":8,"minecraft:dark_oak_stairs":8,"minecraft:iron_bars":4,"create:chute":3,"create:deployer":1,"minecraft:stone":43,"create:mechanical_press":1,"minecraft:white_wool":9,"immersiveengineering:ore_aluminum":4,"create:dark_oak_window_pane":9,"quark:smooth_stone_vertical_slab":1,"minecraft:quartz_block":3,"minecraft:cyan_terracotta":18,"pfm:basic_sink":1,"embellishcraft:smooth_slate":1,"minecraft:stone_brick_slab":1,"farmersdelight:potato_crate":1,"minecraft:crafting_table":2,"minecraft:torch":7,"minecraft:gray_stained_glass":9,"embellishcraft:polished_marble":2,"minecraft:iron_door":3,"minecraft:wall_torch":11,"immersiveengineering:concrete":6,"minecraft:birch_planks":1,"minecraft:black_stained_glass":2,"minecraft:coarse_dirt":3,"minecraft:dark_oak_slab":1,"minecraft:nether_wart_block":1,"minecraft:light_gray_stained_glass":1,"quark:paper_wall":3,"minecraft:spruce_log":12,"minecraft:light_gray_wool":1,"minecraft:smooth_stone_slab":1,"embellishcraft:smooth_marble":28,"snowrealmagic:stairs":1,"createaddition:accumulator":1,"cfm:gray_kitchen_counter":1,"quark:oak_hedge":1,"minecraft:gravel":1,"create:mechanical_crafter":2,"create:stressometer":1,"minecraft:dirt":4,"minecraft:stone_bricks":5,"cfm:cyan_kitchen_counter":3,"minecraft:dark_oak_planks":8,"quark:iron_ladder":2}},"DataVersion":2975}