{"stats":{"minecraft:killed":{"undead_revamp2:thesmoker":21,"undead_revamp2:thepregnant":1,"undead_revamp2:theordure":2,"minecraft:zombie":383,"zombie_extreme:infected_police":10,"alexsmobs:fly":1,"hordes:zombie_player":4,"undead_revamp2:bomber":1,"zombie_extreme:runner":12,"zombie_extreme:crawler":3,"minecraft:husk":14,"undead_revamp2:the_moonflower":5},"minecraft:crafted":{"minecraft:stone":28,"immersiveengineering:stick_steel":2,"farmersdelight:bacon_sandwich":6,"immersiveengineering:ingot_steel":8,"minecraft:string":2,"minecraft:stick":4,"minecraft:iron_ingot":9,"immersiveengineering:stick_treated":4,"immersiveengineering:pickaxe_steel":1,"apocalypsenow:butterfly_knife":1,"minecraft:leather":24,"sophisticatedbackpacks:iron_backpack":1,"sophisticatedbackpacks:gold_backpack":1,"minecraft:air":212,"minecraft:white_wool":4,"minecraft:wooden_axe":1},"minecraft:dropped":{"minecraft:dark_oak_stairs":1,"minecraft:glass_bottle":1,"apocalypsenow:police_leggings":1,"minecraft:cyan_terracotta":19,"quark:light_gray_shard":4,"apocalypsenow:construction_boots":1,"embellishcraft:smooth_basalt":6,"apocalypsenow:construction_helmet":1,"quark:black_shard":14,"minecraft:sugar_cane":1,"farmersdelight:cabbage":2,"apocalypsenow:money":1,"minecraft:heavy_weighted_pressure_plate":1,"apocalypsenow:red_bikers_helmet":1,"minecraft:iron_bars":5,"another_furniture:spruce_drawer":12,"quark:paper_wall":1,"quark:gray_shard":9,"minecraft:iron_trapdoor":1,"chalk:red_chalk":1,"minecraft:torch":3,"minecraft:nether_wart_block":1,"minecraft:smooth_stone":7,"apocalypsenow:u_sarmy_chestplate":1,"embellishcraft:smooth_slate":2,"minecraft:bowl":3,"embellishcraft:smooth_marble":7,"quark:jasper_vertical_slab":2,"minecraft:flower_pot":1,"quark:stone_brick_vertical_slab":3,"minecraft:stone_bricks":1,"tac:9mm_round":5,"quark:smooth_quartz_vertical_slab":1},"minecraft:used":{"minecraft:moss_block":1,"embellishcraft:sturdy_steel_door":1,"cfm:gray_picket_fence":3,"farmersdelight:cabbage":1,"quark:iron_ladder":2,"farmersdelight:melon_juice":3,"cfm:cyan_kitchen_counter":5,"artifacts:umbrella":5,"farmersdelight:fish_stew":1,"apocalypsenow:safe":1,"minecraft:snowball":1,"embellishcraft:smooth_marble":17,"farmersdelight:vegetable_soup":5,"minecraft:cyan_terracotta":7,"farmersdelight:fried_rice":5,"apocalypsenow:beer":1,"minecraft:quartz_block":1,"apocalypsenow:hookey_stick":48,"farmersdelight:bacon_sandwich":1,"embellishcraft:vent_air_duct":1,"minecraft:stone_bricks":5,"immersiveengineering:concrete":30,"minecraft:furnace":4,"farmersdelight:salmon_roll":6,"farmersdelight:beef_stew":2,"farmersdelight:chicken_soup":2,"embellishcraft:spruce_wooden_crate":1,"minecraft:dark_oak_stairs":7,"minecraft:stone_pickaxe":126,"minecraft:wooden_pickaxe":86,"farmersdelight:cod_roll":4,"apocalypsenow:coke":1,"quark:paper_wall":2,"minecraft:bread":3,"minecraft:iron_door":7,"embellishcraft:smooth_basalt":3,"pfm:dark_oak_green_simple_bed":6,"apocalypsenow:knife_spear":292,"apocalypsenow:dagger":741,"immersiveengineering:axe_steel":4,"minecraft:andesite":8,"minecraft:smooth_stone_slab":1,"minecraft:coarse_dirt":3,"embellishcraft:polished_marble":2,"minecraft:gray_stained_glass":4,"farmersdelight:kelp_roll_slice":6,"apocalypsenow:butterfly_knife":297,"minecraft:iron_bars":1,"minecraft:spruce_planks":47,"create:cut_calcite":15,"minecraft:torch":145,"minecraft:dirt":11,"apocalypsenow:orange_juice":1,"apocalypsenow:knife":268,"minecraft:stone_brick_slab":1,"minecraft:wooden_axe":58,"minecraft:dark_oak_planks":3,"cfm:gray_kitchen_counter":1,"embellishcraft:smooth_slate":3,"apocalypsenow:porpsi":5,"apocalypsenow:night_stick":55,"farmersdelight:potato_crate":1,"minecraft:birch_planks":4,"minecraft:glass_bottle":9,"pfm:basic_sink":1,"minecraft:crafting_table":5,"embellishcraft:smooth_marble_slab":3,"immersiveengineering:pickaxe_steel":54,"embellishcraft:smooth_marble_stairs":1,"farmersdelight:apple_cider":5,"quark:oak_hedge":1,"minecraft:iron_pickaxe":246,"minecraft:spruce_sapling":1,"minecraft:stone_axe":16,"minecraft:cobblestone":9,"minecraft:potion":37,"chalk:blue_chalk":10,"farmersdelight:fruit_salad":4,"quark:smooth_stone_vertical_slab":3,"farmersdelight:honey_glazed_ham":1},"minecraft:killed_by":{"zombie_extreme:runner":1,"zombie_extreme:demolisher":1,"minecraft:zombie":1},"minecraft:broken":{"minecraft:stone_pickaxe":1,"minecraft:stone_axe":1,"apocalypsenow:knife":1,"apocalypsenow:knife_spear":3,"minecraft:wooden_pickaxe":1,"minecraft:iron_pickaxe":1},"minecraft:picked_up":{"apocalypsenow:apple_juice":1,"minecraft:iron_trapdoor":1,"minecraft:flower_pot":1,"create:mechanical_crafter":2,"artifacts:umbrella":3,"createaddition:accumulator":1,"minecraft:potion":24,"refinedstorage:controller":1,"minecraft:string":350,"minecraft:smooth_stone_slab":1,"pipez:energy_pipe":5,"embellishcraft:smooth_marble_slab":3,"minecraft:smooth_stone":13,"farmersdelight:fried_rice":1,"create:mechanical_press":1,"embellishcraft:vent_air_duct":1,"apocalypsenow:knife":2,"minecraft:spruce_planks":16,"quark:black_shard":14,"minecraft:iron_pickaxe":3,"minecraft:smooth_quartz":2,"minecraft:furnace":3,"quark:jasper_vertical_slab":3,"minecraft:stick":20,"farmersdelight:potato_crate":1,"embellishcraft:smooth_slate":7,"embellishcraft:smooth_marble":67,"tac:m4":1,"minecraft:torch":122,"securitycraft:camera_monitor":1,"tac:mp9":3,"farmersdelight:chicken_cuts":4,"minecraft:quartz_block":4,"quark:smooth_quartz_vertical_slab":1,"apocalypsenow:porpsi":10,"minecraft:rotten_flesh":393,"cfm:gray_kitchen_counter":1,"minecraft:iron_block":11,"minecraft:cyan_terracotta":29,"create:mechanical_arm":1,"apocalypsenow:police_boots":1,"minecraft:iron_bars":7,"minecraft:cobblestone":117,"tac:round45":40,"apocalypsenow:u_sarmy_boots":7,"apocalypsenow:blue_football_armor_leggings":2,"apocalypsenow:peach_juice":1,"minecraft:iron_door":12,"apocalypsenow:coffee":2,"minecraft:andesite":8,"minecraft:potato":3,"farmersdelight:bacon":13,"biomesoplenty:fir_sapling":29,"biomesoplenty:fir_log":214,"apocalypsenow:cereal":16,"quark:iron_ladder":2,"create:raw_zinc":7,"contenttweaker:rubber":1,"apocalypsenow:construction_chestplate":8,"minecraft:dirt":12,"minecraft:stripped_birch_log":12,"minecraft:bone":416,"minecraft:chipped_anvil":1,"apocalypsenow:human_flesh":1,"farmersdelight:salmon_roll":6,"minecraft:wheat_seeds":1,"apocalypsenow:beer":2,"tac:9mm_round":113,"minecraft:moss_block":2,"minecraft:oak_planks":4,"biomesoplenty:toadstool":1,"firstaid:plaster":2,"apocalypsenow:u_sarmy_chestplate":3,"quark:smooth_stone_vertical_slab":4,"chalk:red_chalk":1,"apocalypsenow:chips":10,"embellishcraft:smooth_marble_stairs":4,"immersiveengineering:raw_aluminum":4,"quark:stone_brick_vertical_slab":3,"apocalypsenow:dagger":6,"apocalypsenow:coke":10,"minecraft:diamond":2,"apocalypsenow:blue_football_armor_chestplate":2,"alexsmobs:maggot":2,"apocalypsenow:construction_helmet":12,"pfm:dark_oak_green_simple_bed":6,"create:stressometer":1,"create:cut_calcite":36,"sophisticatedbackpacks:gold_backpack":1,"minecraft:crafting_table":2,"minecraft:coarse_dirt":3,"create:rotation_speed_controller":1,"minecraft:gold_block":7,"apocalypsenow:u_sarmy_helmet":1,"quark:gunpowder_sack":14,"minecraft:heavy_weighted_pressure_plate":1,"minecraft:white_carpet":1,"refinedstorage:crafting_grid":1,"create:chute":3,"embellishcraft:smooth_basalt":9,"apocalypsenow:construction_boots":8,"farmersdelight:cod_slice":6,"embellishcraft:sturdy_steel_door":1,"minecraft:light_gray_wool":2,"minecraft:sugar_cane":1,"minecraft:egg":13,"farmersdelight:kelp_roll_slice":6,"cfm:cyan_kitchen_counter":7,"refinedstorage:16k_storage_part":2,"farmersdelight:minced_beef":7,"minecraft:bowl":5,"sophisticatedbackpacks:backpack":3,"create:hand_crank":2,"minecraft:carrot":5,"immersiveengineering:concrete":34,"minecraft:dark_oak_planks":5,"create:deployer":1,"apocalypsenow:whisky":4,"create:depot":2,"minecraft:gold_ingot":1,"cfm:gray_picket_fence":3,"minecraft:white_wool":21,"apocalypsenow:knife_spear":1,"minecraft:birch_planks":1,"apocalypsenow:orange_juice":2,"embellishcraft:polished_marble":2,"minecraft:nether_wart_block":1,"artifacts:cloud_in_a_bottle":3,"minecraft:paper":36,"apocalypsenow:u_sarmy_leggings":9,"apocalypsenow:construction_leggings":4,"minecraft:stone_bricks":6,"apocalypsenow:money":15,"farmersdelight:apple_cider":7,"embellishcraft:spruce_wooden_crate":1,"farmersdelight:fruit_salad":4,"minecraft:iron_ingot":5,"minecraft:stone_pickaxe":2,"apocalypsenow:red_bikers_helmet":1,"refinedstorage:cable":7,"minecraft:glass_bottle":19,"minecraft:dark_oak_stairs":8,"apocalypsenow:grape_juice":11,"quark:light_gray_shard":9,"minecraft:emerald_block":3,"minecraft:stone_brick_slab":1,"minecraft:gravel":1,"another_furniture:spruce_drawer":24,"apocalypsenow:police_leggings":1,"minecraft:spruce_sapling":3,"apocalypsenow:vodka":3,"minecraft:spruce_log":12,"apocalypsenow:royal_canada_police_officer_helmet":5,"pfm:basic_sink":1,"minecraft:stone_axe":4,"xpbook:xp_tome":4,"quark:paper_wall":3,"quark:oak_hedge":1,"apocalypsenow:safe":1,"quark:gray_shard":57},"minecraft:custom":{"lootr:looted_stat":58,"minecraft:interact_with_crafting_table":37,"minecraft:open_barrel":9,"minecraft:leave_game":1,"minecraft:time_since_death":38894,"minecraft:sprint_one_cm":236271,"minecraft:damage_blocked_by_shield":45,"minecraft:drop":50,"minecraft:talked_to_villager":7,"minecraft:play_time":275329,"minecraft:deaths":7,"minecraft:jump":2522,"minecraft:walk_on_water_one_cm":4678,"minecraft:interact_with_furnace":25,"minecraft:traded_with_villager":13,"minecraft:stove_opened":3,"minecraft:sleep_in_bed":4,"minecraft:damage_dealt":51148,"minecraft:crouch_one_cm":96288,"minecraft:mob_kills":482,"minecraft:damage_dealt_resisted":84,"minecraft:climb_one_cm":97532,"minecraft:walk_one_cm":884042,"minecraft:fridge_opened":4,"minecraft:damage_dealt_absorbed":120,"minecraft:sneak_time":36183,"minecraft:walk_under_water_one_cm":2214,"minecraft:drawer_searched":10,"minecraft:total_world_time":275329,"minecraft:toilet_used":2,"minecraft:trashcan_opened":3,"minecraft:time_since_rest":23288,"minecraft:cabinet_searched":5,"minecraft:damage_taken":4789,"minecraft:fly_one_cm":402146,"minecraft:freezer_opened":2,"minecraft:fall_one_cm":45918},"minecraft:mined":{"minecraft:dark_oak_planks":8,"pfm:dark_oak_green_simple_bed":6,"minecraft:spruce_planks":17,"embellishcraft:sturdy_steel_door":1,"apocalypsenow:safe":1,"minecraft:jungle_leaves":1,"embellishcraft:spruce_wooden_crate":1,"minecraft:grass_block":8,"minecraft:light_gray_bed":1,"create:rotation_speed_controller":1,"cfm:gray_picket_fence":3,"minecraft:spawner":59,"embellishcraft:smooth_basalt":13,"minecraft:smooth_stone":6,"another_furniture:spruce_drawer":12,"minecraft:dark_oak_stairs":8,"minecraft:iron_bars":8,"minecraft:iron_block":11,"create:mechanical_press":1,"create:dark_oak_window_pane":9,"minecraft:quartz_block":5,"minecraft:cyan_terracotta":37,"embellishcraft:smooth_slate":7,"farmersdelight:potato_crate":1,"minecraft:torch":8,"create:framed_glass":4,"embellishcraft:polished_marble":2,"minecraft:oak_planks":4,"minecraft:iron_door":13,"minecraft:wall_torch":11,"minecraft:dark_oak_slab":1,"minecraft:nether_wart_block":1,"minecraft:light_gray_stained_glass":3,"quark:gunpowder_sack":8,"minecraft:light_gray_wool":1,"minecraft:smooth_stone_slab":1,"cfm:gray_kitchen_counter":1,"create:stressometer":1,"minecraft:dirt":4,"minecraft:smooth_quartz":2,"embellishcraft:smooth_marble_stairs":5,"cfm:cyan_kitchen_counter":7,"minecraft:emerald_block":3,"quark:iron_ladder":2,"create:zinc_ore":8,"quark:smooth_quartz_vertical_slab":1,"rocks:pinecone":1,"minecraft:stripped_birch_log":12,"minecraft:gray_stained_glass_pane":8,"create:depot":2,"quark:stone_brick_vertical_slab":1,"create:mechanical_arm":1,"minecraft:spruce_leaves":12,"minecraft:moss_block":2,"quark:jasper_vertical_slab":1,"create:cut_calcite":24,"minecraft:black_stained_glass_pane":7,"quark:potted_sugar_cane":1,"minecraft:heavy_weighted_pressure_plate":1,"embellishcraft:smooth_marble_slab":3,"minecraft:furnace":3,"minecraft:andesite":8,"minecraft:gold_block":8,"minecraft:bookshelf":2,"create:chute":3,"create:deployer":1,"minecraft:stone":118,"minecraft:white_wool":9,"immersiveengineering:ore_aluminum":4,"quark:smooth_stone_vertical_slab":4,"pfm:basic_sink":1,"minecraft:stone_brick_slab":1,"minecraft:crafting_table":2,"minecraft:gray_stained_glass":15,"immersiveengineering:concrete":36,"minecraft:black_stained_glass":2,"minecraft:birch_planks":1,"minecraft:coarse_dirt":3,"embellishcraft:vent_air_duct":1,"quark:paper_wall":3,"minecraft:white_carpet":1,"minecraft:spruce_log":12,"embellishcraft:smooth_marble":61,"snowrealmagic:stairs":1,"createaddition:accumulator":1,"quark:oak_hedge":1,"biomesoplenty:fir_leaves":1,"create:mechanical_crafter":2,"minecraft:gravel":1,"minecraft:stone_bricks":6,"minecraft:chipped_anvil":1,"minecraft:iron_trapdoor":1}},"DataVersion":2975}