{"stats":{"minecraft:killed":{"undead_revamp2:thesmoker":34,"zombiemobs:zombie_panda":1,"undead_revamp2:thepregnant":1,"undead_revamp2:crackleball":5,"undead_revamp2:theordure":5,"minecraft:zombie":477,"zombie_extreme:infected_police":10,"alexsmobs:fly":2,"hordes:zombie_player":5,"undead_revamp2:bomber":2,"alexsmobs:bison":1,"zombie_extreme:runner":15,"zombie_extreme:crawler":3,"minecraft:husk":18,"undead_revamp2:the_moonflower":8},"minecraft:crafted":{"minecraft:stone":28,"immersiveengineering:stick_steel":2,"farmersdelight:bacon_sandwich":6,"immersiveengineering:ingot_steel":8,"minecraft:string":2,"minecraft:stick":4,"minecraft:iron_ingot":9,"immersiveengineering:stick_treated":4,"immersiveengineering:pickaxe_steel":1,"apocalypsenow:butterfly_knife":1,"minecraft:leather":24,"sophisticatedbackpacks:iron_backpack":1,"sophisticatedbackpacks:gold_backpack":1,"tac:9mm_round":60,"minecraft:air":368,"minecraft:white_wool":4,"minecraft:wooden_axe":1},"minecraft:dropped":{"minecraft:dark_oak_stairs":1,"minecraft:glass_bottle":1,"minecraft:dark_oak_slab":2,"apocalypsenow:police_leggings":1,"biomesoplenty:fir_sapling":1,"minecraft:cyan_terracotta":21,"quark:light_gray_shard":4,"apocalypsenow:construction_boots":1,"embellishcraft:smooth_basalt":6,"apocalypsenow:construction_helmet":1,"quark:black_shard":14,"minecraft:sugar_cane":1,"camera:image":1,"farmersdelight:cabbage":2,"minecraft:rotten_flesh":15,"apocalypsenow:money":1,"minecraft:heavy_weighted_pressure_plate":1,"apocalypsenow:red_bikers_helmet":1,"createdeco:locked_cast_iron_door":1,"minecraft:iron_bars":5,"another_furniture:spruce_drawer":12,"quark:paper_wall":1,"quark:gray_shard":13,"minecraft:iron_trapdoor":4,"chalk:red_chalk":1,"minecraft:torch":3,"minecraft:nether_wart_block":1,"minecraft:iron_door":4,"minecraft:smooth_stone":7,"apocalypsenow:u_sarmy_chestplate":1,"embellishcraft:smooth_slate":2,"minecraft:smooth_stone_slab":1,"minecraft:bowl":3,"embellishcraft:smooth_marble":7,"quark:jasper_vertical_slab":2,"apocalypsenow:construction_chestplate":1,"minecraft:flower_pot":1,"quark:stone_brick_vertical_slab":3,"minecraft:stone_bricks":1,"tac:9mm_round":5,"quark:smooth_quartz_vertical_slab":1},"minecraft:used":{"minecraft:moss_block":1,"embellishcraft:sturdy_steel_door":1,"cfm:gray_picket_fence":3,"farmersdelight:cabbage":1,"quark:iron_ladder":2,"lootr:trophy":1,"apocalypsenow:chips":5,"minecraft:rotten_flesh":15,"farmersdelight:melon_juice":4,"cfm:cyan_kitchen_counter":5,"artifacts:umbrella":8,"farmersdelight:fish_stew":1,"apocalypsenow:safe":1,"minecraft:snowball":1,"farmersdelight:roast_chicken":3,"embellishcraft:smooth_marble":19,"farmersdelight:vegetable_soup":5,"minecraft:cyan_terracotta":7,"farmersdelight:fried_rice":5,"apocalypsenow:beer":1,"minecraft:quartz_block":1,"simplylight:lamp_post":1,"apocalypsenow:hookey_stick":48,"minecraft:dark_oak_slab":2,"farmersdelight:bacon_sandwich":6,"embellishcraft:vent_air_duct":1,"minecraft:stone_bricks":5,"immersiveengineering:concrete":31,"minecraft:furnace":4,"farmersdelight:shepherds_pie_block":1,"farmersdelight:salmon_roll":6,"farmersdelight:beef_stew":2,"farmersdelight:chicken_soup":3,"embellishcraft:spruce_wooden_crate":1,"minecraft:dark_oak_stairs":7,"createdeco:locked_cast_iron_door":1,"apocalypsenow:electric_baton":100,"minecraft:stone_pickaxe":126,"minecraft:wooden_pickaxe":86,"farmersdelight:cod_roll":4,"apocalypsenow:coke":1,"quark:paper_wall":2,"minecraft:bread":3,"minecraft:iron_door":8,"embellishcraft:smooth_basalt":3,"pfm:dark_oak_green_simple_bed":6,"apocalypsenow:knife_spear":292,"apocalypsenow:dagger":741,"immersiveengineering:axe_steel":8,"minecraft:dark_oak_fence":1,"minecraft:andesite":8,"minecraft:smooth_stone_slab":1,"minecraft:coarse_dirt":3,"embellishcraft:polished_marble":2,"minecraft:gray_stained_glass":4,"farmersdelight:kelp_roll_slice":6,"apocalypsenow:butterfly_knife":297,"minecraft:iron_bars":1,"minecraft:spruce_planks":47,"create:cut_calcite":15,"minecraft:torch":158,"minecraft:dirt":11,"apocalypsenow:orange_juice":1,"farmersdelight:stuffed_pumpkin_block":2,"apocalypsenow:knife":268,"minecraft:stone_brick_slab":1,"minecraft:wooden_axe":58,"minecraft:dark_oak_planks":3,"cfm:gray_kitchen_counter":1,"embellishcraft:smooth_slate":3,"apocalypsenow:porpsi":5,"apocalypsenow:night_stick":75,"farmersdelight:potato_crate":1,"farmersdelight:roast_chicken_block":2,"farmersdelight:honey_glazed_ham_block":1,"minecraft:birch_planks":4,"minecraft:glass_bottle":9,"pfm:basic_sink":1,"minecraft:crafting_table":5,"car:canister":18,"embellishcraft:smooth_marble_slab":3,"immersiveengineering:pickaxe_steel":179,"embellishcraft:smooth_marble_stairs":1,"farmersdelight:apple_cider":5,"quark:oak_hedge":1,"minecraft:iron_pickaxe":246,"minecraft:spruce_sapling":1,"minecraft:stone_axe":16,"minecraft:cobblestone":9,"minecraft:potion":61,"chalk:blue_chalk":10,"farmersdelight:fruit_salad":4,"quark:smooth_stone_vertical_slab":5,"farmersdelight:honey_glazed_ham":1},"minecraft:killed_by":{"zombie_extreme:runner":1,"zombie_extreme:demolisher":1,"undead_revamp2:bomber":1,"minecraft:zombie":1},"minecraft:broken":{"minecraft:stone_pickaxe":1,"minecraft:stone_axe":1,"apocalypsenow:knife":1,"apocalypsenow:knife_spear":3,"minecraft:wooden_pickaxe":1,"minecraft:iron_pickaxe":1},"minecraft:picked_up":{"apocalypsenow:apple_juice":1,"minecraft:iron_trapdoor":5,"minecraft:flower_pot":1,"create:mechanical_crafter":2,"artifacts:umbrella":4,"createaddition:accumulator":1,"minecraft:potion":53,"camera:camera":1,"refinedstorage:controller":1,"minecraft:string":548,"minecraft:smooth_stone_slab":7,"pipez:energy_pipe":5,"embellishcraft:smooth_marble_slab":3,"farmersdelight:roast_chicken":2,"minecraft:smooth_stone":13,"farmersdelight:fried_rice":1,"create:mechanical_press":1,"embellishcraft:vent_air_duct":1,"apocalypsenow:knife":2,"minecraft:spruce_planks":16,"quark:black_shard":14,"minecraft:iron_pickaxe":3,"minecraft:smooth_quartz":3,"minecraft:furnace":3,"quark:jasper_vertical_slab":3,"minecraft:stick":21,"farmersdelight:potato_crate":1,"embellishcraft:smooth_slate":7,"embellishcraft:smooth_marble":76,"tac:m4":2,"minecraft:torch":124,"securitycraft:camera_monitor":1,"tac:mp9":3,"immersiveengineering:ore_aluminum":3,"farmersdelight:chicken_cuts":4,"minecraft:quartz_block":4,"quark:smooth_quartz_vertical_slab":1,"apocalypsenow:porpsi":10,"minecraft:rotten_flesh":481,"cfm:gray_kitchen_counter":1,"minecraft:iron_block":20,"minecraft:cyan_terracotta":31,"apocalypsenow:police_chestplate":1,"create:mechanical_arm":1,"apocalypsenow:police_boots":2,"farmersdelight:melon_juice":3,"minecraft:iron_bars":12,"minecraft:cobblestone":117,"tac:round45":45,"apocalypsenow:u_sarmy_boots":7,"apocalypsenow:blue_football_armor_leggings":2,"apocalypsenow:peach_juice":1,"minecraft:iron_door":21,"apocalypsenow:coffee":2,"minecraft:andesite":8,"alexsmobs:bison_fur":1,"minecraft:potato":3,"farmersdelight:bacon":13,"biomesoplenty:fir_sapling":30,"biomesoplenty:fir_log":214,"apocalypsenow:cereal":16,"quark:iron_ladder":2,"create:raw_zinc":7,"contenttweaker:rubber":1,"apocalypsenow:construction_chestplate":11,"minecraft:dirt":13,"minecraft:stripped_birch_log":12,"minecraft:bone":569,"minecraft:chipped_anvil":1,"apocalypsenow:human_flesh":4,"farmersdelight:salmon_roll":6,"minecraft:wheat_seeds":1,"apocalypsenow:beer":2,"apocalypsenow:police_helmet":1,"apocalypsenow:electric_baton":1,"tac:9mm_round":181,"simplylight:lamp_post":1,"minecraft:moss_block":2,"minecraft:oak_planks":4,"biomesoplenty:toadstool":1,"firstaid:plaster":15,"apocalypsenow:u_sarmy_chestplate":3,"quark:smooth_stone_vertical_slab":6,"chalk:red_chalk":1,"apocalypsenow:chips":10,"embellishcraft:smooth_marble_stairs":4,"immersiveengineering:raw_aluminum":4,"quark:stone_brick_vertical_slab":3,"apocalypsenow:dagger":6,"apocalypsenow:coke":10,"minecraft:diamond":2,"apocalypsenow:blue_football_armor_chestplate":2,"minecraft:bone_meal":2,"alexsmobs:maggot":2,"minecraft:dark_oak_fence":1,"apocalypsenow:construction_helmet":13,"pfm:dark_oak_green_simple_bed":6,"create:stressometer":1,"create:cut_calcite":36,"sophisticatedbackpacks:gold_backpack":1,"minecraft:crafting_table":2,"minecraft:coarse_dirt":3,"create:rotation_speed_controller":1,"minecraft:gold_block":11,"apocalypsenow:u_sarmy_helmet":1,"quark:gunpowder_sack":18,"minecraft:heavy_weighted_pressure_plate":1,"minecraft:iron_shovel":1,"minecraft:white_carpet":1,"refinedstorage:crafting_grid":1,"create:chute":3,"embellishcraft:smooth_basalt":9,"apocalypsenow:construction_boots":9,"farmersdelight:cod_slice":6,"embellishcraft:sturdy_steel_door":1,"minecraft:light_gray_wool":2,"minecraft:sugar_cane":1,"apocalypsenow:construction_barricade":3,"minecraft:egg":13,"farmersdelight:kelp_roll_slice":6,"cfm:cyan_kitchen_counter":8,"refinedstorage:16k_storage_part":2,"farmersdelight:minced_beef":7,"minecraft:bowl":11,"sophisticatedbackpacks:backpack":3,"create:hand_crank":2,"minecraft:carrot":6,"immersiveengineering:concrete":35,"minecraft:dark_oak_planks":5,"create:deployer":1,"apocalypsenow:whisky":4,"create:depot":2,"minecraft:gold_ingot":2,"firstaid:bandage":5,"cfm:gray_picket_fence":3,"minecraft:white_wool":33,"apocalypsenow:knife_spear":1,"immersiveengineering:pickaxe_steel":1,"minecraft:birch_planks":1,"apocalypsenow:orange_juice":2,"embellishcraft:polished_marble":2,"minecraft:gunpowder":17,"minecraft:nether_wart_block":1,"artifacts:cloud_in_a_bottle":4,"minecraft:paper":36,"createdeco:locked_cast_iron_door":3,"apocalypsenow:u_sarmy_leggings":9,"apocalypsenow:construction_leggings":5,"minecraft:stone_bricks":23,"apocalypsenow:money":17,"farmersdelight:apple_cider":7,"embellishcraft:spruce_wooden_crate":1,"farmersdelight:fruit_salad":4,"minecraft:iron_ingot":5,"minecraft:stone_pickaxe":2,"apocalypsenow:red_bikers_helmet":1,"refinedstorage:cable":7,"minecraft:glass_bottle":30,"tac:ae50":9,"minecraft:dark_oak_stairs":8,"apocalypsenow:grape_juice":11,"quark:light_gray_shard":13,"minecraft:dark_oak_slab":4,"minecraft:emerald_block":6,"minecraft:stone_brick_slab":1,"minecraft:gravel":1,"another_furniture:spruce_drawer":24,"apocalypsenow:police_leggings":2,"minecraft:spruce_sapling":3,"apocalypsenow:vodka":3,"minecraft:spruce_log":12,"apocalypsenow:royal_canada_police_officer_helmet":5,"pfm:basic_sink":1,"minecraft:slime_ball":1,"minecraft:stone_axe":4,"xpbook:xp_tome":4,"quark:paper_wall":3,"cfm:rock_path":1,"quark:oak_hedge":1,"apocalypsenow:safe":1,"immersiveengineering:axe_steel":1,"quark:gray_shard":61},"minecraft:custom":{"lootr:looted_stat":105,"minecraft:interact_with_crafting_table":39,"minecraft:open_barrel":19,"minecraft:leave_game":1,"minecraft:time_since_death":17204,"minecraft:sprint_one_cm":444666,"minecraft:damage_blocked_by_shield":75,"minecraft:drop":66,"minecraft:talked_to_villager":9,"minecraft:play_time":383329,"minecraft:deaths":11,"minecraft:jump":3853,"minecraft:walk_on_water_one_cm":11835,"minecraft:interact_with_furnace":25,"minecraft:traded_with_villager":18,"minecraft:stove_opened":3,"minecraft:sleep_in_bed":5,"minecraft:damage_dealt":61236,"minecraft:crouch_one_cm":110679,"minecraft:mob_kills":652,"minecraft:damage_dealt_resisted":230,"minecraft:climb_one_cm":138957,"minecraft:walk_one_cm":1224518,"minecraft:fridge_opened":9,"minecraft:damage_dealt_absorbed":120,"minecraft:sneak_time":39740,"minecraft:walk_under_water_one_cm":2214,"minecraft:drawer_searched":10,"minecraft:total_world_time":383329,"minecraft:toilet_used":2,"minecraft:trashcan_opened":3,"minecraft:time_since_rest":17232,"minecraft:cabinet_searched":5,"minecraft:damage_taken":6337,"minecraft:fly_one_cm":1005230,"minecraft:freezer_opened":2,"minecraft:fall_one_cm":51144},"minecraft:mined":{"minecraft:dark_oak_planks":8,"pfm:dark_oak_green_simple_bed":6,"minecraft:spruce_planks":17,"embellishcraft:sturdy_steel_door":1,"apocalypsenow:safe":1,"minecraft:jungle_leaves":1,"embellishcraft:spruce_wooden_crate":1,"minecraft:grass_block":12,"minecraft:light_gray_bed":1,"create:rotation_speed_controller":1,"cfm:gray_picket_fence":3,"minecraft:spawner":83,"embellishcraft:smooth_basalt":13,"minecraft:smooth_stone":6,"another_furniture:spruce_drawer":12,"minecraft:dark_oak_stairs":8,"minecraft:iron_bars":17,"apocalypsenow:construction_barricade":3,"minecraft:iron_block":20,"simplylight:lamp_post":1,"create:mechanical_press":1,"create:dark_oak_window_pane":13,"minecraft:quartz_block":5,"minecraft:cyan_terracotta":39,"embellishcraft:smooth_slate":7,"createdeco:locked_cast_iron_door":2,"farmersdelight:potato_crate":1,"minecraft:torch":8,"create:framed_glass":4,"embellishcraft:polished_marble":2,"minecraft:cobblestone":1,"minecraft:oak_planks":4,"minecraft:iron_door":23,"minecraft:wall_torch":12,"minecraft:dark_oak_slab":3,"minecraft:nether_wart_block":1,"minecraft:light_gray_stained_glass":7,"quark:gunpowder_sack":12,"minecraft:light_gray_wool":1,"minecraft:smooth_stone_slab":7,"cfm:gray_kitchen_counter":1,"create:stressometer":1,"minecraft:dirt":4,"minecraft:smooth_quartz":4,"embellishcraft:smooth_marble_stairs":5,"cfm:cyan_kitchen_counter":8,"minecraft:emerald_block":6,"quark:iron_ladder":2,"create:zinc_ore":8,"quark:smooth_quartz_vertical_slab":1,"rocks:pinecone":1,"minecraft:stripped_birch_log":12,"minecraft:gray_stained_glass_pane":12,"minecraft:dark_oak_fence":1,"cfm:rock_path":1,"create:depot":2,"quark:stone_brick_vertical_slab":1,"create:mechanical_arm":1,"minecraft:spruce_leaves":12,"minecraft:moss_block":2,"quark:jasper_vertical_slab":1,"create:cut_calcite":24,"minecraft:black_stained_glass_pane":7,"quark:potted_sugar_cane":1,"immersivepetroleum:asphalt":1,"minecraft:heavy_weighted_pressure_plate":1,"embellishcraft:smooth_marble_slab":3,"minecraft:furnace":3,"create:framed_glass_pane":2,"minecraft:andesite":8,"minecraft:gold_block":12,"minecraft:bookshelf":2,"create:chute":3,"create:deployer":1,"minecraft:stone":122,"minecraft:white_wool":9,"immersiveengineering:ore_aluminum":4,"quark:smooth_stone_vertical_slab":6,"pfm:basic_sink":1,"minecraft:stone_brick_slab":1,"minecraft:crafting_table":2,"minecraft:gray_stained_glass":17,"immersiveengineering:concrete":37,"minecraft:black_stained_glass":2,"minecraft:birch_planks":1,"minecraft:coarse_dirt":3,"embellishcraft:vent_air_duct":1,"quark:paper_wall":3,"minecraft:sweet_berry_bush":1,"minecraft:white_carpet":1,"minecraft:spruce_log":12,"embellishcraft:smooth_marble":71,"snowrealmagic:stairs":1,"createaddition:accumulator":1,"quark:oak_hedge":1,"biomesoplenty:fir_leaves":1,"create:mechanical_crafter":2,"minecraft:gravel":1,"minecraft:cobweb":1,"minecraft:stone_bricks":24,"minecraft:chipped_anvil":1,"minecraft:iron_trapdoor":4}},"DataVersion":2975}