{"stats":{"minecraft:dropped":{"minecraft:moss_block":3,"minecraft:dark_oak_stairs":1,"minecraft:glass_bottle":2,"minecraft:dark_oak_slab":2,"artifacts:cloud_in_a_bottle":1,"apocalypsenow:police_leggings":1,"apocalypsenow:u_sarmy_leggings":1,"biomesoplenty:fir_sapling":2,"minecraft:cyan_terracotta":21,"quark:light_gray_shard":8,"apocalypsenow:construction_boots":1,"embellishcraft:smooth_basalt":11,"tac:colt_python":1,"embellishcraft:air_duct":1,"apocalypsenow:construction_helmet":1,"apocalypsenow:u_sarmy_helmet":1,"farmersdelight:egg_sandwich":3,"minecraft:bone":4,"quark:black_shard":14,"minecraft:sugar_cane":2,"apocalypsenow:small_can":2,"farmersdelight:cabbage":2,"camera:image":1,"minecraft:rotten_flesh":34,"minecraft:oak_planks":20,"apocalypsenow:money":1,"minecraft:heavy_weighted_pressure_plate":1,"apocalypsenow:red_bikers_helmet":1,"createdeco:locked_cast_iron_door":1,"minecraft:iron_bars":5,"create:andesite_alloy":54,"another_furniture:spruce_drawer":12,"minecraft:bread":5,"minecraft:iron_helmet":1,"minecraft:spruce_button":2,"quark:paper_wall":1,"quark:gray_shard":13,"farmersdelight:fried_rice":1,"minecraft:iron_trapdoor":4,"chalk:red_chalk":1,"minecraft:torch":3,"minecraft:nether_wart_block":1,"minecraft:smooth_quartz":5,"minecraft:iron_door":4,"minecraft:potion":1,"minecraft:stripped_birch_log":1,"minecraft:smooth_stone":7,"minecraft:string":64,"minecraft:paper":1,"apocalypsenow:u_sarmy_chestplate":1,"embellishcraft:smooth_slate":2,"minecraft:smooth_stone_slab":4,"minecraft:bowl":3,"create:polished_cut_calcite_wall":1,"embellishcraft:smooth_marble":17,"quark:jasper_vertical_slab":2,"apocalypsenow:construction_chestplate":1,"minecraft:flower_pot":1,"quark:stone_brick_vertical_slab":3,"minecraft:stone_bricks":1,"tac:9mm_round":5,"quark:smooth_quartz_vertical_slab":1},"minecraft:picked_up":{"apocalypsenow:apple_juice":1,"minecraft:iron_trapdoor":5,"minecraft:flower_pot":1,"create:mechanical_crafter":2,"immersiveengineering:plate_duroplast":10,"artifacts:umbrella":6,"createaddition:accumulator":1,"minecraft:potion":55,"camera:camera":1,"refinedstorage:controller":1,"quark:paper_wall_big":2,"minecraft:string":774,"minecraft:dark_oak_trapdoor":1,"minecraft:smooth_stone_slab":13,"create:sweet_roll":10,"pipez:energy_pipe":5,"create:water_wheel":1,"embellishcraft:smooth_marble_slab":3,"farmersdelight:roast_chicken":2,"embellishcraft:vent_air_duct":1,"farmersdelight:fried_rice":1,"apocalypsenow:knife":2,"create:mechanical_press":1,"minecraft:smooth_stone":13,"biomesoplenty:fir_planks":5,"comforts:sleeping_bag_white":7,"minecraft:spruce_planks":16,"minecraft:smooth_quartz":13,"quark:black_shard":14,"minecraft:iron_pickaxe":3,"minecraft:furnace":3,"minecraft:dark_oak_door":1,"quark:jasper_vertical_slab":3,"minecraft:stick":21,"farmersdelight:potato_crate":1,"create:mechanical_mixer":1,"embellishcraft:smooth_slate":7,"embellishcraft:smooth_marble":106,"tac:m4":4,"minecraft:torch":283,"create:andesite_casing":4,"securitycraft:camera_monitor":1,"tac:mp9":3,"immersiveengineering:ore_aluminum":3,"farmersdelight:chicken_cuts":4,"apocalypsenow:fire_figther_leggings":1,"create:large_cogwheel":6,"minecraft:quartz_block":4,"quark:smooth_quartz_vertical_slab":1,"apocalypsenow:porpsi":10,"artifacts:lucky_scarf":2,"minecraft:rotten_flesh":556,"pfm:oak_brown_simple_bed":2,"cfm:gray_kitchen_counter":1,"cfm:stripped_dark_oak_mail_box":1,"minecraft:iron_block":29,"minecraft:cyan_terracotta":45,"apocalypsenow:police_chestplate":3,"apocalypsenow:police_boots":4,"create:mechanical_arm":1,"farmersdelight:melon_juice":3,"minecraft:obsidian":15,"minecraft:iron_bars":13,"minecraft:cobblestone":117,"apocalypsenow:u_sarmy_boots":9,"apocalypsenow:blue_football_armor_leggings":2,"tac:round45":59,"minecraft:water_bucket":2,"apocalypsenow:peach_juice":1,"minecraft:iron_door":25,"apocalypsenow:coffee":2,"minecraft:andesite":136,"farmersdelight:bacon":13,"minecraft:potato":4,"biomesoplenty:fir_sapling":31,"biomesoplenty:fir_log":214,"alexsmobs:bison_fur":1,"apocalypsenow:cereal":16,"quark:iron_ladder":2,"create:raw_zinc":7,"contenttweaker:rubber":7,"farmersdelight:roast_chicken_block":2,"apocalypsenow:construction_chestplate":11,"farmersdelight:chicken_sandwich":4,"minecraft:stripped_birch_log":14,"minecraft:dirt":25,"minecraft:chipped_anvil":1,"minecraft:bone":641,"minecraft:acacia_planks":1,"minecraft:wheat_seeds":1,"farmersdelight:salmon_roll":6,"apocalypsenow:human_flesh":14,"apocalypsenow:beer":2,"farmersdelight:egg_sandwich":3,"minecraft:glowstone_dust":34,"create:polished_cut_calcite_wall":1,"apocalypsenow:police_helmet":1,"tac:9mm_round":220,"minecraft:moss_block":8,"apocalypsenow:electric_baton":6,"simplylight:lamp_post":1,"minecraft:oak_planks":24,"biomesoplenty:toadstool":2,"firstaid:plaster":15,"apocalypsenow:u_sarmy_chestplate":3,"quark:smooth_stone_vertical_slab":6,"create:cogwheel":10,"apocalypsenow:small_can":2,"chalk:red_chalk":1,"embellishcraft:smooth_marble_stairs":4,"apocalypsenow:chips":10,"minecraft:sand":27,"immersiveengineering:raw_aluminum":4,"quark:stone_brick_vertical_slab":3,"apocalypsenow:dagger":6,"apocalypsenow:coke":16,"minecraft:diamond":2,"apocalypsenow:blue_football_armor_chestplate":2,"minecraft:bone_meal":2,"minecraft:spruce_button":2,"minecraft:bread":10,"minecraft:oak_sapling":3,"alexsmobs:maggot":2,"pfm:dark_oak_green_simple_bed":6,"apocalypsenow:construction_helmet":13,"minecraft:dark_oak_fence":1,"create:stressometer":1,"minecraft:diamond_pickaxe":2,"create:cut_calcite":38,"sophisticatedbackpacks:gold_backpack":1,"minecraft:crafting_table":2,"minecraft:coarse_dirt":3,"create:rotation_speed_controller":1,"minecraft:gold_block":15,"apocalypsenow:u_sarmy_helmet":2,"quark:gunpowder_sack":22,"minecraft:brick":2,"minecraft:heavy_weighted_pressure_plate":1,"minecraft:flint_and_steel":1,"refinedstorage:crafting_grid":1,"minecraft:white_carpet":1,"minecraft:iron_shovel":1,"create:chute":3,"embellishcraft:smooth_basalt":14,"apocalypsenow:construction_boots":9,"farmersdelight:cod_slice":6,"minecraft:quartz_stairs":2,"embellishcraft:sturdy_steel_door":1,"minecraft:light_gray_wool":2,"minecraft:tinted_glass":1,"minecraft:sugar_cane":2,"apocalypsenow:construction_barricade":3,"farmersdelight:kelp_roll_slice":6,"minecraft:egg":13,"cfm:cyan_kitchen_counter":8,"refinedstorage:16k_storage_part":2,"tac:colt_python":2,"farmersdelight:minced_beef":7,"minecraft:bowl":11,"sophisticatedbackpacks:backpack":3,"create:hand_crank":2,"minecraft:carrot":6,"tac:hk_mp5a5":2,"immersiveengineering:concrete":35,"tac:b_magnum":14,"minecraft:dark_oak_planks":6,"create:deployer":1,"apocalypsenow:whisky":4,"create:depot":3,"minecraft:gold_ingot":6,"firstaid:bandage":5,"minecraft:white_wool":33,"cfm:gray_picket_fence":3,"apocalypsenow:knife_spear":1,"immersiveengineering:pickaxe_steel":3,"apocalypsenow:orange_juice":2,"minecraft:birch_planks":1,"create:andesite_alloy":22,"minecraft:oak_log":9,"embellishcraft:polished_marble":2,"farmersdelight:shepherds_pie":6,"minecraft:gunpowder":23,"minecraft:nether_wart_block":1,"artifacts:cloud_in_a_bottle":7,"minecraft:paper":70,"farmersdelight:honey_glazed_ham_block":2,"createdeco:locked_cast_iron_door":3,"apocalypsenow:u_sarmy_leggings":12,"apocalypsenow:construction_leggings":5,"minecraft:stone_bricks":28,"embellishcraft:spruce_wooden_crate":1,"farmersdelight:apple_cider":7,"apocalypsenow:money":20,"farmersdelight:fruit_salad":4,"minecraft:iron_ingot":13,"apocalypsenow:red_bikers_helmet":1,"minecraft:stone_pickaxe":2,"refinedstorage:cable":7,"minecraft:glass_bottle":30,"cfm:stripped_birch_upgraded_fence":1,"minecraft:book":26,"sophisticatedbackpacks:diamond_backpack":1,"minecraft:dark_oak_stairs":9,"tac:ae50":56,"apocalypsenow:grape_juice":11,"quark:light_gray_shard":13,"minecraft:dark_oak_slab":4,"minecraft:emerald_block":9,"minecraft:stone_brick_slab":1,"quark:dark_oak_hedge":2,"minecraft:gravel":1,"another_furniture:spruce_drawer":24,"apocalypsenow:police_leggings":4,"apocalypsenow:vodka":6,"minecraft:spruce_sapling":3,"minecraft:spruce_log":16,"apocalypsenow:royal_canada_police_officer_helmet":5,"pfm:basic_sink":1,"minecraft:slime_ball":1,"xpbook:xp_tome":6,"minecraft:stone_axe":4,"quark:paper_wall":3,"cfm:rock_path":1,"quark:oak_hedge":1,"quark:framed_glass_pane":1,"apocalypsenow:safe":1,"embellishcraft:air_duct":1,"immersiveengineering:axe_steel":3,"quark:gray_shard":61},"minecraft:mined":{"minecraft:dark_oak_planks":9,"snowrealmagic:slab":1,"pfm:dark_oak_green_simple_bed":6,"minecraft:spruce_planks":17,"embellishcraft:sturdy_steel_door":1,"create:andesite_casing":4,"apocalypsenow:safe":1,"minecraft:jungle_leaves":1,"embellishcraft:spruce_wooden_crate":1,"minecraft:obsidian":15,"minecraft:grass_block":21,"minecraft:light_gray_bed":1,"pfm:oak_brown_simple_bed":2,"create:rotation_speed_controller":1,"cfm:gray_picket_fence":3,"comforts:sleeping_bag_white":2,"minecraft:spawner":88,"embellishcraft:smooth_basalt":18,"minecraft:smooth_stone":6,"another_furniture:spruce_drawer":12,"minecraft:fire":1,"minecraft:dark_oak_stairs":9,"minecraft:iron_bars":17,"apocalypsenow:construction_barricade":3,"minecraft:iron_block":29,"simplylight:lamp_post":1,"create:mechanical_press":1,"create:dark_oak_window_pane":21,"create:cogwheel":9,"minecraft:quartz_block":5,"minecraft:cyan_terracotta":39,"embellishcraft:smooth_slate":7,"farmersdelight:potato_crate":1,"createdeco:locked_cast_iron_door":2,"minecraft:torch":10,"quark:framed_glass_pane":1,"create:framed_glass":4,"embellishcraft:polished_marble":2,"minecraft:cobblestone":1,"minecraft:oak_planks":4,"minecraft:iron_door":27,"minecraft:wall_torch":14,"minecraft:dark_oak_slab":3,"minecraft:nether_wart_block":1,"minecraft:tinted_glass":2,"minecraft:light_gray_stained_glass":7,"create:mechanical_mixer":1,"quark:gunpowder_sack":16,"minecraft:light_gray_wool":1,"quark:paper_wall_big":2,"minecraft:smooth_stone_slab":10,"minecraft:oak_log":9,"cfm:gray_kitchen_counter":1,"create:stressometer":1,"minecraft:sand":31,"minecraft:smooth_quartz":9,"minecraft:dirt":7,"embellishcraft:smooth_marble_stairs":5,"cfm:cyan_kitchen_counter":8,"minecraft:oak_leaves":4,"minecraft:emerald_block":9,"quark:iron_ladder":2,"create:zinc_ore":8,"quark:smooth_quartz_vertical_slab":1,"rocks:pinecone":1,"embellishcraft:air_duct":2,"minecraft:stripped_birch_log":12,"minecraft:gray_stained_glass_pane":12,"minecraft:dark_oak_fence":1,"create:large_cogwheel":6,"create:depot":3,"cfm:rock_path":1,"quark:stone_brick_vertical_slab":1,"create:mechanical_arm":1,"minecraft:spruce_leaves":24,"minecraft:moss_block":4,"quark:jasper_vertical_slab":1,"cfm:stripped_dark_oak_mail_box":1,"create:cut_calcite":24,"minecraft:large_fern":1,"minecraft:black_stained_glass_pane":7,"quark:potted_sugar_cane":1,"immersivepetroleum:asphalt":1,"embellishcraft:smooth_marble_slab":3,"minecraft:furnace":3,"minecraft:heavy_weighted_pressure_plate":1,"create:framed_glass_pane":2,"minecraft:andesite":8,"minecraft:gold_block":16,"minecraft:bookshelf":2,"create:chute":3,"create:deployer":1,"minecraft:stone":122,"minecraft:white_wool":9,"immersiveengineering:ore_aluminum":4,"quark:smooth_stone_vertical_slab":6,"pfm:basic_sink":1,"minecraft:stone_brick_slab":1,"minecraft:crafting_table":2,"biomesoplenty:fir_planks":5,"minecraft:gray_stained_glass":18,"create:water_wheel":1,"immersiveengineering:concrete":37,"minecraft:birch_planks":1,"minecraft:black_stained_glass":2,"minecraft:coarse_dirt":3,"embellishcraft:vent_air_duct":1,"quark:paper_wall":3,"minecraft:sweet_berry_bush":1,"minecraft:white_carpet":1,"minecraft:spruce_log":16,"embellishcraft:smooth_marble":84,"snowrealmagic:stairs":1,"createaddition:accumulator":1,"quark:oak_hedge":1,"biomesoplenty:fir_leaves":1,"create:mechanical_crafter":2,"minecraft:gravel":1,"quark:dark_oak_hedge":2,"minecraft:cobweb":4,"minecraft:stone_bricks":24,"minecraft:chipped_anvil":1,"minecraft:iron_trapdoor":4},"minecraft:crafted":{"minecraft:stone":28,"immersiveengineering:stick_steel":2,"farmersdelight:bacon_sandwich":6,"immersiveengineering:ingot_steel":8,"create:cogwheel":20,"apocalypsenow:u_sarmy_leggings":1,"create:mechanical_mixer":1,"apocalypsenow:police_chestplate":1,"minecraft:string":2,"minecraft:diamond_pickaxe":1,"minecraft:stick":4,"minecraft:iron_ingot":9,"immersiveengineering:stick_treated":4,"create:large_cogwheel":10,"immersiveengineering:pickaxe_steel":1,"apocalypsenow:police_leggings":1,"apocalypsenow:butterfly_knife":1,"minecraft:leather":52,"sophisticatedbackpacks:iron_backpack":1,"sophisticatedbackpacks:gold_backpack":1,"tac:9mm_round":60,"minecraft:air":1219,"create:whisk":1,"quark:spruce_bookshelf":4,"minecraft:white_wool":4,"minecraft:wooden_axe":1,"minecraft:anvil":1,"create:shaft":8,"create:zinc_ingot":10},"minecraft:killed":{"undead_revamp2:thesmoker":46,"zombiemobs:zombie_panda":1,"undead_revamp2:thepregnant":2,"undead_revamp2:crackleball":5,"zombiemobs:zombie_donkey":1,"undead_revamp2:theordure":5,"minecraft:zombie":551,"zombie_extreme:infected_police":10,"alexsmobs:fly":2,"hordes:zombie_player":7,"undead_revamp2:bomber":13,"alexsmobs:bison":2,"zombie_extreme:runner":17,"zombie_extreme:crawler":5,"minecraft:husk":36,"undead_revamp2:the_moonflower":10},"minecraft:broken":{"minecraft:stone_pickaxe":1,"minecraft:stone_axe":1,"apocalypsenow:knife":1,"apocalypsenow:knife_spear":4,"minecraft:wooden_pickaxe":1,"minecraft:iron_pickaxe":1,"apocalypsenow:u_sarmy_helmet":1},"minecraft:custom":{"lootr:looted_stat":128,"minecraft:interact_with_crafting_table":63,"minecraft:open_barrel":22,"minecraft:leave_game":4,"minecraft:time_since_death":59697,"minecraft:sprint_one_cm":1296925,"minecraft:damage_blocked_by_shield":129,"minecraft:drop":99,"minecraft:talked_to_villager":10,"minecraft:play_time":575108,"minecraft:deaths":27,"minecraft:jump":5612,"minecraft:enchant_item":7,"minecraft:walk_on_water_one_cm":33589,"minecraft:interact_with_furnace":36,"minecraft:traded_with_villager":18,"minecraft:stove_opened":3,"minecraft:sleep_in_bed":11,"minecraft:damage_dealt":94436,"minecraft:crouch_one_cm":158105,"minecraft:interact_with_anvil":1,"minecraft:mob_kills":779,"minecraft:damage_dealt_resisted":18441,"minecraft:climb_one_cm":165121,"minecraft:walk_one_cm":1927860,"minecraft:fridge_opened":13,"minecraft:damage_dealt_absorbed":120,"minecraft:sneak_time":65635,"minecraft:walk_under_water_one_cm":12446,"minecraft:drawer_searched":10,"minecraft:total_world_time":575108,"minecraft:toilet_used":2,"minecraft:trashcan_opened":3,"minecraft:time_since_rest":35920,"minecraft:cabinet_searched":5,"minecraft:damage_taken":14703,"minecraft:swim_one_cm":24727,"minecraft:freezer_opened":2,"minecraft:fly_one_cm":1541263,"minecraft:open_chest":124,"minecraft:fall_one_cm":96175},"minecraft:used":{"minecraft:moss_block":1,"embellishcraft:sturdy_steel_door":1,"cfm:gray_picket_fence":3,"minecraft:chest":1,"farmersdelight:cabbage":1,"quark:iron_ladder":2,"lootr:trophy":1,"apocalypsenow:chips":5,"minecraft:rotten_flesh":15,"farmersdelight:melon_juice":7,"create:cogwheel":20,"quark:gunpowder_sack":2,"artifacts:umbrella":9,"cfm:cyan_kitchen_counter":5,"farmersdelight:fish_stew":1,"create:depot":1,"apocalypsenow:safe":1,"minecraft:snowball":1,"minecraft:obsidian":10,"farmersdelight:roast_chicken":3,"embellishcraft:smooth_marble":28,"minecraft:cyan_terracotta":7,"farmersdelight:vegetable_soup":5,"farmersdelight:fried_rice":5,"apocalypsenow:beer":1,"minecraft:quartz_block":1,"simplylight:lamp_post":1,"apocalypsenow:hookey_stick":48,"minecraft:dark_oak_slab":2,"farmersdelight:bacon_sandwich":6,"embellishcraft:vent_air_duct":1,"minecraft:stone_bricks":5,"immersiveengineering:concrete":31,"cfm:stripped_dark_oak_mail_box":1,"minecraft:furnace":4,"farmersdelight:shepherds_pie_block":1,"farmersdelight:salmon_roll":6,"farmersdelight:beef_stew":2,"embellishcraft:spruce_wooden_crate":1,"farmersdelight:chicken_soup":3,"minecraft:dark_oak_stairs":8,"createdeco:locked_cast_iron_door":1,"apocalypsenow:electric_baton":585,"minecraft:stone_pickaxe":126,"minecraft:oak_planks":18,"minecraft:wooden_pickaxe":86,"biomesoplenty:fir_planks":103,"apocalypsenow:police_boots":1,"minecraft:sand":27,"farmersdelight:cod_roll":4,"farmersdelight:stuffed_pumpkin":1,"apocalypsenow:coke":5,"quark:paper_wall":2,"minecraft:bread":4,"minecraft:iron_door":8,"embellishcraft:smooth_basalt":3,"pfm:dark_oak_green_simple_bed":6,"apocalypsenow:construction_leggings":1,"apocalypsenow:knife_spear":353,"apocalypsenow:dagger":741,"immersiveengineering:axe_steel":59,"minecraft:dark_oak_fence":1,"minecraft:andesite":8,"minecraft:smooth_stone_slab":1,"minecraft:coarse_dirt":3,"embellishcraft:polished_marble":2,"create:large_cogwheel":9,"minecraft:gray_stained_glass":4,"farmersdelight:kelp_roll_slice":6,"minecraft:enchanting_table":1,"pfm:oak_brown_simple_bed":2,"apocalypsenow:butterfly_knife":297,"minecraft:iron_bars":2,"minecraft:flint_and_steel":2,"apocalypsenow:u_sarmy_boots":1,"minecraft:spruce_planks":63,"minecraft:tinted_glass":1,"create:cut_calcite":15,"quark:spruce_bookshelf":17,"quark:paper_wall_big":2,"minecraft:torch":190,"minecraft:dirt":17,"minecraft:anvil":1,"create:mechanical_mixer":1,"apocalypsenow:orange_juice":1,"apocalypsenow:knife":268,"farmersdelight:stuffed_pumpkin_block":2,"minecraft:dark_oak_planks":4,"minecraft:stone_brick_slab":1,"minecraft:wooden_axe":58,"cfm:gray_kitchen_counter":1,"embellishcraft:smooth_slate":3,"apocalypsenow:porpsi":5,"comforts:sleeping_bag_white":5,"apocalypsenow:night_stick":89,"farmersdelight:potato_crate":1,"farmersdelight:roast_chicken_block":2,"farmersdelight:shepherds_pie":2,"quark:dark_oak_hedge":2,"minecraft:water_bucket":23,"minecraft:birch_planks":4,"farmersdelight:honey_glazed_ham_block":1,"minecraft:glass_bottle":9,"pfm:basic_sink":1,"minecraft:crafting_table":8,"car:canister":18,"minecraft:spruce_log":4,"embellishcraft:smooth_marble_slab":3,"immersiveengineering:pickaxe_steel":187,"apocalypsenow:police_helmet":1,"embellishcraft:smooth_marble_stairs":1,"minecraft:diamond_pickaxe":87,"farmersdelight:apple_cider":13,"create:mechanical_press":1,"minecraft:iron_pickaxe":246,"quark:oak_hedge":1,"cgm:grenade":2,"minecraft:spruce_sapling":1,"minecraft:stone_axe":16,"minecraft:cobblestone":9,"minecraft:potion":63,"chalk:blue_chalk":10,"minecraft:bucket":24,"farmersdelight:fruit_salad":4,"quark:smooth_stone_vertical_slab":5,"apocalypsenow:u_sarmy_helmet":1,"farmersdelight:honey_glazed_ham":1},"minecraft:killed_by":{"undead_revamp2:the_moonflower":1,"zombie_extreme:runner":1,"zombie_extreme:demolisher":1,"undead_revamp2:bomber":1,"minecraft:zombie":5,"undead_revamp2:thesmoker":1,"undead_revamp2:thepregnant":2,"minecraft:husk":1,"alexsmobs:skelewag":1,"hordes:zombie_player":4,"zombie_extreme:infected_police":2}},"DataVersion":2975}