{"stats":{"minecraft:used":{"minecraft:moss_block":1,"apocalypsenow:butterfly_knife":294,"minecraft:iron_bars":1,"minecraft:spruce_planks":47,"farmersdelight:cabbage":1,"quark:iron_ladder":2,"create:cut_calcite":3,"farmersdelight:melon_juice":3,"minecraft:torch":70,"artifacts:umbrella":4,"minecraft:dirt":10,"cfm:cyan_kitchen_counter":3,"farmersdelight:fish_stew":1,"apocalypsenow:orange_juice":1,"minecraft:snowball":1,"apocalypsenow:knife":68,"minecraft:dark_oak_planks":3,"embellishcraft:smooth_marble":12,"minecraft:wooden_axe":58,"minecraft:stone_brick_slab":1,"farmersdelight:vegetable_soup":5,"minecraft:cyan_terracotta":4,"farmersdelight:fried_rice":2,"cfm:gray_kitchen_counter":1,"apocalypsenow:hookey_stick":39,"minecraft:stone_bricks":4,"immersiveengineering:concrete":6,"apocalypsenow:porpsi":5,"minecraft:furnace":1,"apocalypsenow:night_stick":9,"farmersdelight:beef_stew":2,"farmersdelight:potato_crate":1,"embellishcraft:spruce_wooden_crate":1,"farmersdelight:chicken_soup":2,"minecraft:dark_oak_stairs":7,"minecraft:birch_planks":4,"minecraft:glass_bottle":9,"minecraft:stone_pickaxe":96,"pfm:basic_sink":1,"minecraft:wooden_pickaxe":86,"minecraft:crafting_table":4,"quark:paper_wall":2,"farmersdelight:apple_cider":3,"minecraft:bread":3,"quark:oak_hedge":1,"minecraft:iron_door":3,"embellishcraft:smooth_basalt":3,"minecraft:stone_axe":13,"pfm:dark_oak_green_simple_bed":2,"apocalypsenow:knife_spear":56,"apocalypsenow:dagger":497,"minecraft:cobblestone":6,"minecraft:potion":14,"chalk:blue_chalk":10,"minecraft:andesite":8,"minecraft:smooth_stone_slab":1,"minecraft:coarse_dirt":3,"quark:smooth_stone_vertical_slab":1,"embellishcraft:polished_marble":2,"minecraft:gray_stained_glass":4},"minecraft:custom":{"lootr:looted_stat":29,"minecraft:mob_kills":259,"minecraft:interact_with_crafting_table":20,"minecraft:open_barrel":3,"minecraft:leave_game":1,"minecraft:time_since_death":16506,"minecraft:climb_one_cm":36836,"minecraft:sprint_one_cm":125321,"minecraft:damage_blocked_by_shield":30,"minecraft:walk_one_cm":466787,"minecraft:fridge_opened":3,"minecraft:drop":34,"minecraft:damage_dealt_absorbed":120,"minecraft:talked_to_villager":3,"minecraft:play_time":143483,"minecraft:deaths":2,"minecraft:sneak_time":24191,"minecraft:walk_under_water_one_cm":396,"minecraft:jump":1137,"minecraft:walk_on_water_one_cm":460,"minecraft:total_world_time":143483,"minecraft:interact_with_furnace":7,"minecraft:toilet_used":2,"minecraft:stove_opened":2,"minecraft:trashcan_opened":2,"minecraft:sleep_in_bed":2,"minecraft:time_since_rest":16594,"minecraft:damage_taken":2177,"minecraft:damage_dealt":27055,"minecraft:fly_one_cm":100787,"minecraft:freezer_opened":2,"minecraft:crouch_one_cm":61218,"minecraft:fall_one_cm":27010},"minecraft:picked_up":{"create:cut_calcite":3,"minecraft:crafting_table":2,"minecraft:coarse_dirt":3,"minecraft:flower_pot":1,"create:mechanical_crafter":2,"createaddition:accumulator":1,"create:rotation_speed_controller":1,"minecraft:potion":6,"apocalypsenow:u_sarmy_helmet":1,"minecraft:heavy_weighted_pressure_plate":1,"minecraft:string":170,"minecraft:smooth_stone_slab":1,"create:chute":3,"farmersdelight:fried_rice":1,"embellishcraft:smooth_basalt":7,"create:mechanical_press":1,"minecraft:smooth_stone":13,"apocalypsenow:construction_boots":5,"minecraft:spruce_planks":16,"farmersdelight:cod_slice":6,"quark:black_shard":14,"minecraft:sugar_cane":1,"minecraft:egg":13,"quark:jasper_vertical_slab":3,"minecraft:furnace":3,"minecraft:stick":1,"cfm:cyan_kitchen_counter":3,"farmersdelight:potato_crate":1,"embellishcraft:smooth_slate":1,"embellishcraft:smooth_marble":20,"farmersdelight:minced_beef":7,"minecraft:torch":55,"minecraft:bowl":4,"sophisticatedbackpacks:backpack":1,"tac:mp9":1,"create:hand_crank":2,"farmersdelight:chicken_cuts":4,"minecraft:carrot":4,"immersiveengineering:concrete":6,"minecraft:dark_oak_planks":5,"create:deployer":1,"minecraft:quartz_block":1,"quark:smooth_quartz_vertical_slab":1,"apocalypsenow:porpsi":10,"apocalypsenow:whisky":4,"minecraft:rotten_flesh":188,"cfm:gray_kitchen_counter":1,"minecraft:cyan_terracotta":18,"create:depot":2,"apocalypsenow:police_boots":1,"minecraft:iron_bars":4,"minecraft:white_wool":9,"minecraft:cobblestone":23,"apocalypsenow:u_sarmy_boots":1,"tac:round45":22,"apocalypsenow:peach_juice":1,"minecraft:iron_door":3,"apocalypsenow:coffee":2,"minecraft:andesite":8,"apocalypsenow:orange_juice":2,"minecraft:potato":1,"minecraft:birch_planks":1,"farmersdelight:bacon":13,"apocalypsenow:cereal":16,"quark:iron_ladder":2,"contenttweaker:rubber":1,"embellishcraft:polished_marble":2,"minecraft:nether_wart_block":1,"apocalypsenow:construction_chestplate":4,"minecraft:dirt":10,"minecraft:stripped_birch_log":12,"apocalypsenow:u_sarmy_leggings":4,"minecraft:bone":200,"apocalypsenow:construction_leggings":2,"minecraft:stone_bricks":4,"minecraft:wheat_seeds":1,"farmersdelight:apple_cider":6,"embellishcraft:spruce_wooden_crate":1,"apocalypsenow:money":4,"farmersdelight:fruit_salad":4,"minecraft:iron_ingot":4,"minecraft:stone_pickaxe":1,"apocalypsenow:red_bikers_helmet":1,"minecraft:glass_bottle":2,"tac:9mm_round":49,"minecraft:moss_block":2,"minecraft:dark_oak_stairs":8,"apocalypsenow:grape_juice":11,"biomesoplenty:toadstool":1,"firstaid:plaster":2,"quark:smooth_stone_vertical_slab":1,"apocalypsenow:u_sarmy_chestplate":2,"chalk:red_chalk":1,"minecraft:stone_brick_slab":1,"apocalypsenow:chips":10,"another_furniture:spruce_drawer":24,"apocalypsenow:vodka":3,"minecraft:spruce_sapling":2,"quark:stone_brick_vertical_slab":3,"minecraft:spruce_log":12,"apocalypsenow:dagger":2,"apocalypsenow:royal_canada_police_officer_helmet":1,"apocalypsenow:coke":6,"pfm:basic_sink":1,"minecraft:stone_axe":1,"quark:paper_wall":3,"quark:oak_hedge":1,"alexsmobs:maggot":2,"quark:gray_shard":43,"apocalypsenow:construction_helmet":7,"pfm:dark_oak_green_simple_bed":2,"create:stressometer":1,"apocalypsenow:apple_juice":1},"minecraft:dropped":{"minecraft:dark_oak_stairs":1,"minecraft:glass_bottle":1,"quark:gray_shard":9,"quark:paper_wall":1,"minecraft:cyan_terracotta":13,"chalk:red_chalk":1,"minecraft:torch":1,"embellishcraft:smooth_basalt":4,"minecraft:nether_wart_block":1,"minecraft:smooth_stone":7,"quark:black_shard":14,"apocalypsenow:u_sarmy_chestplate":1,"minecraft:sugar_cane":1,"embellishcraft:smooth_slate":1,"minecraft:bowl":3,"embellishcraft:smooth_marble":2,"quark:jasper_vertical_slab":2,"farmersdelight:cabbage":2,"apocalypsenow:money":1,"minecraft:flower_pot":1,"minecraft:heavy_weighted_pressure_plate":1,"apocalypsenow:red_bikers_helmet":1,"quark:stone_brick_vertical_slab":3,"minecraft:iron_bars":2,"quark:smooth_quartz_vertical_slab":1,"another_furniture:spruce_drawer":12},"minecraft:killed_by":{"zombie_extreme:demolisher":1,"minecraft:zombie":1},"minecraft:killed":{"hordes:zombie_player":1,"undead_revamp2:thesmoker":11,"undead_revamp2:bomber":1,"zombie_extreme:runner":2,"zombie_extreme:crawler":2,"minecraft:husk":8,"undead_revamp2:the_moonflower":3,"minecraft:zombie":221,"zombie_extreme:infected_police":6,"alexsmobs:fly":1},"minecraft:mined":{"minecraft:dark_oak_planks":8,"quark:smooth_quartz_vertical_slab":1,"pfm:dark_oak_green_simple_bed":2,"minecraft:spruce_planks":17,"minecraft:stripped_birch_log":12,"embellishcraft:spruce_wooden_crate":1,"minecraft:gray_stained_glass_pane":4,"minecraft:grass_block":6,"create:depot":2,"minecraft:light_gray_bed":1,"quark:stone_brick_vertical_slab":1,"minecraft:spruce_leaves":12,"minecraft:moss_block":2,"create:rotation_speed_controller":1,"quark:jasper_vertical_slab":1,"minecraft:spawner":33,"embellishcraft:smooth_basalt":7,"create:cut_calcite":4,"minecraft:smooth_stone":6,"minecraft:black_stained_glass_pane":7,"quark:potted_sugar_cane":1,"minecraft:furnace":3,"minecraft:heavy_weighted_pressure_plate":1,"another_furniture:spruce_drawer":12,"minecraft:andesite":8,"minecraft:dark_oak_stairs":8,"minecraft:iron_bars":4,"create:chute":3,"create:deployer":1,"minecraft:stone":23,"create:mechanical_press":1,"minecraft:white_wool":9,"create:dark_oak_window_pane":9,"quark:smooth_stone_vertical_slab":1,"minecraft:quartz_block":2,"minecraft:cyan_terracotta":18,"pfm:basic_sink":1,"embellishcraft:smooth_slate":1,"minecraft:stone_brick_slab":1,"farmersdelight:potato_crate":1,"minecraft:crafting_table":2,"minecraft:torch":7,"minecraft:gray_stained_glass":9,"embellishcraft:polished_marble":2,"minecraft:iron_door":3,"minecraft:wall_torch":11,"immersiveengineering:concrete":6,"minecraft:black_stained_glass":2,"minecraft:birch_planks":1,"minecraft:coarse_dirt":3,"minecraft:dark_oak_slab":1,"minecraft:nether_wart_block":1,"quark:paper_wall":3,"minecraft:spruce_log":12,"minecraft:smooth_stone_slab":1,"embellishcraft:smooth_marble":20,"cfm:gray_kitchen_counter":1,"createaddition:accumulator":1,"quark:oak_hedge":1,"create:mechanical_crafter":2,"create:stressometer":1,"minecraft:dirt":4,"minecraft:stone_bricks":4,"cfm:cyan_kitchen_counter":3,"quark:iron_ladder":2},"minecraft:broken":{"apocalypsenow:knife_spear":1,"minecraft:wooden_pickaxe":1},"minecraft:crafted":{"apocalypsenow:butterfly_knife":1,"minecraft:leather":24,"minecraft:air":154,"minecraft:stick":4,"minecraft:wooden_axe":1}},"DataVersion":2975}