{"stats":{"minecraft:crafted":{"minecraft:black_dye":3,"minecraft:smooth_stone":14,"minecraft:chain":1,"minecraft:lever":1,"minecraft:bookshelf":1,"quark:calcite_pillar":1,"minecraft:glass":56,"minecraft:diamond_leggings":1,"create:mechanical_press":1,"create:polished_cut_calcite":1,"create:cogwheel":24,"minecraft:emerald":590,"minecraft:diamond_axe":4,"create:cut_calcite_bricks":1,"minecraft:smithing_table":1,"minecraft:copper_ingot":280,"regions_unexplored:magnolia_stairs":72,"minecraft:fletching_table":2,"minecraft:campfire":5,"create:mechanical_mixer":1,"minecraft:stone_brick_stairs":8,"minecraft:lectern":2,"minecraft:golden_leggings":1,"apotheosis:gem_cutting_table":1,"quark:oak_chest":6,"minecraft:stone_slab":6,"minecraft:iron_pickaxe":2,"minecraft:iron_block":1,"minecraft:gold_ingot":63,"create:large_cogwheel":24,"minecraft:stone_shovel":12,"minecraft:iron_nugget":344,"create:calcite_pillar":4,"minecraft:bone_meal":24,"minecraft:spruce_stairs":160,"minecraft:spruce_slab":102,"minecraft:diamond_boots":1,"quark:spruce_chest":5,"minecraft:chainmail_leggings":28,"regions_unexplored:magnolia_planks":1892,"swem:tack_box_black":1,"minecraft:wheat":306,"luminousworld:autumnplank":48,"minecraft:enchanting_table":1,"quark:calcite_bricks":1,"sophisticatedbackpacks:gold_backpack":4,"quark:polished_calcite":1,"minecraft:enchanted_book":1,"apotheotic_additions:mythicalband":1,"create:cut_calcite":3,"minecraft:wooden_axe":1,"minecraft:iron_shovel":4,"create:shaft":120,"minecraft:grindstone":1,"minecraft:oak_planks":1348,"minecraft:stone":315,"minecraft:hopper":1,"minecraft:iron_boots":12,"minecraft:chest":3,"create:small_calcite_bricks":1,"regions_unexplored:willow_planks":24,"minecraft:stone_bricks":60,"create:depot":1,"create:layered_calcite":3,"sophisticatedbackpacks:backpack":4,"minecraft:crafting_table":1,"minecraft:spruce_planks":2352,"minecraft:baked_potato":312,"minecraft:birch_planks":376,"minecraft:spruce_trapdoor":2,"minecraft:string":16,"minecraft:book":3,"minecraft:paper":9,"minecraft:diamond_pickaxe":2,"create:water_wheel":2,"minecraft:shield":7,"minecraft:stick":18575,"minecraft:iron_ingot":226,"minecraft:shears":1,"create:empty_blaze_burner":2,"minecraft:oak_door":3,"minecraft:tripwire_hook":2,"minecraft:stone_brick_wall":12,"minecraft:furnace":3,"minecraft:blast_furnace":4,"minecraft:flint_and_steel":1,"regions_unexplored:magnolia_trapdoor":10,"minecraft:iron_axe":12,"minecraft:iron_hoe":1,"create:millstone":1,"create:basin":1,"sophisticatedbackpacks:iron_backpack":4,"create:andesite_alloy":112,"iceandfire:silver_ingot":2,"create:large_water_wheel":2,"minecraft:stone_axe":55,"minecraft:bread":225,"minecraft:air":0,"justhammers:iron_hammer":2,"quark:spruce_bookshelf":17,"create:whisk":1,"justhammers:stone_hammer":1,"quark:chiseled_calcite_bricks":1,"minecraft:stonecutter":1,"minecraft:torch":620,"create:zinc_ingot":140},"minecraft:custom":{"minecraft:interact_with_crafting_table":136,"minecraft:open_barrel":29,"minecraft:leave_game":7,"minecraft:time_since_death":3896,"minecraft:damage_blocked_by_shield":1749,"minecraft:play_time":977891,"minecraft:deaths":33,"minecraft:jump":11470,"minecraft:enchant_item":1,"minecraft:interact_with_furnace":101,"minecraft:traded_with_villager":723,"minecraft:sleep_in_bed":52,"minecraft:waystone_activated":4,"minecraft:damage_dealt":66401,"tombstone:undead_killed":63,"minecraft:horse_one_cm":19052,"minecraft:interact_with_smithing_table":1,"minecraft:inspect_hopper":10,"minecraft:damage_dealt_absorbed":7086,"minecraft:sneak_time":40794,"minecraft:interact_with_blast_furnace":37,"minecraft:total_world_time":977891,"tombstone:raider_killed":13,"minecraft:tune_noteblock":7,"minecraft:interact_with_stonecutter":25,"minecraft:time_since_rest":3602,"minecraft:swim_one_cm":41995,"minecraft:fly_one_cm":3523899,"minecraft:open_chest":339,"minecraft:fall_one_cm":322680,"minecraft:damage_resisted":45041,"minecraft:sprint_one_cm":5867720,"minecraft:drop":419,"minecraft:play_noteblock":1,"minecraft:talked_to_villager":405,"minecraft:walk_on_water_one_cm":73126,"minecraft:interact_with_loom":4,"minecraft:crouch_one_cm":292994,"minecraft:mob_kills":215,"minecraft:damage_dealt_resisted":517,"minecraft:climb_one_cm":24085,"minecraft:walk_one_cm":6182437,"minecraft:walk_under_water_one_cm":57870,"minecraft:interact_with_grindstone":5,"minecraft:damage_taken":28099,"minecraft:damage_absorbed":799,"minecraft:trigger_trapped_chest":200},"minecraft:dropped":{"quark:gold_bars":1,"minecraft:glow_ink_sac":3,"minecraft:diamond":10,"minecraft:spore_blossom":1,"minecraft:orange_tulip":1,"minecraft:rooted_dirt":3,"epicfight:stray_hat":1,"minecraft:leather_helmet":2,"minecraft:item_frame":1,"minecraft:emerald":83,"minecraft:dirt":23,"duneons:windhole":1,"minecraft:stone_button":1,"create:scorchia":1,"magistuarmory:rusted_bastardsword":1,"swem:star_worm":20,"minecraft:gold_nugget":37,"minecraft:iron_pickaxe":1,"minecraft:stone_axe":59,"minecraft:iron_nugget":7,"minecraft:rotten_flesh":30,"justhammers:iron_hammer":2,"supplementaries:flax_seeds":8,"minecraft:coal_ore":2,"apotheosis:gem":1,"minecraft:leather_boots":1,"create:limestone":8,"minecraft:leather_leggings":1,"minecraft:spruce_slab":1,"minecraft:stone_brick_stairs":4,"minecraft:iron_ingot":6,"minecraft:wheat_seeds":60,"quark:polished_calcite":1,"minecraft:chainmail_helmet":1,"regions_unexplored:daisy":77,"minecraft:wooden_axe":1,"minecraft:rose_bush":6,"enemyexpansion:wasp_thorax":1,"regions_unexplored:glistering_sprout":6,"minecraft:golden_hoe":1,"quark:calcite_bricks":1,"quark:jasper_bricks":2,"minecraft:white_banner":3,"magistuarmory:rustedbarbute":1,"quark:spruce_ladder":4,"minecraft:chainmail_leggings":12,"minecraft:spruce_sapling":1,"minecraft:moss_carpet":1,"minecraft:redstone_ore":3,"regions_unexplored:blue_magnolia_sapling":2,"minecraft:cobblestone_wall":1,"quark:red_corundum_cluster":2,"quark:chiseled_calcite_bricks":63,"minecraft:stone_shovel":12,"minecraft:chicken":1,"quark:rope":1,"regions_unexplored:aster":1,"regions_unexplored:hyssop":14,"minecraft:lily_of_the_valley":1,"create:cut_dripstone":2,"minecraft:potato":1,"minecraft:flower_pot":2,"regions_unexplored:magnolia_stairs":11,"create:zinc_ingot":140,"minecraft:spruce_trapdoor":9,"minecraft:spruce_planks":2,"minecraft:stone_bricks":4,"regions_unexplored:blue_lupine":2,"minecraft:moss_block":1,"minecraft:diamond_axe":2,"magistuarmory:rustedcrusader_chestplate":1,"minecraft:lantern":2,"minecraft:leather":2,"regions_unexplored:dorcel":1,"magistuarmory:rustednorman_helmet":1,"minecraft:cobblestone_stairs":1,"regions_unexplored:brimsprout":1,"minecraft:cornflower":2,"regions_unexplored:willow_planks":2,"quark:oak_post":2,"swem:oat_seeds":16,"regions_unexplored:felicia_daisy":79,"minecraft:gravel":6,"minecraft:white_tulip":1,"swem:alfalfa_seeds":16,"quark:calcite_pillar":1,"patchouli:guide_book":1,"regions_unexplored:mycotoxic_grass":8,"minecraft:chainmail_chestplate":1,"supplementaries:ash":1,"justhammers:stone_hammer":1,"minecraft:leather_chestplate":1,"swem:timothy_seeds":15,"magistuarmory:rustedchainmail_chestplate":1,"create:zinc_ore":1,"minecraft:iron_ore":1,"minecraft:iron_bars":1,"minecraft:arrow":4,"quark:polished_jasper":2,"magistuarmory:rustedchainmail_boots":1,"minecraft:written_book":3,"regions_unexplored:tsubaki":1,"minecraft:stripped_spruce_log":28,"minecraft:oak_slab":8,"minecraft:mossy_cobblestone":19,"weaponmaster:tutorialbook":39,"minecraft:andesite_wall":2,"minecraft:copper_ingot":254,"minecraft:spruce_stairs":1,"bossominium:the_bossdexium":1,"minecraft:stick":517,"regions_unexplored:salmon_poppy_bush":2,"minecraft:torch":2,"tombstone:grave_key":2,"regions_unexplored:mycotoxic_daisy":1,"duneons:ravagergateiron":1,"minecraft:fire_charge":1,"tombstone:grave_dust":6,"quark:oak_leaf_carpet":15,"minecraft:dandelion":3,"minecraft:redstone":9,"regions_unexplored:waratah":1,"minecraft:coarse_dirt":1,"minecraft:raw_copper":84,"magistuarmory:rustedhalfarmor_chestplate":3,"minecraft:dirt_path":2,"regions_unexplored:small_oak_sapling":2,"regions_unexplored:pink_lupine":4,"quark:stone_vertical_slab":1,"duneons:gildedglory_chestplate":1,"luminousworld:groundpebbles_1":5,"minecraft:andesite":3,"minecraft:spruce_log":207,"minecraft:calcite":430,"duneons:sanctumstonepatternedgilded":1,"quark:red_corundum":2,"duneons:goldblockchiseled":1},"minecraft:picked_up":{"regions_unexplored:small_oak_log":46,"minecraft:iron_chestplate":1,"minecraft:flower_pot":2,"regions_unexplored:magnolia_log":481,"minecraft:lead":24,"quark:spruce_ladder":9,"regions_unexplored:glistering_sprout":6,"minecraft:wither_rose":1,"minecraft:enchanted_book":1,"minecraft:infested_stone":24,"duneons:oakwoodbrew":1,"minecraft:brewing_stand":2,"quark:jasper_bricks_vertical_slab":1,"paraglider:goddess_statue":1,"minecraft:string":57,"create:limestone":9,"create:piston_extension_pole":3,"create:water_wheel":2,"create:sticky_mechanical_piston":1,"minecraft:gold_nugget":102,"minecraft:cobbled_deepslate":577,"quark:calcite_pillar":1,"minecraft:spruce_planks":170,"minecraft:written_book":3,"minecraft:coal_block":9,"illagerrevolutionmod:raker_claw":3,"minecraft:diamond_ore":9,"luminousworld:auburnlog":12,"create:andesite_casing":4,"magistuarmory:rustedcrusader_chestplate":2,"minecraft:tropical_fish":1,"quark:calcite_bricks":1,"create:layered_calcite":57,"minecraft:iron_block":4,"supplementaries:ash":55,"duneons:vasehighland":1,"create:brown_seat":1,"minecraft:birch_log":106,"magistuarmory:rustedchainmail_boots":1,"quark:oak_post":2,"minecraft:flint":1,"minecraft:lantern":3,"regions_unexplored:magnolia_planks":63,"create:goggles":1,"create:shaft":22,"quark:chiseled_calcite_bricks":10,"minecraft:glowstone_dust":5,"minecraft:moss_block":1,"minecraft:pitcher_pod":2,"minecraft:stripped_spruce_log":29,"minecraft:trapped_chest":1,"regions_unexplored:pink_lupine":4,"minecraft:barrel":9,"minecraft:bundle":1,"regions_unexplored:hyssop":17,"quark:andesite_vertical_slab":1,"minecraft:lever":1,"regions_unexplored:magnolia_trapdoor":9,"regions_unexplored:willow_log":143,"minecraft:chainmail_helmet":2,"minecraft:bread":7,"minecraft:rooted_dirt":4,"iceandfire:raw_silver":5,"create:cut_calcite":28,"luminousworld:groundpebbles_1":6,"minecraft:coarse_dirt":53,"minecraft:crafting_table":1,"iceandfire:witherbone":1,"minecraft:clay_ball":7,"minecraft:leather_leggings":1,"duneons:gildedglory_chestplate":1,"regions_unexplored:mycotoxic_daisy":1,"minecraft:cornflower":2,"duneons:windhole":2,"epicfight:stray_hat":2,"create:scorchia":1,"minecraft:iron_shovel":3,"quark:spruce_chest":4,"minecraft:spruce_slab":7,"minecraft:chest":2,"minecraft:birch_sapling":2,"celestisynth:zephyr_deposit":5,"minecraft:raw_copper_block":1,"minecraft:copper_ore":10,"minecraft:raw_gold_block":13,"minecraft:oak_door":1,"minecraft:glow_item_frame":1,"magistuarmory:rustedbarbute":1,"sophisticatedbackpacks:backpack":2,"farmersdelight:tomato_seeds":6,"minecraft:carrot":3,"minecraft:redstone":348,"create:vertical_gearbox":11,"minecraft:tnt":18,"regions_unexplored:felicia_daisy":81,"minecraft:diamond_boots":2,"minecraft:hay_block":23,"swem:alfalfa_seeds":18,"create:depot":1,"tombstone:essence_of_undeath":1,"minecraft:gold_ingot":4,"create:cut_calcite_bricks":1,"minecraft:polished_blackstone":2,"regions_unexplored:willow_planks":2,"minecraft:mutton":10,"minecraft:rail":6,"minecraft:white_wool":7,"minecraft:bone_block":12,"minecraft:emerald_ore":8,"minecraft:lapis_ore":15,"minecraft:stripped_oak_log":11,"magistuarmory:rustedhalfarmor_chestplate":3,"minecraft:tripwire_hook":2,"luminousworld:ishstone":21,"minecraft:oak_log":303,"illagerrevolutionmod:scrounger_feather":15,"minecraft:white_banner":3,"regions_unexplored:stripped_magnolia_log":2,"minecraft:paper":2,"quark:polished_jasper":2,"regions_unexplored:waratah":1,"regions_unexplored:aster":1,"create:crushing_wheel":1,"minecraft:creeper_spawn_egg":1,"minecraft:apple":4,"minecraft:stone_bricks":40,"minecraft:spore_blossom":2,"minecraft:music_disc_far":1,"duneons:mountaineeraxeiron":1,"minecraft:iron_ore":14,"weaponmaster:tutorialbook":12,"create:cut_deepslate":1,"tombstone:bag_of_seeds":1,"minecraft:glass_bottle":1,"minecraft:gray_bed":7,"create:mechanical_saw":9,"quark:stick_block":5,"minecraft:smooth_basalt":12,"minecraft:gravel":21,"magistuarmory:rustednorman_helmet":1,"minecraft:spruce_sapling":72,"minecraft:spruce_log":2194,"magistuarmory:rustedchainmail_leggings":1,"quark:jasper_bricks":2,"create:gearbox":11,"minecraft:leather_helmet":4,"create:millstone":5,"minecraft:coal_ore":12,"minecraft:slime_ball":2,"regions_unexplored:fireweed":1,"minecraft:stone_axe":7,"duneons:goldblockchiseled":1,"minecraft:redstone_ore":14,"minecraft:diamond_axe":2,"create:rose_quartz":5,"duneons:ravagergateiron":1,"minecraft:baked_potato":12,"quark:rope":1,"minecraft:hopper":3,"minecraft:ender_pearl":4,"minecraft:wheat":258,"regions_unexplored:brimsprout":1,"enemyexpansion:wasp_thorax":2,"minecraft:stone_brick_stairs":3,"tombstone:grave_key":1,"minecraft:raw_copper":705,"minecraft:armor_stand":3,"minecraft:experience_bottle":2,"create:sand_paper":1,"create:mechanical_press":1,"minecraft:smooth_stone":1,"minecraft:white_tulip":1,"minecraft:rose_bush":6,"minecraft:ender_eye":2,"minecraft:calcite":851,"minecraft:iron_pickaxe":2,"minecraft:furnace":6,"create:builders_tea":1,"minecraft:tipped_arrow":1,"minecraft:stick":388,"apotheosis:gem":13,"create:mechanical_mixer":2,"minecraft:torch":81,"minecraft:spruce_stairs":38,"epicfight:skillbook":3,"tombstone:grave_dust":8,"minecraft:pointed_dripstone":2,"minecraft:dirt_path":1,"regions_unexplored:daisy":78,"create:large_cogwheel":19,"regions_unexplored:magnolia_stairs":131,"minecraft:andesite_wall":2,"minecraft:rotten_flesh":99,"regions_unexplored:tsubaki":2,"regions_unexplored:blue_magnolia_sapling":18,"supplementaries:antique_ink":9,"create:veridium":38,"minecraft:obsidian":14,"minecraft:cobblestone":3021,"minecraft:leather_chestplate":2,"minecraft:andesite":316,"quark:polished_calcite":1,"swem:star_worm":47,"minecraft:black_bed":3,"minecraft:potato":1115,"paraglider:spirit_orb":24,"minecraft:tuff":253,"create:raw_zinc":249,"supplementaries:flax_seeds":10,"minecraft:lapis_lazuli":1281,"minecraft:dirt":417,"minecraft:name_tag":2,"minecraft:leather_boots":1,"minecraft:bone":59,"illagerrevolutionmod:goggles_miner":1,"minecraft:bow":2,"minecraft:orange_tulip":1,"minecraft:wheat_seeds":454,"minecraft:raw_gold":117,"minecraft:cobbled_deepslate_slab":1,"swem:tack_box_black":1,"swem:oat_seeds":17,"minecraft:oak_planks":46,"minecraft:cooked_porkchop":1,"create:cogwheel":29,"swem:cantazarite":71,"minecraft:poisonous_potato":5,"minecraft:lily_of_the_valley":1,"quark:red_corundum":2,"minecraft:mossy_cobblestone":25,"quark:gold_bars":1,"magistuarmory:iron_rondache":1,"alexscaves:hologram_projector":1,"duneons:ravager_gatewood":1,"minecraft:sugar":3,"alexscaves:diving_chestplate":1,"minecraft:diamond":86,"illagerrevolutionmod:illagium_runed_blade":1,"duneons:ravagergatewood_3":1,"minecraft:golden_apple":1,"minecraft:emerald":161,"minecraft:oak_sapling":10,"minecraft:netherrack":411,"quark:stone_vertical_slab":1,"minecraft:charcoal":64,"regions_unexplored:mycotoxic_grass":8,"minecraft:chicken":1,"minecraft:turtle_helmet":3,"minecraft:chest_minecart":1,"create:polished_cut_calcite":1,"minecraft:stone_brick_wall":11,"minecraft:chain":4,"minecraft:shield":1,"create:small_calcite_bricks":3,"minecraft:moss_carpet":1,"minecraft:iron_axe":2,"create:calcite_pillar":46,"create:zinc_ore":12,"create:basin":1,"minecraft:lectern":223,"minecraft:tinted_glass":4,"minecraft:sugar_cane":124,"create:linear_chassis":2,"minecraft:spruce_trapdoor":13,"minecraft:phantom_membrane":1,"minecraft:raw_iron":485,"illagerrevolutionmod:junk_axe":1,"regions_unexplored:volcanic_ash":2,"regions_unexplored:blue_lupine":2,"quark:deepslate_furnace":2,"minecraft:stone_button":1,"create:hand_crank":6,"quark:oak_leaf_carpet":15,"minecraft:arrow":21,"iceandfire:cyclops_eye":1,"minecraft:nether_bricks":3,"minecraft:pumpkin_pie":2,"create:experience_nugget":29,"alexscaves:spelunkery_table":1,"curseofpandora:rotten_spine":1,"minecraft:skeleton_skull":1,"regions_unexplored:dorcel":1,"swem:timothy_seeds":17,"minecraft:glow_ink_sac":5,"minecraft:leather":22,"create:cut_dripstone":2,"minecraft:chainmail_chestplate":1,"create:andesite_alloy":11,"iceandfire:ectoplasm":3,"minecraft:gunpowder":25,"minecraft:cobblestone_wall":7,"regions_unexplored:salmon_poppy_bush":2,"minecraft:cobblestone_stairs":1,"regions_unexplored:small_oak_sapling":4,"quark:forgotten_hat":1,"minecraft:iron_ingot":15,"minecraft:book":33,"minecraft:oak_slab":29,"create:large_water_wheel":1,"minecraft:black_candle":1,"quark:red_corundum_cluster":2,"minecraft:quartz":112,"magistuarmory:rustedchainmail_chestplate":1,"regions_unexplored:willow_sapling":6,"supplementaries:sack":9,"minecraft:stone_brick_slab":1,"quark:glass_item_frame":7,"minecraft:dandelion":3,"minecraft:raw_iron_block":13,"minecraft:blast_furnace":1,"minecraft:white_bed":3,"minecraft:gold_ore":6,"quark:oak_chest":2,"minecraft:spider_eye":27,"minecraft:spruce_door":1,"magistuarmory:rusted_bastardsword":1,"magistuarmory:rustedcrusader_boots":1,"minecraft:chainmail_leggings":15,"alexscaves:primordial_tunic":1,"minecraft:coal":412},"minecraft:killed":{"illagerrevolutionmod:illager_scavenger":3,"minecraft:cave_spider":7,"enemyexpansion:equestrian":1,"minecraft:skeleton":12,"alexscaves:underzealot":1,"minecraft:iron_golem":1,"illagerrevolutionmod:scrounger":2,"minecraft:pillager":6,"enemyexpansion:meature":1,"minecraft:zombie":31,"enemyexpansion:vampire":1,"illagerrevolutionmod:raker":1,"illagerrevolutionmod:mauler":2,"enemyexpansion:trollenraged":1,"minecraft:vindicator":3,"illagerrevolutionmod:zombified":3,"minecraft:horse":1,"illagerrevolutionmod:blade_knight":1,"duneons:squallgolem":39,"minecraft:husk":1,"iceandfire:cyclops":1,"enemyexpansion:sprinter":2,"iceandfire:ghost":1,"minecraft:witch":2,"minecraft:spider":3,"minecraft:silverfish":6,"illagerrevolutionmod:illager_beast_tamer":1,"minecraft:zombie_villager":1,"minecraft:creeper":3,"duneons:mountaineer":31,"minecraft:trader_llama":3,"minecraft:stray":3,"enemyexpansion:wasp":2,"enemyexpansion:direwolf":9,"bloomingnature:turkey":1,"minecraft:phantom":2,"enemyexpansion:huntsman":2,"minecraft:wither_skeleton":1,"enemyexpansion:slugger":1},"minecraft:used":{"minecraft:spruce_slab":74,"minecraft:polished_blackstone":2,"minecraft:chest":2,"duneons:ravagergatewood_3":1,"minecraft:stone":60,"create:depot":2,"minecraft:lava_bucket":1,"quark:chiseled_calcite_bricks":10,"minecraft:copper_ore":9,"create:zinc_ore":10,"minecraft:stone_brick_stairs":11,"create:polished_cut_calcite":1,"minecraft:bow":4,"create:shaft":10,"minecraft:furnace":4,"magistuarmory:rusted_bastardsword":254,"minecraft:potato":82,"minecraft:emerald_ore":8,"quark:polished_calcite":1,"minecraft:blast_furnace":5,"minecraft:lectern":225,"minecraft:diamond_ore":9,"quark:calcite_pillar":1,"create:basin":2,"minecraft:smithing_table":1,"minecraft:birch_log":12,"minecraft:enchanting_table":1,"minecraft:stone_sword":77,"create:cut_calcite":158,"quark:spruce_bookshelf":16,"minecraft:stick":11,"minecraft:torch":641,"farmersdelight:flint_knife":67,"regions_unexplored:magnolia_log":8,"regions_unexplored:daisy":1,"create:gearbox":4,"minecraft:iron_axe":1599,"minecraft:rooted_dirt":1,"apotheosis:gem_cutting_table":1,"minecraft:tripwire_hook":2,"tombstone:gift":7,"minecraft:trapped_chest":1,"minecraft:calcite":3,"minecraft:wheat_seeds":96,"minecraft:water_bucket":106,"minecraft:fletching_table":2,"minecraft:gold_ore":6,"regions_unexplored:tsubaki":1,"minecraft:mossy_cobblestone":1,"minecraft:campfire":1,"minecraft:crafting_table":2,"minecraft:oak_slab":4,"minecraft:white_bed":3,"create:layered_calcite":92,"minecraft:spruce_log":274,"justhammers:iron_hammer":449,"minecraft:oak_log":11,"minecraft:diamond_pickaxe":4803,"minecraft:iron_pickaxe":743,"minecraft:spruce_trapdoor":5,"minecraft:spruce_sapling":71,"minecraft:cobblestone":1129,"minecraft:cooked_porkchop":1,"regions_unexplored:magnolia_stairs":131,"quark:oak_chest":4,"minecraft:stripped_oak_log":9,"minecraft:diamond_leggings":1,"create:calcite_pillar":308,"alexscaves:hologram_projector":1,"minecraft:iron_shovel":390,"minecraft:shield":77,"minecraft:iron_sword":250,"duneons:ravager_gatewood":1,"paraglider:goddess_statue":1,"create:cogwheel":51,"create:brown_seat":1,"minecraft:axolotl_bucket":1,"minecraft:obsidian":10,"regions_unexplored:willow_planks":13,"minecraft:coal_ore":9,"create:millstone":6,"minecraft:stone_bricks":76,"create:small_calcite_bricks":3,"minecraft:gray_bed":7,"apotheosis:salvaging_table":1,"epicfight:skillbook":2,"regions_unexplored:felicia_daisy":1,"minecraft:oak_planks":119,"minecraft:diamond_axe":2575,"minecraft:sugar_cane":11,"create:mechanical_saw":8,"naturalist:snail_bucket":1,"minecraft:stone_brick_wall":19,"minecraft:black_bed":3,"minecraft:shears":7,"minecraft:lever":1,"sophisticatedbackpacks:backpack":2,"swem:tack_box_black":1,"minecraft:bread":242,"minecraft:string":30,"illagerrevolutionmod:illagium_runed_blade":13,"regions_unexplored:willow_log":137,"minecraft:grindstone":1,"minecraft:chain":4,"create:vertical_gearbox":6,"minecraft:coarse_dirt":19,"minecraft:bone_meal":26,"create:large_cogwheel":47,"minecraft:experience_bottle":2,"minecraft:flint_and_steel":1,"minecraft:redstone_ore":11,"quark:calcite_bricks":1,"minecraft:spruce_planks":91,"minecraft:oak_door":4,"regions_unexplored:small_oak_log":1,"minecraft:dirt":148,"create:mechanical_mixer":3,"minecraft:hopper":4,"minecraft:spruce_stairs":166,"minecraft:cobblestone_wall":6,"minecraft:iron_hoe":275,"minecraft:wooden_axe":56,"quark:spruce_chest":5,"create:brown_toolbox":3,"alexscaves:spelunkery_table":1,"minecraft:cooked_beef":3,"supplementaries:sack":7,"minecraft:iron_ore":11,"minecraft:baked_potato":302,"minecraft:stonecutter":1,"minecraft:glow_item_frame":1,"create:cut_calcite_bricks":1,"duneons:claymoreblade":45,"regions_unexplored:blue_magnolia_sapling":12,"regions_unexplored:magnolia_planks":64,"tombstone:bag_of_seeds":1,"create:mechanical_press":2,"minecraft:lapis_ore":14,"justhammers:stone_hammer":115,"create:large_water_wheel":3,"regions_unexplored:magnolia_trapdoor":19,"minecraft:stone_axe":255,"minecraft:turtle_helmet":1,"minecraft:bucket":109,"minecraft:pumpkin_pie":2,"create:hand_crank":3,"minecraft:smooth_stone":1,"minecraft:chainmail_leggings":2},"minecraft:killed_by":{"illagerrevolutionmod:soul_sage":1},"minecraft:mined":{"minecraft:white_bed":3,"regions_unexplored:blue_lupine":2,"create:andesite_casing":4,"create:cut_calcite_bricks":1,"regions_unexplored:magnolia_log":486,"quark:oak_leaf_carpet":16,"quark:oak_post":2,"regions_unexplored:brimwood_leaves":1,"minecraft:obsidian":14,"swem:cantazarite_ore":4,"minecraft:stone_brick_wall":10,"minecraft:coal_block":9,"minecraft:hopper":3,"minecraft:red_stained_glass_pane":4,"minecraft:spawner":12,"regions_unexplored:stone_bud":16,"regions_unexplored:magnolia_stairs":131,"minecraft:fire":1,"minecraft:barrel":10,"minecraft:cobbled_deepslate":1,"quark:calcite_bricks":1,"minecraft:moss_carpet":2,"minecraft:deepslate_lapis_ore":35,"create:calcite_pillar":46,"minecraft:cave_vines":1,"minecraft:dirt_path":14,"minecraft:iron_block":4,"create:veridium":39,"create:mechanical_press":1,"duneons:vasehighland":1,"create:limestone":1,"minecraft:tripwire":17,"create:cogwheel":17,"quark:calcite_pillar":1,"quark:gold_bars":1,"minecraft:torch":18,"minecraft:blast_furnace":1,"swem:tack_box_black":1,"minecraft:white_stained_glass_pane":1,"swem:star_worm_cobble":1,"duneons:sanctumstonepatterned":1,"regions_unexplored:meadow_sage":1,"minecraft:sugar_cane":28,"regions_unexplored:tsubaki":2,"create:basin":1,"minecraft:chain":4,"create:sticky_mechanical_piston":1,"regions_unexplored:hyssop":17,"minecraft:tinted_glass":4,"duneons:ravagergatewood_3":1,"minecraft:wheat":97,"create:mechanical_mixer":2,"minecraft:black_bed":3,"minecraft:wither_rose":1,"minecraft:stone_brick_stairs":3,"minecraft:grass":125,"create:hand_crank":4,"quark:stone_vertical_slab":2,"minecraft:smooth_basalt":13,"create:linear_chassis":2,"quark:red_corundum":2,"regions_unexplored:mycotoxic_grass":3,"minecraft:deepslate":552,"minecraft:infested_deepslate":1,"regions_unexplored:fireweed":2,"create:zinc_ore":45,"create:millstone":5,"iceandfire:silver_ore":3,"regions_unexplored:willow_leaves":35,"create:brown_seat":1,"minecraft:nether_bricks":3,"minecraft:cobbled_deepslate_slab":1,"regions_unexplored:stone_grass_block":13,"regions_unexplored:maple_leaves":14,"minecraft:moss_block":2,"quark:jasper_bricks_vertical_slab":1,"create:shaft":22,"minecraft:redstone_ore":17,"create:small_calcite_bricks":3,"minecraft:andesite":321,"quark:polished_jasper":2,"minecraft:vine":2,"minecraft:rail":1,"create:polished_cut_calcite":1,"regions_unexplored:small_oak_log":52,"minecraft:white_wool":4,"regions_unexplored:felicia_daisy":68,"minecraft:oak_slab":13,"quark:oak_chest":2,"minecraft:stone_brick_slab":1,"minecraft:dandelion":3,"minecraft:emerald_ore":18,"regions_unexplored:salmon_poppy_bush":2,"regions_unexplored:volcanic_ash":2,"create:water_wheel":2,"luminousworld:auburnlog":12,"create:cut_deepslate":1,"minecraft:tall_grass":15,"minecraft:copper_ore":46,"quark:chiseled_calcite_bricks":10,"minecraft:deepslate_gold_ore":20,"create:mechanical_saw":9,"minecraft:coarse_dirt":53,"minecraft:cobblestone_wall":1,"create:gearbox":22,"minecraft:spruce_log":1923,"minecraft:birch_leaves":14,"duneons:windhole":1,"quark:deepslate_furnace":2,"create:crushing_wheel":1,"luminousworld:ishstone":24,"regions_unexplored:stripped_magnolia_log":2,"minecraft:gravel":13,"minecraft:polished_blackstone":2,"minecraft:stone_bricks":30,"minecraft:gold_ore":18,"regions_unexplored:magnolia_planks":64,"minecraft:deepslate_emerald_ore":6,"minecraft:infested_stone":4,"minecraft:fern":12,"regions_unexplored:willow_shrub":1,"create:deepslate_zinc_ore":49,"minecraft:spruce_planks":18,"regions_unexplored:willow_planks":1,"quark:andesite_vertical_slab":2,"minecraft:cobblestone_stairs":1,"minecraft:brewing_stand":2,"minecraft:spruce_trapdoor":2,"minecraft:grass_block":236,"regions_unexplored:small_oak_leaves":19,"minecraft:smooth_stone":1,"minecraft:raw_iron_block":9,"regions_unexplored:magnolia_trapdoor":9,"minecraft:iron_ore":125,"quark:stick_block":5,"regions_unexplored:mossy_stone":23,"quark:polished_calcite":1,"supplementaries:stick":9,"minecraft:pointed_dripstone":2,"minecraft:spruce_slab":6,"minecraft:deepslate_redstone_ore":36,"regions_unexplored:willow_log":145,"minecraft:calcite":504,"regions_unexplored:blue_magnolia_leaves":88,"minecraft:nether_quartz_ore":44,"minecraft:cobblestone":253,"minecraft:oak_planks":45,"minecraft:wall_torch":8,"minecraft:deepslate_copper_ore":13,"create:large_water_wheel":1,"minecraft:birch_log":106,"minecraft:orange_tulip":1,"minecraft:tnt":18,"minecraft:oak_log":308,"minecraft:dirt":117,"minecraft:raw_copper_block":1,"minecraft:netherrack":421,"regions_unexplored:glistering_nylium":2,"minecraft:oak_leaves":193,"minecraft:nether_gold_ore":3,"minecraft:diamond_ore":9,"alexscaves:spelunkery_table":1,"luminousworld:groundpebbles_1":3,"minecraft:tuff":238,"minecraft:deepslate_diamond_ore":22,"minecraft:oak_door":1,"regions_unexplored:pink_lupine":2,"regions_unexplored:oak_branch":1,"quark:jasper_bricks_stairs":1,"create:large_cogwheel":19,"quark:jasper_bricks":2,"create:depot":1,"regions_unexplored:aster":1,"minecraft:spruce_leaves":245,"quark:jasper":1,"minecraft:rooted_dirt":4,"luminousworld:groundpebbles_3":3,"create:layered_calcite":53,"create:cut_calcite":28,"minecraft:large_fern":14,"minecraft:hay_block":23,"minecraft:spruce_sapling":2,"minecraft:furnace":6,"minecraft:raw_gold_block":13,"regions_unexplored:waratah":1,"create:scorchia":2,"minecraft:stripped_spruce_log":3,"minecraft:peony":1,"bloomingnature:swamp_oak_leaves":7,"minecraft:deepslate_iron_ore":49,"alexscaves:hologram_projector":1,"duneons:ravager_gatewood":1,"minecraft:stripped_oak_log":10,"regions_unexplored:medium_grass":115,"minecraft:white_tulip":3,"minecraft:stone":2039,"sophisticatedbackpacks:backpack":2,"regions_unexplored:brimsprout_nylium":35,"minecraft:podzol":16,"supplementaries:book_pile_horizontal":1,"regions_unexplored:mycotoxic_moss":15,"minecraft:spruce_door":1,"quark:spruce_bookshelf":8,"minecraft:crafting_table":1,"minecraft:rose_bush":7,"minecraft:lectern":223,"minecraft:andesite_wall":1,"supplementaries:sack":9,"minecraft:deepslate_coal_ore":3,"minecraft:lapis_ore":31,"regions_unexplored:daisy":72,"supplementaries:urn":42,"minecraft:spruce_stairs":38,"duneons:goldblockchiseled":1,"quark:spruce_ladder":5,"minecraft:gray_bed":7,"create:cut_dripstone":3,"minecraft:coal_ore":129,"quark:spruce_chest":4,"regions_unexplored:blue_magnolia_shrub":1,"minecraft:mossy_stone_bricks":1,"paraglider:goddess_statue":1,"swem:lead_anchor":2},"minecraft:broken":{"minecraft:iron_sword":1,"quark:forgotten_hat":1,"duneons:goatgear_chestplate":1,"minecraft:leather_helmet":1,"minecraft:iron_hoe":1,"minecraft:stone_sword":1,"minecraft:diamond_leggings":1,"minecraft:iron_axe":5,"minecraft:iron_pickaxe":3,"duneons:goatgear_helmet":1,"minecraft:stone_axe":2,"swem:boots_riding_leather":1,"alexscaves:primordial_helmet":1,"minecraft:diamond_axe":1,"magistuarmory:rusted_bastardsword":1}},"DataVersion":3465}