{"stats":{"minecraft:killed":{"minecraft:spider":2,"minecraft:skeleton":7,"minecraft:silverfish":2,"minecraft:iron_golem":1,"minecraft:creeper":1,"duneons:mountaineer":31,"minecraft:trader_llama":3,"minecraft:pillager":1,"minecraft:zombie":11,"enemyexpansion:wasp":2,"enemyexpansion:direwolf":4,"bloomingnature:turkey":1,"minecraft:phantom":2,"minecraft:horse":1,"duneons:squallgolem":39,"minecraft:husk":1,"enemyexpansion:sprinter":1,"enemyexpansion:huntsman":1},"minecraft:picked_up":{"regions_unexplored:small_oak_log":46,"minecraft:iron_chestplate":1,"minecraft:wheat":258,"minecraft:flower_pot":2,"regions_unexplored:magnolia_log":481,"minecraft:lead":24,"quark:spruce_ladder":9,"enemyexpansion:wasp_thorax":1,"minecraft:wither_rose":1,"minecraft:enchanted_book":1,"minecraft:stone_brick_stairs":3,"duneons:oakwoodbrew":1,"tombstone:grave_key":1,"minecraft:brewing_stand":2,"paraglider:goddess_statue":1,"minecraft:string":30,"minecraft:raw_copper":404,"minecraft:armor_stand":3,"minecraft:experience_bottle":2,"minecraft:smooth_stone":1,"minecraft:cobbled_deepslate":546,"quark:calcite_pillar":1,"minecraft:spruce_planks":9,"minecraft:calcite":563,"minecraft:ender_eye":2,"minecraft:iron_pickaxe":2,"minecraft:coal_block":8,"minecraft:furnace":6,"minecraft:diamond_ore":9,"minecraft:stick":380,"apotheosis:gem":10,"luminousworld:auburnlog":12,"minecraft:torch":45,"minecraft:spruce_stairs":36,"tombstone:grave_dust":1,"regions_unexplored:daisy":49,"regions_unexplored:magnolia_stairs":131,"minecraft:rotten_flesh":26,"regions_unexplored:blue_magnolia_sapling":18,"quark:calcite_bricks":1,"create:layered_calcite":57,"minecraft:iron_block":1,"supplementaries:ash":15,"duneons:vasehighland":1,"minecraft:obsidian":14,"minecraft:cobblestone":2695,"create:brown_seat":1,"minecraft:birch_log":106,"quark:polished_calcite":1,"swem:star_worm":47,"minecraft:black_bed":3,"quark:oak_post":2,"minecraft:potato":899,"paraglider:spirit_orb":2,"minecraft:flint":1,"minecraft:tuff":163,"create:raw_zinc":150,"supplementaries:flax_seeds":2,"minecraft:lapis_lazuli":522,"minecraft:dirt":204,"minecraft:lantern":2,"minecraft:bone":17,"regions_unexplored:magnolia_planks":63,"minecraft:wheat_seeds":421,"minecraft:raw_gold":22,"swem:tack_box_black":1,"quark:chiseled_calcite_bricks":10,"swem:oat_seeds":10,"minecraft:oak_planks":46,"minecraft:pitcher_pod":2,"minecraft:cooked_porkchop":1,"swem:cantazarite":35,"minecraft:poisonous_potato":3,"minecraft:stripped_spruce_log":2,"minecraft:lily_of_the_valley":1,"minecraft:trapped_chest":1,"minecraft:mossy_cobblestone":14,"magistuarmory:iron_rondache":1,"regions_unexplored:hyssop":4,"duneons:ravager_gatewood":1,"minecraft:diamond":63,"minecraft:lever":1,"duneons:ravagergatewood_3":1,"regions_unexplored:magnolia_trapdoor":9,"regions_unexplored:willow_log":143,"minecraft:chainmail_helmet":2,"minecraft:emerald":47,"minecraft:oak_sapling":10,"iceandfire:raw_silver":5,"create:cut_calcite":28,"luminousworld:groundpebbles_1":4,"minecraft:charcoal":64,"minecraft:crafting_table":1,"minecraft:coarse_dirt":53,"minecraft:chicken":1,"minecraft:clay_ball":7,"minecraft:turtle_helmet":3,"create:polished_cut_calcite":1,"minecraft:stone_brick_wall":11,"minecraft:chain":4,"minecraft:cornflower":2,"duneons:windhole":2,"create:small_calcite_bricks":3,"minecraft:iron_axe":1,"minecraft:iron_shovel":1,"quark:spruce_chest":4,"create:calcite_pillar":46,"create:zinc_ore":10,"minecraft:lectern":223,"minecraft:spruce_slab":7,"minecraft:tinted_glass":4,"minecraft:chest":2,"minecraft:sugar_cane":26,"minecraft:birch_sapling":2,"minecraft:copper_ore":7,"minecraft:spruce_trapdoor":13,"minecraft:phantom_membrane":1,"celestisynth:zephyr_deposit":5,"minecraft:raw_iron":161,"minecraft:oak_door":1,"minecraft:glow_item_frame":1,"regions_unexplored:volcanic_ash":2,"sophisticatedbackpacks:backpack":2,"quark:deepslate_furnace":2,"farmersdelight:tomato_seeds":6,"minecraft:stone_button":1,"create:hand_crank":4,"minecraft:carrot":2,"minecraft:redstone":159,"quark:oak_leaf_carpet":15,"minecraft:arrow":9,"minecraft:pumpkin_pie":2,"regions_unexplored:felicia_daisy":51,"minecraft:diamond_boots":1,"minecraft:hay_block":23,"alexscaves:spelunkery_table":1,"swem:alfalfa_seeds":10,"minecraft:gold_ingot":4,"tombstone:essence_of_undeath":1,"create:cut_calcite_bricks":1,"minecraft:emerald_ore":6,"minecraft:white_wool":4,"minecraft:lapis_ore":11,"minecraft:stripped_oak_log":9,"swem:timothy_seeds":12,"minecraft:tripwire_hook":2,"luminousworld:ishstone":16,"minecraft:leather":7,"minecraft:oak_log":303,"minecraft:gunpowder":6,"minecraft:cobblestone_wall":5,"regions_unexplored:stripped_magnolia_log":2,"minecraft:paper":2,"regions_unexplored:small_oak_sapling":4,"minecraft:apple":4,"minecraft:stone_bricks":39,"minecraft:iron_ingot":15,"minecraft:iron_ore":9,"weaponmaster:tutorialbook":6,"duneons:mountaineeraxeiron":1,"tombstone:bag_of_seeds":1,"minecraft:gray_bed":7,"create:mechanical_saw":3,"minecraft:book":33,"quark:stick_block":5,"minecraft:oak_slab":29,"regions_unexplored:willow_sapling":6,"supplementaries:sack":9,"minecraft:stone_brick_slab":1,"minecraft:dandelion":3,"minecraft:gravel":20,"minecraft:gold_ore":2,"minecraft:spruce_sapling":68,"minecraft:blast_furnace":1,"minecraft:white_bed":3,"minecraft:spruce_log":1870,"magistuarmory:rustedchainmail_leggings":1,"minecraft:spruce_door":1,"quark:oak_chest":2,"minecraft:leather_helmet":1,"minecraft:coal_ore":9,"minecraft:slime_ball":2,"regions_unexplored:fireweed":1,"duneons:goldblockchiseled":1,"minecraft:stone_axe":7,"magistuarmory:rusted_bastardsword":1,"minecraft:chainmail_leggings":15,"magistuarmory:rustedcrusader_boots":1,"minecraft:diamond_axe":1,"minecraft:redstone_ore":9,"duneons:ravagergateiron":1,"alexscaves:primordial_tunic":1,"minecraft:ender_pearl":3,"quark:rope":1,"minecraft:coal":342,"minecraft:hopper":3},"minecraft:crafted":{"minecraft:grindstone":1,"minecraft:black_dye":3,"minecraft:smooth_stone":14,"minecraft:oak_planks":1348,"minecraft:chain":1,"minecraft:stone":315,"minecraft:lever":1,"minecraft:bookshelf":1,"quark:calcite_pillar":1,"minecraft:hopper":1,"minecraft:diamond_leggings":1,"minecraft:iron_boots":12,"create:small_calcite_bricks":1,"minecraft:chest":3,"create:polished_cut_calcite":1,"regions_unexplored:willow_planks":24,"minecraft:stone_bricks":60,"create:layered_calcite":3,"minecraft:emerald":590,"sophisticatedbackpacks:backpack":4,"minecraft:diamond_axe":4,"minecraft:crafting_table":1,"minecraft:spruce_planks":2240,"minecraft:baked_potato":239,"create:cut_calcite_bricks":1,"minecraft:smithing_table":1,"minecraft:copper_ingot":280,"regions_unexplored:magnolia_stairs":72,"minecraft:fletching_table":2,"minecraft:birch_planks":376,"minecraft:stone_brick_stairs":8,"minecraft:spruce_trapdoor":2,"minecraft:diamond_pickaxe":2,"minecraft:lectern":2,"minecraft:string":16,"minecraft:book":3,"minecraft:paper":9,"minecraft:shield":7,"apotheosis:gem_cutting_table":1,"minecraft:stone_slab":6,"quark:oak_chest":6,"minecraft:stick":18399,"minecraft:iron_ingot":192,"minecraft:iron_pickaxe":2,"minecraft:gold_ingot":26,"minecraft:shears":1,"minecraft:oak_door":3,"minecraft:stone_shovel":12,"minecraft:stone_brick_wall":12,"minecraft:tripwire_hook":2,"minecraft:iron_nugget":56,"minecraft:furnace":3,"minecraft:blast_furnace":4,"create:calcite_pillar":4,"minecraft:bone_meal":24,"minecraft:spruce_stairs":156,"regions_unexplored:magnolia_trapdoor":10,"minecraft:iron_axe":12,"minecraft:spruce_slab":102,"minecraft:iron_hoe":1,"minecraft:diamond_boots":1,"quark:spruce_chest":5,"minecraft:chainmail_leggings":28,"regions_unexplored:magnolia_planks":1892,"swem:tack_box_black":1,"minecraft:wheat":306,"luminousworld:autumnplank":48,"iceandfire:silver_ingot":2,"minecraft:enchanting_table":1,"quark:calcite_bricks":1,"quark:polished_calcite":1,"minecraft:stone_axe":55,"minecraft:enchanted_book":1,"minecraft:bread":225,"minecraft:air":0,"justhammers:iron_hammer":2,"quark:spruce_bookshelf":17,"justhammers:stone_hammer":1,"create:cut_calcite":3,"quark:chiseled_calcite_bricks":1,"minecraft:wooden_axe":1,"minecraft:iron_shovel":3,"minecraft:stonecutter":1,"minecraft:torch":432,"create:zinc_ingot":140},"minecraft:mined":{"create:deepslate_zinc_ore":38,"regions_unexplored:willow_shrub":1,"minecraft:spruce_planks":9,"minecraft:white_bed":3,"create:cut_calcite_bricks":1,"regions_unexplored:magnolia_log":486,"quark:oak_leaf_carpet":16,"quark:oak_post":2,"minecraft:brewing_stand":2,"minecraft:obsidian":14,"minecraft:spruce_trapdoor":2,"swem:cantazarite_ore":1,"minecraft:stone_brick_wall":10,"minecraft:grass_block":66,"minecraft:coal_block":8,"minecraft:hopper":3,"minecraft:red_stained_glass_pane":4,"minecraft:spawner":1,"minecraft:smooth_stone":1,"regions_unexplored:small_oak_leaves":19,"regions_unexplored:stone_bud":16,"regions_unexplored:magnolia_trapdoor":9,"regions_unexplored:magnolia_stairs":131,"minecraft:iron_ore":57,"quark:calcite_bricks":1,"quark:stick_block":5,"regions_unexplored:mossy_stone":12,"quark:polished_calcite":1,"minecraft:moss_carpet":1,"minecraft:deepslate_lapis_ore":13,"create:calcite_pillar":46,"supplementaries:stick":9,"minecraft:dirt_path":14,"minecraft:iron_block":1,"duneons:vasehighland":1,"minecraft:spruce_slab":6,"minecraft:tripwire":17,"minecraft:deepslate_redstone_ore":18,"quark:calcite_pillar":1,"regions_unexplored:willow_log":145,"minecraft:torch":13,"minecraft:blast_furnace":1,"minecraft:calcite":315,"swem:tack_box_black":1,"minecraft:white_stained_glass_pane":1,"regions_unexplored:blue_magnolia_leaves":88,"swem:star_worm_cobble":1,"minecraft:cobblestone":218,"duneons:sanctumstonepatterned":1,"regions_unexplored:meadow_sage":1,"minecraft:oak_planks":45,"minecraft:sugar_cane":11,"minecraft:wall_torch":8,"minecraft:chain":4,"regions_unexplored:hyssop":7,"duneons:ravagergatewood_3":1,"minecraft:tinted_glass":4,"minecraft:birch_log":106,"minecraft:wheat":97,"minecraft:black_bed":3,"minecraft:wither_rose":1,"minecraft:stone_brick_stairs":3,"minecraft:grass":75,"minecraft:oak_log":308,"create:hand_crank":2,"minecraft:dirt":75,"create:zinc_ore":21,"minecraft:infested_deepslate":1,"minecraft:oak_leaves":185,"minecraft:deepslate":525,"minecraft:diamond_ore":9,"regions_unexplored:fireweed":2,"alexscaves:spelunkery_table":1,"luminousworld:groundpebbles_1":1,"minecraft:tuff":142,"iceandfire:silver_ore":3,"minecraft:oak_door":1,"regions_unexplored:willow_leaves":35,"minecraft:deepslate_diamond_ore":16,"create:brown_seat":1,"regions_unexplored:oak_branch":1,"regions_unexplored:stone_grass_block":4,"regions_unexplored:maple_leaves":7,"minecraft:spruce_leaves":242,"luminousworld:groundpebbles_3":3,"create:layered_calcite":53,"create:cut_calcite":28,"minecraft:large_fern":14,"minecraft:hay_block":23,"minecraft:redstone_ore":9,"create:small_calcite_bricks":3,"minecraft:furnace":6,"minecraft:stripped_spruce_log":2,"minecraft:peony":1,"bloomingnature:swamp_oak_leaves":7,"minecraft:vine":1,"duneons:ravager_gatewood":1,"minecraft:stripped_oak_log":8,"regions_unexplored:medium_grass":67,"regions_unexplored:small_oak_log":52,"minecraft:stone":1752,"sophisticatedbackpacks:backpack":2,"create:polished_cut_calcite":1,"minecraft:white_wool":4,"regions_unexplored:felicia_daisy":47,"minecraft:podzol":16,"supplementaries:book_pile_horizontal":1,"minecraft:oak_slab":13,"quark:oak_chest":2,"minecraft:stone_brick_slab":1,"minecraft:spruce_door":1,"minecraft:dandelion":3,"quark:spruce_bookshelf":8,"minecraft:crafting_table":1,"minecraft:emerald_ore":11,"regions_unexplored:volcanic_ash":2,"minecraft:lapis_ore":14,"minecraft:deepslate_gold_ore":4,"minecraft:lectern":223,"luminousworld:auburnlog":12,"supplementaries:sack":9,"minecraft:tall_grass":14,"minecraft:copper_ore":38,"quark:chiseled_calcite_bricks":10,"regions_unexplored:daisy":46,"minecraft:spruce_stairs":36,"supplementaries:urn":11,"create:mechanical_saw":3,"minecraft:coarse_dirt":53,"duneons:goldblockchiseled":1,"quark:spruce_ladder":5,"minecraft:gray_bed":7,"minecraft:spruce_log":1879,"minecraft:birch_leaves":14,"duneons:windhole":1,"quark:deepslate_furnace":2,"minecraft:coal_ore":107,"luminousworld:ishstone":17,"quark:spruce_chest":4,"regions_unexplored:stripped_magnolia_log":2,"minecraft:gravel":13,"regions_unexplored:blue_magnolia_shrub":1,"minecraft:stone_bricks":29,"minecraft:gold_ore":5,"minecraft:infested_stone":4,"regions_unexplored:magnolia_planks":64,"paraglider:goddess_statue":1,"minecraft:fern":12,"swem:lead_anchor":2},"minecraft:used":{"create:calcite_pillar":308,"minecraft:iron_shovel":188,"minecraft:spruce_slab":74,"minecraft:chest":2,"duneons:ravagergatewood_3":1,"minecraft:stone":60,"minecraft:iron_sword":250,"duneons:ravager_gatewood":1,"paraglider:goddess_statue":1,"create:brown_seat":1,"regions_unexplored:willow_planks":13,"minecraft:lava_bucket":1,"minecraft:coal_ore":8,"quark:chiseled_calcite_bricks":10,"minecraft:copper_ore":7,"create:zinc_ore":10,"minecraft:stone_brick_stairs":11,"minecraft:stone_bricks":76,"create:small_calcite_bricks":3,"create:polished_cut_calcite":1,"minecraft:furnace":4,"magistuarmory:rusted_bastardsword":254,"minecraft:gray_bed":7,"minecraft:potato":82,"apotheosis:salvaging_table":1,"minecraft:emerald_ore":6,"quark:polished_calcite":1,"regions_unexplored:felicia_daisy":1,"minecraft:oak_planks":119,"minecraft:diamond_axe":2159,"minecraft:sugar_cane":11,"create:mechanical_saw":2,"naturalist:snail_bucket":1,"minecraft:blast_furnace":5,"minecraft:stone_brick_wall":19,"minecraft:black_bed":3,"minecraft:shears":7,"sophisticatedbackpacks:backpack":2,"minecraft:lever":1,"swem:tack_box_black":1,"minecraft:bread":242,"minecraft:string":30,"minecraft:lectern":225,"minecraft:diamond_ore":9,"regions_unexplored:willow_log":137,"quark:calcite_pillar":1,"minecraft:grindstone":1,"minecraft:smithing_table":1,"minecraft:birch_log":12,"minecraft:chain":4,"minecraft:coarse_dirt":19,"minecraft:bone_meal":24,"minecraft:experience_bottle":2,"minecraft:enchanting_table":1,"minecraft:stone_sword":77,"minecraft:redstone_ore":9,"quark:calcite_bricks":1,"minecraft:spruce_planks":82,"create:cut_calcite":158,"quark:spruce_bookshelf":16,"minecraft:oak_door":4,"minecraft:stick":11,"regions_unexplored:small_oak_log":1,"minecraft:torch":274,"minecraft:dirt":118,"farmersdelight:flint_knife":67,"minecraft:hopper":4,"minecraft:spruce_stairs":164,"minecraft:cobblestone_wall":5,"regions_unexplored:magnolia_log":8,"minecraft:iron_hoe":275,"minecraft:wooden_axe":56,"regions_unexplored:daisy":1,"quark:spruce_chest":5,"minecraft:iron_axe":1599,"apotheosis:gem_cutting_table":1,"create:brown_toolbox":3,"alexscaves:spelunkery_table":1,"minecraft:tripwire_hook":2,"tombstone:gift":5,"minecraft:trapped_chest":1,"minecraft:cooked_beef":3,"minecraft:wheat_seeds":96,"minecraft:water_bucket":92,"supplementaries:sack":7,"minecraft:iron_ore":8,"minecraft:baked_potato":81,"minecraft:stonecutter":1,"minecraft:fletching_table":2,"minecraft:gold_ore":1,"minecraft:glow_item_frame":1,"create:cut_calcite_bricks":1,"duneons:claymoreblade":45,"regions_unexplored:blue_magnolia_sapling":12,"minecraft:oak_slab":4,"minecraft:crafting_table":2,"minecraft:white_bed":3,"regions_unexplored:magnolia_planks":64,"create:layered_calcite":92,"minecraft:spruce_log":269,"justhammers:iron_hammer":449,"minecraft:oak_log":11,"tombstone:bag_of_seeds":1,"minecraft:diamond_pickaxe":2705,"minecraft:lapis_ore":10,"minecraft:iron_pickaxe":743,"minecraft:spruce_trapdoor":5,"minecraft:spruce_sapling":68,"justhammers:stone_hammer":115,"regions_unexplored:magnolia_trapdoor":19,"minecraft:stone_axe":255,"minecraft:cobblestone":656,"minecraft:turtle_helmet":1,"minecraft:cooked_porkchop":1,"regions_unexplored:magnolia_stairs":131,"minecraft:bucket":93,"minecraft:pumpkin_pie":2,"quark:oak_chest":4,"create:hand_crank":3,"minecraft:stripped_oak_log":9,"minecraft:smooth_stone":1,"minecraft:chainmail_leggings":2,"minecraft:diamond_leggings":1},"minecraft:custom":{"minecraft:interact_with_crafting_table":107,"minecraft:open_barrel":18,"minecraft:leave_game":5,"minecraft:time_since_death":579145,"minecraft:damage_resisted":44806,"minecraft:sprint_one_cm":4626657,"minecraft:drop":246,"minecraft:play_noteblock":1,"minecraft:talked_to_villager":402,"minecraft:play_time":734058,"minecraft:deaths":17,"minecraft:jump":7351,"minecraft:walk_on_water_one_cm":51010,"minecraft:interact_with_furnace":91,"minecraft:traded_with_villager":722,"minecraft:interact_with_loom":3,"minecraft:sleep_in_bed":50,"minecraft:waystone_activated":1,"minecraft:damage_dealt":43303,"minecraft:crouch_one_cm":198866,"tombstone:undead_killed":23,"minecraft:horse_one_cm":19052,"minecraft:interact_with_smithing_table":1,"minecraft:mob_kills":132,"minecraft:inspect_hopper":10,"minecraft:damage_dealt_resisted":0,"minecraft:climb_one_cm":22332,"minecraft:walk_one_cm":4751509,"minecraft:damage_dealt_absorbed":955,"minecraft:sneak_time":31279,"minecraft:walk_under_water_one_cm":25901,"minecraft:interact_with_blast_furnace":30,"minecraft:total_world_time":734058,"tombstone:raider_killed":3,"minecraft:tune_noteblock":7,"minecraft:interact_with_grindstone":4,"minecraft:interact_with_stonecutter":25,"minecraft:time_since_rest":11747,"minecraft:damage_taken":14095,"minecraft:damage_absorbed":799,"minecraft:trigger_trapped_chest":185,"minecraft:swim_one_cm":30283,"minecraft:fly_one_cm":2334715,"minecraft:open_chest":302,"minecraft:fall_one_cm":227387},"minecraft:dropped":{"minecraft:diamond_axe":1,"minecraft:lantern":1,"minecraft:item_frame":1,"minecraft:dirt":23,"duneons:windhole":1,"minecraft:stone_button":1,"minecraft:cornflower":2,"magistuarmory:rusted_bastardsword":1,"swem:star_worm":20,"minecraft:iron_pickaxe":1,"quark:oak_post":2,"regions_unexplored:felicia_daisy":49,"swem:oat_seeds":10,"minecraft:gravel":6,"minecraft:stone_axe":59,"swem:alfalfa_seeds":8,"minecraft:rotten_flesh":5,"justhammers:iron_hammer":2,"quark:calcite_pillar":1,"patchouli:guide_book":1,"justhammers:stone_hammer":1,"swem:timothy_seeds":10,"apotheosis:gem":1,"minecraft:spruce_slab":1,"minecraft:iron_bars":1,"minecraft:arrow":4,"minecraft:stone_brick_stairs":4,"minecraft:iron_ingot":6,"minecraft:stripped_spruce_log":1,"minecraft:oak_slab":8,"minecraft:wheat_seeds":32,"minecraft:mossy_cobblestone":9,"weaponmaster:tutorialbook":19,"quark:polished_calcite":1,"minecraft:spruce_stairs":1,"minecraft:chainmail_helmet":1,"regions_unexplored:daisy":48,"bossominium:the_bossdexium":1,"minecraft:stick":515,"minecraft:torch":2,"tombstone:grave_key":2,"duneons:ravagergateiron":1,"minecraft:wooden_axe":1,"quark:calcite_bricks":1,"quark:spruce_ladder":4,"minecraft:chainmail_leggings":12,"quark:oak_leaf_carpet":15,"minecraft:dandelion":3,"regions_unexplored:blue_magnolia_sapling":2,"minecraft:coarse_dirt":1,"quark:chiseled_calcite_bricks":63,"minecraft:stone_shovel":12,"minecraft:chicken":1,"quark:rope":1,"regions_unexplored:hyssop":3,"regions_unexplored:small_oak_sapling":2,"minecraft:lily_of_the_valley":1,"minecraft:flower_pot":2,"regions_unexplored:magnolia_stairs":11,"minecraft:spruce_trapdoor":9,"luminousworld:groundpebbles_1":3,"minecraft:stone_bricks":3,"duneons:sanctumstonepatternedgilded":1,"duneons:goldblockchiseled":1},"minecraft:broken":{"minecraft:stone_axe":2,"minecraft:iron_sword":1,"swem:boots_riding_leather":1,"minecraft:iron_hoe":1,"alexscaves:primordial_helmet":1,"minecraft:stone_sword":1,"minecraft:diamond_axe":1,"minecraft:iron_axe":5,"minecraft:iron_pickaxe":3,"magistuarmory:rusted_bastardsword":1}},"DataVersion":3465}