{"stats":{"minecraft:killed":{"undead_revamp2:thesmoker":17,"undead_revamp2:thepregnant":1,"undead_revamp2:theordure":2,"minecraft:zombie":338,"zombie_extreme:infected_police":7,"alexsmobs:fly":1,"hordes:zombie_player":3,"undead_revamp2:bomber":1,"zombie_extreme:runner":5,"zombie_extreme:crawler":3,"minecraft:husk":13,"undead_revamp2:the_moonflower":4},"minecraft:crafted":{"minecraft:stone":28,"minecraft:string":2,"minecraft:stick":4,"minecraft:iron_ingot":9,"apocalypsenow:butterfly_knife":1,"minecraft:leather":24,"sophisticatedbackpacks:iron_backpack":1,"sophisticatedbackpacks:gold_backpack":1,"minecraft:air":190,"minecraft:white_wool":4,"minecraft:wooden_axe":1},"minecraft:dropped":{"minecraft:dark_oak_stairs":1,"minecraft:glass_bottle":1,"apocalypsenow:police_leggings":1,"minecraft:cyan_terracotta":15,"quark:light_gray_shard":4,"apocalypsenow:construction_boots":1,"embellishcraft:smooth_basalt":4,"apocalypsenow:construction_helmet":1,"quark:black_shard":14,"minecraft:sugar_cane":1,"farmersdelight:cabbage":2,"apocalypsenow:money":1,"minecraft:heavy_weighted_pressure_plate":1,"apocalypsenow:red_bikers_helmet":1,"minecraft:iron_bars":2,"another_furniture:spruce_drawer":12,"quark:paper_wall":1,"quark:gray_shard":9,"chalk:red_chalk":1,"minecraft:torch":1,"minecraft:nether_wart_block":1,"minecraft:smooth_stone":7,"apocalypsenow:u_sarmy_chestplate":1,"embellishcraft:smooth_slate":1,"minecraft:bowl":3,"embellishcraft:smooth_marble":2,"quark:jasper_vertical_slab":2,"minecraft:flower_pot":1,"quark:stone_brick_vertical_slab":3,"tac:9mm_round":5,"quark:smooth_quartz_vertical_slab":1},"minecraft:used":{"minecraft:moss_block":1,"embellishcraft:sturdy_steel_door":1,"farmersdelight:cabbage":1,"quark:iron_ladder":2,"farmersdelight:melon_juice":3,"cfm:cyan_kitchen_counter":5,"artifacts:umbrella":5,"farmersdelight:fish_stew":1,"apocalypsenow:safe":1,"minecraft:snowball":1,"embellishcraft:smooth_marble":15,"farmersdelight:vegetable_soup":5,"minecraft:cyan_terracotta":4,"farmersdelight:fried_rice":4,"apocalypsenow:beer":1,"apocalypsenow:hookey_stick":39,"embellishcraft:vent_air_duct":1,"minecraft:stone_bricks":5,"immersiveengineering:concrete":9,"minecraft:furnace":4,"farmersdelight:beef_stew":2,"farmersdelight:chicken_soup":2,"embellishcraft:spruce_wooden_crate":1,"minecraft:dark_oak_stairs":7,"minecraft:stone_pickaxe":126,"minecraft:wooden_pickaxe":86,"apocalypsenow:coke":1,"quark:paper_wall":2,"minecraft:bread":3,"minecraft:iron_door":4,"embellishcraft:smooth_basalt":3,"pfm:dark_oak_green_simple_bed":5,"apocalypsenow:knife_spear":219,"apocalypsenow:dagger":692,"minecraft:andesite":8,"minecraft:smooth_stone_slab":1,"minecraft:coarse_dirt":3,"embellishcraft:polished_marble":2,"minecraft:gray_stained_glass":4,"apocalypsenow:butterfly_knife":297,"minecraft:iron_bars":1,"minecraft:spruce_planks":47,"create:cut_calcite":15,"minecraft:torch":90,"minecraft:dirt":11,"apocalypsenow:orange_juice":1,"apocalypsenow:knife":268,"minecraft:stone_brick_slab":1,"minecraft:wooden_axe":58,"minecraft:dark_oak_planks":3,"cfm:gray_kitchen_counter":1,"apocalypsenow:porpsi":5,"apocalypsenow:night_stick":13,"farmersdelight:potato_crate":1,"minecraft:birch_planks":4,"minecraft:glass_bottle":9,"pfm:basic_sink":1,"minecraft:crafting_table":4,"embellishcraft:smooth_marble_slab":3,"embellishcraft:smooth_marble_stairs":1,"farmersdelight:apple_cider":3,"quark:oak_hedge":1,"minecraft:iron_pickaxe":203,"minecraft:spruce_sapling":1,"minecraft:stone_axe":16,"minecraft:cobblestone":9,"minecraft:potion":19,"chalk:blue_chalk":10,"farmersdelight:fruit_salad":4,"quark:smooth_stone_vertical_slab":1},"minecraft:killed_by":{"zombie_extreme:runner":1,"zombie_extreme:demolisher":1,"minecraft:zombie":1},"minecraft:broken":{"minecraft:stone_pickaxe":1,"minecraft:stone_axe":1,"apocalypsenow:knife":1,"apocalypsenow:knife_spear":2,"minecraft:wooden_pickaxe":1},"minecraft:picked_up":{"apocalypsenow:apple_juice":1,"minecraft:flower_pot":1,"create:mechanical_crafter":2,"artifacts:umbrella":2,"createaddition:accumulator":1,"minecraft:potion":10,"refinedstorage:controller":1,"minecraft:string":304,"minecraft:smooth_stone_slab":1,"pipez:energy_pipe":5,"embellishcraft:smooth_marble_slab":3,"minecraft:smooth_stone":13,"farmersdelight:fried_rice":1,"create:mechanical_press":1,"embellishcraft:vent_air_duct":1,"apocalypsenow:knife":2,"minecraft:spruce_planks":16,"quark:black_shard":14,"minecraft:iron_pickaxe":2,"minecraft:smooth_quartz":2,"minecraft:furnace":3,"quark:jasper_vertical_slab":3,"minecraft:stick":20,"farmersdelight:potato_crate":1,"embellishcraft:smooth_slate":3,"embellishcraft:smooth_marble":46,"minecraft:torch":91,"securitycraft:camera_monitor":1,"tac:mp9":3,"farmersdelight:chicken_cuts":4,"minecraft:quartz_block":3,"quark:smooth_quartz_vertical_slab":1,"apocalypsenow:porpsi":10,"minecraft:rotten_flesh":343,"cfm:gray_kitchen_counter":1,"minecraft:iron_block":9,"minecraft:cyan_terracotta":20,"apocalypsenow:police_boots":1,"minecraft:iron_bars":4,"minecraft:cobblestone":117,"tac:round45":32,"apocalypsenow:u_sarmy_boots":5,"apocalypsenow:blue_football_armor_leggings":2,"apocalypsenow:peach_juice":1,"minecraft:iron_door":9,"apocalypsenow:coffee":2,"minecraft:andesite":8,"minecraft:potato":1,"farmersdelight:bacon":13,"biomesoplenty:fir_sapling":29,"biomesoplenty:fir_log":214,"apocalypsenow:cereal":16,"quark:iron_ladder":2,"create:raw_zinc":7,"contenttweaker:rubber":1,"apocalypsenow:construction_chestplate":6,"minecraft:dirt":12,"minecraft:stripped_birch_log":12,"minecraft:bone":346,"farmersdelight:salmon_roll":6,"minecraft:wheat_seeds":1,"apocalypsenow:beer":2,"tac:9mm_round":79,"minecraft:moss_block":2,"biomesoplenty:toadstool":1,"firstaid:plaster":2,"apocalypsenow:u_sarmy_chestplate":2,"quark:smooth_stone_vertical_slab":1,"chalk:red_chalk":1,"apocalypsenow:chips":10,"embellishcraft:smooth_marble_stairs":4,"immersiveengineering:raw_aluminum":4,"quark:stone_brick_vertical_slab":3,"apocalypsenow:dagger":3,"apocalypsenow:coke":10,"minecraft:diamond":2,"apocalypsenow:blue_football_armor_chestplate":2,"alexsmobs:maggot":2,"apocalypsenow:construction_helmet":10,"pfm:dark_oak_green_simple_bed":5,"create:stressometer":1,"create:cut_calcite":36,"minecraft:crafting_table":2,"minecraft:coarse_dirt":3,"create:rotation_speed_controller":1,"minecraft:gold_block":1,"apocalypsenow:u_sarmy_helmet":1,"quark:gunpowder_sack":4,"minecraft:heavy_weighted_pressure_plate":1,"refinedstorage:crafting_grid":1,"create:chute":3,"embellishcraft:smooth_basalt":7,"apocalypsenow:construction_boots":7,"farmersdelight:cod_slice":6,"embellishcraft:sturdy_steel_door":1,"minecraft:light_gray_wool":2,"minecraft:sugar_cane":1,"minecraft:egg":13,"farmersdelight:kelp_roll_slice":6,"cfm:cyan_kitchen_counter":5,"refinedstorage:16k_storage_part":2,"farmersdelight:minced_beef":7,"minecraft:bowl":5,"sophisticatedbackpacks:backpack":3,"create:hand_crank":2,"minecraft:carrot":5,"immersiveengineering:concrete":9,"minecraft:dark_oak_planks":5,"create:deployer":1,"apocalypsenow:whisky":4,"create:depot":2,"minecraft:gold_ingot":1,"minecraft:white_wool":21,"minecraft:birch_planks":1,"apocalypsenow:orange_juice":2,"embellishcraft:polished_marble":2,"minecraft:nether_wart_block":1,"artifacts:cloud_in_a_bottle":2,"minecraft:paper":36,"apocalypsenow:u_sarmy_leggings":8,"apocalypsenow:construction_leggings":3,"minecraft:stone_bricks":5,"apocalypsenow:money":13,"farmersdelight:apple_cider":6,"embellishcraft:spruce_wooden_crate":1,"farmersdelight:fruit_salad":4,"minecraft:iron_ingot":5,"minecraft:stone_pickaxe":2,"apocalypsenow:red_bikers_helmet":1,"refinedstorage:cable":7,"minecraft:glass_bottle":8,"minecraft:dark_oak_stairs":8,"apocalypsenow:grape_juice":11,"quark:light_gray_shard":9,"minecraft:stone_brick_slab":1,"minecraft:gravel":1,"another_furniture:spruce_drawer":24,"apocalypsenow:police_leggings":1,"minecraft:spruce_sapling":3,"apocalypsenow:vodka":3,"minecraft:spruce_log":12,"apocalypsenow:royal_canada_police_officer_helmet":3,"pfm:basic_sink":1,"minecraft:stone_axe":3,"xpbook:xp_tome":3,"quark:paper_wall":3,"quark:oak_hedge":1,"apocalypsenow:safe":1,"quark:gray_shard":54},"minecraft:custom":{"lootr:looted_stat":44,"minecraft:interact_with_crafting_table":33,"minecraft:open_barrel":6,"minecraft:leave_game":1,"minecraft:time_since_death":7113,"minecraft:sprint_one_cm":178369,"minecraft:damage_blocked_by_shield":45,"minecraft:drop":41,"minecraft:talked_to_villager":5,"minecraft:play_time":221329,"minecraft:deaths":6,"minecraft:jump":1873,"minecraft:walk_on_water_one_cm":4491,"minecraft:interact_with_furnace":25,"minecraft:stove_opened":3,"minecraft:sleep_in_bed":3,"minecraft:damage_dealt":44675,"minecraft:crouch_one_cm":86702,"minecraft:mob_kills":403,"minecraft:climb_one_cm":73410,"minecraft:walk_one_cm":723227,"minecraft:fridge_opened":4,"minecraft:damage_dealt_absorbed":120,"minecraft:sneak_time":33052,"minecraft:walk_under_water_one_cm":2214,"minecraft:total_world_time":221329,"minecraft:toilet_used":2,"minecraft:trashcan_opened":2,"minecraft:time_since_rest":7175,"minecraft:cabinet_searched":5,"minecraft:damage_taken":4236,"minecraft:fly_one_cm":176058,"minecraft:freezer_opened":2,"minecraft:fall_one_cm":39743},"minecraft:mined":{"minecraft:dark_oak_planks":8,"pfm:dark_oak_green_simple_bed":5,"minecraft:spruce_planks":17,"embellishcraft:sturdy_steel_door":1,"apocalypsenow:safe":1,"embellishcraft:spruce_wooden_crate":1,"minecraft:grass_block":8,"minecraft:light_gray_bed":1,"create:rotation_speed_controller":1,"minecraft:spawner":50,"embellishcraft:smooth_basalt":11,"minecraft:smooth_stone":6,"another_furniture:spruce_drawer":12,"minecraft:dark_oak_stairs":8,"minecraft:iron_bars":4,"minecraft:iron_block":9,"create:mechanical_press":1,"create:dark_oak_window_pane":9,"minecraft:quartz_block":4,"minecraft:cyan_terracotta":27,"embellishcraft:smooth_slate":3,"farmersdelight:potato_crate":1,"minecraft:torch":7,"embellishcraft:polished_marble":2,"minecraft:iron_door":10,"minecraft:wall_torch":11,"minecraft:dark_oak_slab":1,"minecraft:nether_wart_block":1,"minecraft:light_gray_stained_glass":3,"quark:gunpowder_sack":4,"minecraft:light_gray_wool":1,"minecraft:smooth_stone_slab":1,"cfm:gray_kitchen_counter":1,"create:stressometer":1,"minecraft:dirt":4,"minecraft:smooth_quartz":2,"embellishcraft:smooth_marble_stairs":5,"cfm:cyan_kitchen_counter":6,"quark:iron_ladder":2,"create:zinc_ore":8,"quark:smooth_quartz_vertical_slab":1,"rocks:pinecone":1,"minecraft:stripped_birch_log":12,"minecraft:gray_stained_glass_pane":6,"create:depot":2,"quark:stone_brick_vertical_slab":1,"minecraft:spruce_leaves":12,"minecraft:moss_block":2,"quark:jasper_vertical_slab":1,"create:cut_calcite":24,"minecraft:black_stained_glass_pane":7,"quark:potted_sugar_cane":1,"minecraft:heavy_weighted_pressure_plate":1,"embellishcraft:smooth_marble_slab":3,"minecraft:furnace":3,"minecraft:andesite":8,"minecraft:gold_block":2,"minecraft:bookshelf":2,"create:chute":3,"create:deployer":1,"minecraft:stone":118,"minecraft:white_wool":9,"immersiveengineering:ore_aluminum":4,"quark:smooth_stone_vertical_slab":1,"pfm:basic_sink":1,"minecraft:stone_brick_slab":1,"minecraft:crafting_table":2,"minecraft:gray_stained_glass":14,"immersiveengineering:concrete":9,"minecraft:black_stained_glass":2,"minecraft:birch_planks":1,"minecraft:coarse_dirt":3,"embellishcraft:vent_air_duct":1,"quark:paper_wall":3,"minecraft:spruce_log":12,"embellishcraft:smooth_marble":46,"snowrealmagic:stairs":1,"createaddition:accumulator":1,"quark:oak_hedge":1,"create:mechanical_crafter":2,"minecraft:gravel":1,"minecraft:stone_bricks":5}},"DataVersion":2975}