{"stats":{"minecraft:killed":{"hordes:zombie_player":3,"undead_revamp2:thesmoker":17,"undead_revamp2:bomber":1,"undead_revamp2:thepregnant":1,"zombie_extreme:runner":5,"zombie_extreme:crawler":3,"minecraft:husk":10,"undead_revamp2:the_moonflower":4,"undead_revamp2:theordure":1,"minecraft:zombie":320,"zombie_extreme:infected_police":7,"alexsmobs:fly":1},"minecraft:crafted":{"minecraft:stone":28,"apocalypsenow:butterfly_knife":1,"minecraft:leather":24,"minecraft:air":181,"minecraft:string":2,"minecraft:white_wool":4,"minecraft:stick":4,"minecraft:wooden_axe":1},"minecraft:dropped":{"minecraft:dark_oak_stairs":1,"minecraft:glass_bottle":1,"quark:paper_wall":1,"quark:gray_shard":9,"minecraft:cyan_terracotta":13,"quark:light_gray_shard":4,"chalk:red_chalk":1,"minecraft:torch":1,"embellishcraft:smooth_basalt":4,"minecraft:nether_wart_block":1,"minecraft:smooth_stone":7,"quark:black_shard":14,"apocalypsenow:u_sarmy_chestplate":1,"minecraft:sugar_cane":1,"embellishcraft:smooth_slate":1,"minecraft:bowl":3,"embellishcraft:smooth_marble":2,"farmersdelight:cabbage":2,"quark:jasper_vertical_slab":2,"apocalypsenow:money":1,"minecraft:flower_pot":1,"minecraft:heavy_weighted_pressure_plate":1,"apocalypsenow:red_bikers_helmet":1,"quark:stone_brick_vertical_slab":3,"minecraft:iron_bars":2,"quark:smooth_quartz_vertical_slab":1,"another_furniture:spruce_drawer":12},"minecraft:used":{"minecraft:moss_block":1,"embellishcraft:sturdy_steel_door":1,"apocalypsenow:butterfly_knife":297,"minecraft:iron_bars":1,"minecraft:spruce_planks":47,"farmersdelight:cabbage":1,"quark:iron_ladder":2,"create:cut_calcite":15,"farmersdelight:melon_juice":3,"minecraft:torch":87,"cfm:cyan_kitchen_counter":4,"minecraft:dirt":11,"artifacts:umbrella":5,"farmersdelight:fish_stew":1,"apocalypsenow:orange_juice":1,"minecraft:snowball":1,"minecraft:dark_oak_planks":3,"embellishcraft:smooth_marble":14,"minecraft:wooden_axe":58,"apocalypsenow:knife":268,"minecraft:stone_brick_slab":1,"minecraft:cyan_terracotta":4,"farmersdelight:vegetable_soup":5,"farmersdelight:fried_rice":4,"cfm:gray_kitchen_counter":1,"apocalypsenow:hookey_stick":39,"embellishcraft:vent_air_duct":1,"minecraft:stone_bricks":5,"immersiveengineering:concrete":9,"apocalypsenow:porpsi":5,"minecraft:furnace":4,"apocalypsenow:night_stick":13,"farmersdelight:beef_stew":2,"farmersdelight:potato_crate":1,"embellishcraft:spruce_wooden_crate":1,"farmersdelight:chicken_soup":2,"minecraft:dark_oak_stairs":7,"minecraft:birch_planks":4,"minecraft:glass_bottle":9,"minecraft:stone_pickaxe":126,"pfm:basic_sink":1,"minecraft:wooden_pickaxe":86,"minecraft:crafting_table":4,"apocalypsenow:coke":1,"embellishcraft:smooth_marble_slab":3,"quark:paper_wall":2,"embellishcraft:smooth_marble_stairs":1,"farmersdelight:apple_cider":3,"minecraft:bread":3,"quark:oak_hedge":1,"minecraft:iron_pickaxe":177,"minecraft:iron_door":4,"minecraft:stone_axe":14,"embellishcraft:smooth_basalt":3,"apocalypsenow:knife_spear":217,"pfm:dark_oak_green_simple_bed":5,"apocalypsenow:dagger":633,"minecraft:cobblestone":9,"minecraft:potion":19,"chalk:blue_chalk":10,"minecraft:andesite":8,"minecraft:smooth_stone_slab":1,"farmersdelight:fruit_salad":4,"minecraft:coarse_dirt":3,"quark:smooth_stone_vertical_slab":1,"embellishcraft:polished_marble":2,"minecraft:gray_stained_glass":4},"minecraft:killed_by":{"zombie_extreme:runner":1,"zombie_extreme:demolisher":1,"minecraft:zombie":1},"minecraft:broken":{"apocalypsenow:knife_spear":2,"minecraft:wooden_pickaxe":1,"minecraft:stone_pickaxe":1,"minecraft:stone_axe":1,"apocalypsenow:knife":1},"minecraft:picked_up":{"create:cut_calcite":36,"apocalypsenow:apple_juice":1,"minecraft:coarse_dirt":3,"minecraft:crafting_table":2,"minecraft:flower_pot":1,"create:mechanical_crafter":2,"artifacts:umbrella":2,"createaddition:accumulator":1,"create:rotation_speed_controller":1,"minecraft:potion":10,"apocalypsenow:u_sarmy_helmet":1,"quark:gunpowder_sack":4,"refinedstorage:controller":1,"minecraft:heavy_weighted_pressure_plate":1,"minecraft:string":276,"minecraft:smooth_stone_slab":1,"embellishcraft:vent_air_duct":1,"pipez:energy_pipe":5,"refinedstorage:crafting_grid":1,"embellishcraft:smooth_marble_slab":3,"create:chute":3,"apocalypsenow:knife":2,"embellishcraft:smooth_basalt":7,"create:mechanical_press":1,"farmersdelight:fried_rice":1,"minecraft:smooth_stone":13,"apocalypsenow:construction_boots":6,"minecraft:spruce_planks":16,"minecraft:smooth_quartz":2,"embellishcraft:sturdy_steel_door":1,"farmersdelight:kelp_roll_slice":6,"farmersdelight:cod_slice":6,"minecraft:iron_pickaxe":2,"minecraft:light_gray_wool":2,"quark:black_shard":14,"refinedstorage:16k_storage_part":2,"minecraft:sugar_cane":1,"minecraft:furnace":3,"minecraft:egg":13,"minecraft:stick":20,"quark:jasper_vertical_slab":3,"cfm:cyan_kitchen_counter":4,"farmersdelight:potato_crate":1,"embellishcraft:smooth_slate":2,"embellishcraft:smooth_marble":46,"farmersdelight:minced_beef":7,"minecraft:torch":91,"minecraft:bowl":5,"securitycraft:camera_monitor":1,"sophisticatedbackpacks:backpack":3,"tac:mp9":3,"create:hand_crank":2,"farmersdelight:chicken_cuts":4,"minecraft:carrot":5,"immersiveengineering:concrete":9,"minecraft:dark_oak_planks":5,"create:deployer":1,"minecraft:quartz_block":3,"quark:smooth_quartz_vertical_slab":1,"apocalypsenow:porpsi":10,"minecraft:rotten_flesh":302,"apocalypsenow:whisky":4,"cfm:gray_kitchen_counter":1,"minecraft:iron_block":9,"minecraft:cyan_terracotta":18,"create:depot":2,"minecraft:gold_ingot":1,"apocalypsenow:police_boots":1,"minecraft:iron_bars":4,"minecraft:white_wool":21,"minecraft:cobblestone":117,"apocalypsenow:blue_football_armor_leggings":2,"apocalypsenow:u_sarmy_boots":5,"tac:round45":30,"apocalypsenow:peach_juice":1,"minecraft:iron_door":9,"apocalypsenow:coffee":2,"minecraft:andesite":8,"biomesoplenty:fir_sapling":29,"biomesoplenty:fir_log":214,"minecraft:potato":1,"apocalypsenow:orange_juice":2,"minecraft:birch_planks":1,"farmersdelight:bacon":13,"create:raw_zinc":7,"apocalypsenow:cereal":16,"quark:iron_ladder":2,"embellishcraft:polished_marble":2,"contenttweaker:rubber":1,"minecraft:nether_wart_block":1,"artifacts:cloud_in_a_bottle":2,"apocalypsenow:construction_chestplate":6,"minecraft:paper":36,"minecraft:stripped_birch_log":12,"minecraft:dirt":11,"apocalypsenow:u_sarmy_leggings":8,"minecraft:bone":304,"apocalypsenow:construction_leggings":2,"minecraft:stone_bricks":5,"farmersdelight:salmon_roll":6,"minecraft:wheat_seeds":1,"apocalypsenow:beer":2,"embellishcraft:spruce_wooden_crate":1,"farmersdelight:apple_cider":6,"apocalypsenow:money":13,"farmersdelight:fruit_salad":4,"minecraft:iron_ingot":5,"apocalypsenow:red_bikers_helmet":1,"minecraft:stone_pickaxe":2,"refinedstorage:cable":7,"minecraft:glass_bottle":8,"tac:9mm_round":67,"minecraft:moss_block":2,"quark:light_gray_shard":9,"minecraft:dark_oak_stairs":8,"apocalypsenow:grape_juice":11,"biomesoplenty:toadstool":1,"firstaid:plaster":2,"apocalypsenow:u_sarmy_chestplate":2,"quark:smooth_stone_vertical_slab":1,"chalk:red_chalk":1,"minecraft:stone_brick_slab":1,"minecraft:gravel":1,"embellishcraft:smooth_marble_stairs":4,"apocalypsenow:chips":10,"another_furniture:spruce_drawer":24,"immersiveengineering:raw_aluminum":4,"apocalypsenow:vodka":3,"minecraft:spruce_sapling":2,"quark:stone_brick_vertical_slab":3,"minecraft:spruce_log":12,"apocalypsenow:dagger":3,"apocalypsenow:royal_canada_police_officer_helmet":3,"apocalypsenow:coke":10,"pfm:basic_sink":1,"minecraft:diamond":2,"xpbook:xp_tome":3,"minecraft:stone_axe":3,"quark:paper_wall":3,"quark:oak_hedge":1,"apocalypsenow:blue_football_armor_chestplate":2,"apocalypsenow:safe":1,"alexsmobs:maggot":2,"quark:gray_shard":49,"apocalypsenow:construction_helmet":9,"pfm:dark_oak_green_simple_bed":5,"create:stressometer":1},"minecraft:custom":{"lootr:looted_stat":42,"minecraft:mob_kills":381,"minecraft:interact_with_crafting_table":32,"minecraft:open_barrel":4,"minecraft:leave_game":1,"minecraft:time_since_death":19573,"minecraft:climb_one_cm":68469,"minecraft:sprint_one_cm":148907,"minecraft:walk_one_cm":669357,"minecraft:damage_blocked_by_shield":45,"minecraft:fridge_opened":4,"minecraft:drop":35,"minecraft:damage_dealt_absorbed":120,"minecraft:talked_to_villager":3,"minecraft:play_time":209329,"minecraft:deaths":5,"minecraft:sneak_time":32646,"minecraft:walk_under_water_one_cm":2214,"minecraft:jump":1733,"minecraft:walk_on_water_one_cm":4491,"minecraft:total_world_time":209329,"minecraft:interact_with_furnace":25,"minecraft:toilet_used":2,"minecraft:stove_opened":3,"minecraft:trashcan_opened":2,"minecraft:sleep_in_bed":3,"minecraft:cabinet_searched":5,"minecraft:time_since_rest":19599,"minecraft:damage_taken":3846,"minecraft:damage_dealt":43226,"minecraft:freezer_opened":2,"minecraft:fly_one_cm":146755,"minecraft:crouch_one_cm":85550,"minecraft:fall_one_cm":39058},"minecraft:mined":{"create:zinc_ore":8,"quark:smooth_quartz_vertical_slab":1,"pfm:dark_oak_green_simple_bed":5,"minecraft:spruce_planks":17,"embellishcraft:sturdy_steel_door":1,"apocalypsenow:safe":1,"minecraft:stripped_birch_log":12,"embellishcraft:spruce_wooden_crate":1,"minecraft:gray_stained_glass_pane":4,"minecraft:grass_block":7,"minecraft:light_gray_bed":1,"create:depot":2,"quark:stone_brick_vertical_slab":1,"embellishcraft:smooth_marble_slab":3,"minecraft:spruce_leaves":12,"minecraft:moss_block":2,"create:rotation_speed_controller":1,"quark:jasper_vertical_slab":1,"minecraft:spawner":45,"create:cut_calcite":24,"embellishcraft:smooth_basalt":7,"minecraft:smooth_stone":6,"minecraft:black_stained_glass_pane":7,"quark:potted_sugar_cane":1,"minecraft:furnace":3,"minecraft:heavy_weighted_pressure_plate":1,"another_furniture:spruce_drawer":12,"minecraft:andesite":8,"minecraft:dark_oak_stairs":8,"minecraft:iron_bars":4,"create:chute":3,"create:deployer":1,"minecraft:iron_block":9,"minecraft:stone":118,"create:mechanical_press":1,"minecraft:white_wool":9,"immersiveengineering:ore_aluminum":4,"create:dark_oak_window_pane":9,"quark:smooth_stone_vertical_slab":1,"minecraft:quartz_block":3,"minecraft:cyan_terracotta":18,"pfm:basic_sink":1,"embellishcraft:smooth_slate":2,"minecraft:stone_brick_slab":1,"farmersdelight:potato_crate":1,"minecraft:crafting_table":2,"minecraft:torch":7,"minecraft:gray_stained_glass":11,"embellishcraft:polished_marble":2,"minecraft:iron_door":9,"minecraft:wall_torch":11,"immersiveengineering:concrete":9,"minecraft:birch_planks":1,"minecraft:black_stained_glass":2,"minecraft:coarse_dirt":3,"embellishcraft:vent_air_duct":1,"minecraft:dark_oak_slab":1,"minecraft:nether_wart_block":1,"minecraft:light_gray_stained_glass":3,"quark:paper_wall":3,"quark:gunpowder_sack":4,"minecraft:spruce_log":12,"minecraft:light_gray_wool":1,"minecraft:smooth_stone_slab":1,"embellishcraft:smooth_marble":46,"snowrealmagic:stairs":1,"createaddition:accumulator":1,"cfm:gray_kitchen_counter":1,"quark:oak_hedge":1,"minecraft:gravel":1,"create:mechanical_crafter":2,"create:stressometer":1,"minecraft:smooth_quartz":2,"minecraft:dirt":4,"embellishcraft:smooth_marble_stairs":5,"minecraft:stone_bricks":5,"cfm:cyan_kitchen_counter":4,"minecraft:dark_oak_planks":8,"quark:iron_ladder":2}},"DataVersion":2975}