{"stats":{"minecraft:dropped":{"minecraft:iron_sword":1,"minecraft:moss_block":11,"embellishcraft:gray_corrugated_metal_plate_slab":1,"minecraft:glass_bottle":5,"tac:round45":17,"minecraft:leather":13,"minecraft:gold_block":1,"minecraft:cyan_terracotta":4,"minecraft:dirt":30,"firstaid:bandage":1,"quark:light_gray_shard":79,"rocks:cobblestone_splitter":1,"apocalypsenow:construction_boots":1,"apocalypsenow:chips":6,"apocalypsenow:can":8,"ftbquests:book":2,"apocalypsenow:glassbottle":3,"embellishcraft:polished_marble":13,"minecraft:bone":2,"minecraft:stone_axe":1,"minecraft:compass":1,"car:key":1,"apocalypsenow:small_can":16,"embellishcraft:gneiss_large_bricks_wall":4,"minecraft:rotten_flesh":102,"patchouli:guide_book":2,"minecraft:chainmail_chestplate":1,"apocalypsenow:baseball_bat":2,"minecraft:heavy_weighted_pressure_plate":4,"immersiveengineering:manual":1,"minecraft:quartz_block":5,"tac:ae50":13,"immersivepetroleum:asphalt":4,"minecraft:iron_bars":23,"immersiveengineering:creosote_bucket":1,"immersiveengineering:seed":1,"minecraft:iron_ingot":45,"apocalypsenow:police_helmet":1,"minecraft:wheat_seeds":2,"tac:glock_17":2,"minecraft:cobblestone":69,"apocalypsenow:cereal":4,"minecraft:granite":2,"quark:gray_shard":52,"minecraft:spruce_stairs":1,"tac:b_magnum":7,"biomesoplenty:fir_slab":5,"apocalypsenow:fire_figther_chestplate":1,"chalk:red_chalk":1,"minecraft:torch":90,"minecraft:smooth_quartz":3,"minecraft:iron_door":17,"minecraft:potion":24,"tac:mp9":1,"minecraft:string":34,"chalk:blue_chalk":1,"minecraft:spruce_sapling":6,"minecraft:dandelion":1,"alexsmobs:maggot":4,"embellishcraft:smooth_slate":1,"minecraft:smooth_stone_slab":5,"quark:framed_glass_pane":2,"minecraft:bowl":4,"create:polished_cut_calcite_wall":16,"embellishcraft:smooth_marble":29,"minecraft:stone_shovel":2,"minecraft:light_gray_wool":2,"apocalypsenow:bear_trap":1,"apocalypsenow:construction_chestplate":1,"embellishcraft:smooth_marble_slab":1,"minecraft:spruce_planks":1,"minecraft:light_gray_bed":6,"minecraft:oak_sapling":4,"minecraft:gray_concrete_powder":2,"minecraft:stone_bricks":21,"minecraft:stone_pickaxe":1,"minecraft:wooden_pickaxe":1,"immersiveengineering:hemp_fiber":94},"minecraft:picked_up":{"create:mechanical_crafter":2,"createaddition:accumulator":1,"minecraft:potion":96,"minecraft:brewing_stand":2,"minecraft:string":373,"minecraft:raw_copper":54,"minecraft:smooth_stone_slab":9,"embellishcraft:smooth_marble_slab":1,"immersiveengineering:raw_lead":11,"minecraft:cobbled_deepslate":1,"minecraft:spruce_planks":78,"minecraft:smooth_quartz":3,"minecraft:iron_pickaxe":2,"minecraft:furnace":2,"minecraft:stick":76,"embellishcraft:smooth_slate":2,"embellishcraft:smooth_marble":52,"minecraft:torch":53,"minecraft:spruce_stairs":5,"tac:mp9":2,"apocalypsenow:glassbottle":2,"embellishcraft:gray_corrugated_metal_plate_slab":1,"apocalypsenow:fire_figther_leggings":1,"minecraft:quartz_block":6,"apocalypsenow:porpsi":1,"minecraft:light_gray_bed":6,"minecraft:rotten_flesh":224,"create:track":45,"minecraft:iron_block":6,"minecraft:cyan_terracotta":48,"artifacts:panic_necklace":1,"biomesoplenty:fir_slab":1,"apocalypsenow:police_chestplate":2,"apocalypsenow:police_boots":2,"minecraft:iron_bars":23,"minecraft:cobblestone":802,"tac:round45":34,"immersiveengineering:concrete_quarter":2,"minecraft:feather":1,"minecraft:iron_door":25,"minecraft:andesite":1,"minecraft:potato":161,"biomesoplenty:fir_log":3,"apocalypsenow:cereal":4,"minecraft:flint":3,"create:raw_zinc":10,"contenttweaker:rubber":4,"immersivepetroleum:asphalt":8,"apocalypsenow:construction_chestplate":2,"farmersdelight:chicken_sandwich":3,"minecraft:dirt":110,"minecraft:gray_concrete_powder":2,"minecraft:leather_boots":1,"immersiveengineering:hemp_fiber":94,"minecraft:bone":298,"apocalypsenow:human_flesh":4,"farmersdelight:vegetable_soup":1,"minecraft:wheat_seeds":3,"cfm:oak_park_bench":3,"ftbquests:book":1,"minecraft:mossy_stone_bricks":1,"apocalypsenow:police_helmet":2,"create:polished_cut_calcite_wall":23,"tac:9mm_round":68,"minecraft:moss_block":25,"firstaid:plaster":4,"apocalypsenow:canned_carrot":8,"patchouli:guide_book":1,"apocalypsenow:small_can":5,"minecraft:poisonous_potato":1,"apocalypsenow:chips":6,"apocalypsenow:canned_fish":4,"immersiveengineering:raw_aluminum":31,"minecraft:mossy_cobblestone":3,"minecraft:granite":37,"minecraft:bone_meal":71,"alexsmobs:maggot":6,"minecraft:oak_sapling":4,"pfm:dark_oak_green_simple_bed":4,"create:stressometer":1,"rocks:cobblestone_splitter":1,"sophisticatedbackpacks:gold_backpack":1,"minecraft:crafting_table":3,"apocalypsenow:fire_figther_boots":1,"tac:glock_17":1,"minecraft:gold_block":7,"apocalypsenow:u_sarmy_helmet":2,"minecraft:heavy_weighted_pressure_plate":8,"immersiveengineering:manual":1,"minecraft:iron_axe":1,"minecraft:flint_and_steel":1,"minecraft:compass":1,"farmersdelight:beef_patty":2,"apocalypsenow:night_stick":1,"apocalypsenow:construction_boots":3,"minecraft:light_gray_wool":57,"minecraft:quartz_stairs":2,"apocalypsenow:construction_barricade":1,"minecraft:egg":2,"minecraft:raw_iron":12,"minecraft:bowl":2,"sophisticatedbackpacks:backpack":1,"quark:black_framed_glass":4,"minecraft:carrot":1,"tac:b_magnum":5,"minecraft:stone_shovel":2,"immersiveengineering:steel_scaffolding_standard":6,"apocalypsenow:baseball_bat":1,"create:depot":1,"minecraft:gold_ingot":3,"firstaid:bandage":17,"apocalypsenow:fire_figther_chestplate":2,"apocalypsenow:knife_spear":1,"minecraft:golden_carrot":17,"minecraft:leather":13,"minecraft:filled_map":1,"minecraft:chainmail_chestplate":2,"embellishcraft:polished_marble":16,"minecraft:oak_log":7,"farmersdelight:shepherds_pie":1,"minecraft:gunpowder":2,"minecraft:paper":7,"embellishcraft:gneiss_large_bricks_wall":7,"apocalypsenow:u_sarmy_leggings":1,"apocalypsenow:construction_leggings":1,"minecraft:stone_bricks":35,"apocalypsenow:money":4,"minecraft:iron_ingot":45,"minecraft:stone_pickaxe":1,"minecraft:glass_bottle":17,"minecraft:iron_sword":2,"tac:ae50":8,"quark:light_gray_shard":86,"minecraft:book":27,"minecraft:emerald_block":3,"minecraft:dandelion":1,"minecraft:gravel":39,"minecraft:spruce_sapling":12,"minecraft:spruce_log":37,"immersiveengineering:seed":46,"minecraft:stone_axe":1,"apocalypsenow:bear_trap":1,"quark:framed_glass_pane":4,"immersiveengineering:armor_steel_legs":1,"quark:gray_shard":58,"minecraft:coal":151},"minecraft:mined":{"pfm:dark_oak_green_simple_bed":4,"minecraft:spruce_planks":13,"minecraft:brewing_stand":1,"minecraft:granite":37,"biomesoplenty:fir_slab":1,"minecraft:grass_block":21,"create:polished_cut_calcite_wall":12,"minecraft:light_gray_bed":4,"minecraft:white_concrete":1,"minecraft:spawner":33,"minecraft:smooth_stone":1,"minecraft:iron_ore":4,"minecraft:cobbled_deepslate":1,"minecraft:iron_bars":10,"apocalypsenow:construction_barricade":1,"immersiveengineering:ore_lead":11,"minecraft:iron_block":5,"create:dark_oak_window_pane":8,"minecraft:quartz_block":6,"minecraft:cyan_terracotta":47,"embellishcraft:smooth_slate":2,"minecraft:torch":6,"quark:framed_glass_pane":4,"embellishcraft:polished_marble":11,"minecraft:cobblestone":29,"minecraft:bricks":2,"minecraft:iron_door":17,"minecraft:wall_torch":9,"minecraft:cauldron":1,"minecraft:light_gray_stained_glass":10,"minecraft:light_gray_wool":55,"minecraft:smooth_stone_slab":4,"create:vertical_framed_glass_pane":5,"create:stressometer":1,"cfm:oak_park_bench":3,"minecraft:dirt":81,"minecraft:smooth_quartz":3,"minecraft:oak_leaves":2,"minecraft:emerald_block":3,"create:zinc_ore":10,"apocalypsenow:beartrapactivated":1,"minecraft:mossy_cobblestone":3,"minecraft:gray_stained_glass_pane":10,"immersiveengineering:concrete_quarter":2,"create:depot":1,"minecraft:spruce_leaves":16,"quark:black_framed_glass":4,"minecraft:moss_block":14,"rocks:rock":1,"immersivepetroleum:asphalt":8,"embellishcraft:smooth_marble_slab":2,"minecraft:furnace":1,"minecraft:spruce_sapling":1,"minecraft:heavy_weighted_pressure_plate":5,"create:framed_glass_pane":1,"immersiveengineering:hemp":1,"minecraft:andesite":1,"minecraft:gold_block":7,"minecraft:bookshelf":9,"minecraft:potatoes":1,"minecraft:vine":1,"minecraft:stone":771,"immersiveengineering:ore_aluminum":31,"create:track":13,"minecraft:crafting_table":2,"minecraft:gray_stained_glass":18,"embellishcraft:gneiss_large_bricks_wall":5,"minecraft:copper_ore":16,"snowrealmagic:wall":4,"minecraft:spruce_stairs":4,"minecraft:spruce_log":7,"embellishcraft:smooth_marble":28,"immersiveengineering:steel_scaffolding_standard":7,"createaddition:accumulator":1,"minecraft:coal_ore":118,"create:mechanical_crafter":2,"minecraft:gravel":42,"minecraft:cobweb":21,"minecraft:stone_bricks":33,"minecraft:mossy_stone_bricks":1,"minecraft:fern":1},"minecraft:crafted":{"minecraft:stone":19,"immersiveengineering:ingot_lead":11,"minecraft:chest":1,"minecraft:crafting_table":1,"minecraft:copper_ingot":89,"immersiveengineering:armor_steel_chest":1,"farmersdelight:beef_patty":2,"minecraft:iron_ingot":17,"minecraft:gold_ingot":14,"minecraft:leather":30,"immersiveengineering:nugget_aluminum":62,"minecraft:air":549,"minecraft:potion":20,"minecraft:white_wool":2,"firstaid:bandage":1},"minecraft:killed":{"zombiemobs:zombie_chicken":1,"undead_revamp2:thesmoker":21,"undead_revamp2:thepregnant":1,"undead_revamp2:crackleball":5,"undead_revamp2:theordure":2,"minecraft:zombie":201,"zombie_extreme:infected_police":3,"alexsmobs:fly":2,"hordes:zombie_player":1,"undead_revamp2:bomber":2,"zombie_extreme:runner":10,"zombie_extreme:crawler":7,"minecraft:husk":5,"undead_revamp2:the_moonflower":6},"minecraft:broken":{"minecraft:iron_sword":1,"apocalypsenow:knife_spear":3,"minecraft:iron_pickaxe":4},"minecraft:custom":{"lootr:looted_stat":37,"minecraft:interact_with_crafting_table":61,"minecraft:open_barrel":2,"minecraft:leave_game":3,"minecraft:time_since_death":5168,"minecraft:sprint_one_cm":582225,"minecraft:drop":236,"minecraft:talked_to_villager":6,"minecraft:play_time":379738,"minecraft:deaths":5,"minecraft:jump":3887,"minecraft:interact_with_brewingstand":3,"minecraft:walk_on_water_one_cm":19093,"minecraft:interact_with_furnace":63,"minecraft:traded_with_villager":1,"minecraft:stove_opened":2,"minecraft:sleep_in_bed":7,"minecraft:damage_dealt":42470,"minecraft:player_kills":1,"minecraft:crouch_one_cm":60555,"minecraft:mob_kills":312,"minecraft:interact_with_campfire":90,"minecraft:damage_dealt_resisted":1691,"minecraft:climb_one_cm":71393,"minecraft:walk_one_cm":1941145,"minecraft:fridge_opened":2,"minecraft:damage_dealt_absorbed":278,"minecraft:sneak_time":22607,"minecraft:walk_under_water_one_cm":10264,"minecraft:interact_with_blast_furnace":3,"minecraft:drawer_searched":2,"minecraft:total_world_time":379738,"minecraft:toilet_used":2,"minecraft:trashcan_opened":2,"minecraft:cabinet_searched":4,"minecraft:time_since_rest":5196,"minecraft:damage_taken":3758,"minecraft:swim_one_cm":4669,"minecraft:fly_one_cm":456671,"minecraft:freezer_opened":9,"minecraft:open_chest":144,"minecraft:fall_one_cm":60607},"minecraft:used":{"minecraft:moss_block":12,"immersiveengineering:seed":3,"minecraft:chest":6,"minecraft:iron_sword":248,"apocalypsenow:chips":6,"farmersdelight:melon_juice":15,"create:depot":1,"immersivepetroleum:asphalt":4,"embellishcraft:smooth_marble":14,"farmersdelight:vegetable_soup":1,"minecraft:cyan_terracotta":23,"apocalypsenow:beer":3,"minecraft:quartz_block":1,"minecraft:stone_bricks":13,"minecraft:furnace":5,"create:polished_cut_calcite_wall":7,"minecraft:potato":102,"farmersdelight:salmon_roll":3,"farmersdelight:chicken_soup":1,"quark:framed_glass_pane":2,"minecraft:stone_pickaxe":126,"minecraft:wooden_pickaxe":17,"farmersdelight:chicken_sandwich":1,"apocalypsenow:coke":3,"minecraft:heavy_weighted_pressure_plate":4,"minecraft:bread":8,"create:sweet_roll":2,"minecraft:iron_door":1,"farmersdelight:chocolate_pie":1,"pfm:dark_oak_green_simple_bed":4,"apocalypsenow:knife_spear":242,"create:stressometer":1,"minecraft:smooth_stone_slab":1,"apocalypsenow:cereal":4,"minecraft:bone_meal":215,"embellishcraft:polished_marble":3,"minecraft:stone_sword":24,"minecraft:flint_and_steel":1,"minecraft:stone_shovel":111,"minecraft:spruce_planks":8,"minecraft:torch":63,"minecraft:brewing_stand":1,"minecraft:dirt":73,"minecraft:spruce_stairs":7,"apocalypsenow:orange_juice":1,"apocalypsenow:pipe_wrench":238,"minecraft:iron_axe":52,"minecraft:golden_carrot":7,"embellishcraft:smooth_slate":1,"apocalypsenow:porpsi":5,"apocalypsenow:night_stick":367,"farmersdelight:shepherds_pie":1,"minecraft:water_bucket":38,"apocalypsenow:vodka":1,"minecraft:glass_bottle":42,"minecraft:mossy_cobblestone":1,"biomesoplenty:fir_slab":2,"minecraft:crafting_table":8,"minecraft:spruce_log":3,"apocalypsenow:construction_barricade":1,"apocalypsenow:police_helmet":1,"minecraft:wooden_hoe":48,"minecraft:iron_pickaxe":1221,"minecraft:spruce_sapling":1,"minecraft:stone_axe":9,"apocalypsenow:open_canned_carrot":8,"minecraft:cobblestone":115,"minecraft:potion":27,"farmersdelight:egg_sandwich":4,"apocalypsenow:peach_juice":1,"minecraft:bucket":39,"create:bar_of_chocolate":1},"minecraft:killed_by":{"undead_revamp2:the_moonflower":2}},"DataVersion":2975}