{"stats":{"minecraft:killed":{"hordes:zombie_player":1,"zombiemobs:zombie_chicken":1,"undead_revamp2:thesmoker":16,"undead_revamp2:thepregnant":1,"undead_revamp2:crackleball":5,"zombie_extreme:runner":4,"zombie_extreme:crawler":5,"minecraft:husk":3,"undead_revamp2:the_moonflower":3,"undead_revamp2:theordure":1,"minecraft:zombie":118,"zombie_extreme:infected_police":1,"alexsmobs:fly":2},"minecraft:crafted":{"minecraft:stone":19,"minecraft:leather":30,"minecraft:chest":1,"minecraft:crafting_table":1,"immersiveengineering:nugget_aluminum":36,"minecraft:copper_ingot":25,"minecraft:air":484,"farmersdelight:beef_patty":2,"minecraft:white_wool":2,"minecraft:gold_ingot":14,"firstaid:bandage":1},"minecraft:dropped":{"minecraft:iron_ingot":45,"apocalypsenow:police_helmet":1,"minecraft:moss_block":11,"minecraft:glass_bottle":1,"tac:glock_17":1,"minecraft:cobblestone":69,"apocalypsenow:cereal":4,"quark:gray_shard":10,"minecraft:leather":13,"minecraft:granite":2,"minecraft:spruce_stairs":1,"minecraft:gold_block":1,"minecraft:dirt":10,"rocks:cobblestone_splitter":1,"chalk:red_chalk":1,"minecraft:iron_door":7,"apocalypsenow:chips":6,"tac:mp9":1,"minecraft:string":34,"ftbquests:book":2,"embellishcraft:polished_marble":13,"apocalypsenow:glassbottle":3,"chalk:blue_chalk":1,"minecraft:spruce_sapling":6,"minecraft:dandelion":1,"minecraft:stone_axe":1,"minecraft:compass":1,"car:key":1,"alexsmobs:maggot":4,"embellishcraft:smooth_slate":1,"quark:framed_glass_pane":2,"apocalypsenow:small_can":10,"minecraft:bowl":1,"create:polished_cut_calcite_wall":16,"embellishcraft:smooth_marble":4,"embellishcraft:gneiss_large_bricks_wall":4,"minecraft:rotten_flesh":81,"apocalypsenow:bear_trap":1,"patchouli:guide_book":2,"minecraft:heavy_weighted_pressure_plate":4,"minecraft:spruce_planks":1,"minecraft:quartz_block":5,"minecraft:light_gray_bed":6,"minecraft:oak_sapling":4,"minecraft:stone_bricks":15,"minecraft:iron_bars":21,"minecraft:wooden_pickaxe":1,"minecraft:stone_pickaxe":1},"minecraft:used":{"minecraft:moss_block":12,"minecraft:stone_sword":24,"minecraft:flint_and_steel":1,"minecraft:stone_shovel":100,"minecraft:chest":6,"minecraft:spruce_planks":6,"apocalypsenow:chips":6,"farmersdelight:melon_juice":15,"minecraft:torch":60,"minecraft:brewing_stand":1,"minecraft:dirt":67,"minecraft:spruce_stairs":7,"create:depot":1,"apocalypsenow:orange_juice":1,"embellishcraft:smooth_marble":13,"minecraft:cyan_terracotta":18,"apocalypsenow:beer":3,"minecraft:iron_axe":23,"minecraft:stone_bricks":9,"minecraft:potato":102,"embellishcraft:smooth_slate":1,"apocalypsenow:porpsi":5,"minecraft:furnace":5,"create:polished_cut_calcite_wall":7,"apocalypsenow:night_stick":367,"farmersdelight:shepherds_pie":1,"minecraft:water_bucket":4,"apocalypsenow:vodka":1,"minecraft:glass_bottle":21,"quark:framed_glass_pane":2,"minecraft:stone_pickaxe":126,"minecraft:wooden_pickaxe":17,"minecraft:mossy_cobblestone":1,"farmersdelight:chicken_sandwich":1,"minecraft:crafting_table":6,"minecraft:spruce_log":3,"apocalypsenow:construction_barricade":1,"apocalypsenow:police_helmet":1,"minecraft:wooden_hoe":48,"create:sweet_roll":2,"minecraft:heavy_weighted_pressure_plate":4,"minecraft:bread":8,"minecraft:iron_pickaxe":1019,"minecraft:iron_door":1,"minecraft:spruce_sapling":1,"farmersdelight:chocolate_pie":1,"minecraft:stone_axe":9,"pfm:dark_oak_green_simple_bed":4,"apocalypsenow:knife_spear":146,"minecraft:cobblestone":100,"minecraft:potion":10,"farmersdelight:egg_sandwich":4,"minecraft:bucket":5,"minecraft:smooth_stone_slab":1,"apocalypsenow:cereal":4,"minecraft:bone_meal":144,"create:bar_of_chocolate":1,"embellishcraft:polished_marble":3},"minecraft:broken":{"apocalypsenow:knife_spear":1,"minecraft:iron_pickaxe":4},"minecraft:picked_up":{"sophisticatedbackpacks:gold_backpack":1,"minecraft:crafting_table":3,"tac:glock_17":1,"create:mechanical_crafter":2,"createaddition:accumulator":1,"minecraft:gold_block":6,"minecraft:potion":20,"minecraft:brewing_stand":2,"minecraft:heavy_weighted_pressure_plate":8,"minecraft:raw_copper":54,"minecraft:string":245,"minecraft:iron_axe":1,"minecraft:smooth_stone_slab":4,"minecraft:flint_and_steel":1,"minecraft:compass":1,"apocalypsenow:night_stick":1,"farmersdelight:beef_patty":2,"minecraft:spruce_planks":71,"minecraft:iron_pickaxe":1,"apocalypsenow:construction_barricade":1,"minecraft:furnace":2,"minecraft:stick":76,"minecraft:raw_iron":12,"embellishcraft:smooth_slate":2,"embellishcraft:smooth_marble":20,"minecraft:torch":50,"minecraft:spruce_stairs":5,"sophisticatedbackpacks:backpack":1,"quark:black_framed_glass":4,"tac:mp9":2,"apocalypsenow:glassbottle":2,"apocalypsenow:fire_figther_leggings":1,"minecraft:quartz_block":5,"apocalypsenow:porpsi":1,"immersiveengineering:steel_scaffolding_standard":6,"minecraft:light_gray_bed":6,"minecraft:rotten_flesh":146,"create:track":14,"minecraft:iron_block":6,"apocalypsenow:police_boots":2,"minecraft:cyan_terracotta":41,"create:depot":1,"apocalypsenow:police_chestplate":2,"minecraft:gold_ingot":3,"minecraft:iron_bars":21,"minecraft:cobblestone":745,"tac:round45":5,"immersiveengineering:concrete_quarter":2,"apocalypsenow:knife_spear":1,"minecraft:feather":1,"minecraft:iron_door":9,"minecraft:leather":13,"minecraft:potato":157,"minecraft:flint":3,"apocalypsenow:cereal":4,"farmersdelight:shepherds_pie":1,"minecraft:oak_log":7,"contenttweaker:rubber":4,"embellishcraft:polished_marble":16,"apocalypsenow:construction_chestplate":1,"farmersdelight:chicken_sandwich":3,"minecraft:paper":7,"minecraft:dirt":81,"embellishcraft:gneiss_large_bricks_wall":7,"minecraft:bone":188,"apocalypsenow:construction_leggings":1,"minecraft:stone_bricks":24,"apocalypsenow:human_flesh":2,"farmersdelight:vegetable_soup":1,"cfm:oak_park_bench":3,"ftbquests:book":1,"apocalypsenow:money":4,"minecraft:iron_ingot":45,"minecraft:stone_pickaxe":1,"minecraft:mossy_stone_bricks":1,"minecraft:glass_bottle":7,"create:polished_cut_calcite_wall":23,"tac:9mm_round":15,"apocalypsenow:police_helmet":2,"minecraft:moss_block":25,"firstaid:plaster":4,"apocalypsenow:canned_carrot":8,"minecraft:emerald_block":3,"patchouli:guide_book":1,"apocalypsenow:small_can":2,"minecraft:poisonous_potato":1,"minecraft:dandelion":1,"minecraft:gravel":39,"apocalypsenow:chips":6,"immersiveengineering:raw_aluminum":18,"apocalypsenow:canned_fish":4,"minecraft:spruce_sapling":8,"minecraft:spruce_log":30,"minecraft:mossy_cobblestone":3,"minecraft:stone_axe":1,"apocalypsenow:bear_trap":1,"minecraft:granite":36,"quark:framed_glass_pane":4,"quark:gray_shard":10,"alexsmobs:maggot":6,"minecraft:oak_sapling":4,"pfm:dark_oak_green_simple_bed":4,"rocks:cobblestone_splitter":1,"minecraft:coal":133,"create:stressometer":1},"minecraft:mined":{"pfm:dark_oak_green_simple_bed":4,"apocalypsenow:beartrapactivated":1,"minecraft:spruce_planks":6,"minecraft:mossy_cobblestone":3,"minecraft:brewing_stand":1,"minecraft:gray_stained_glass_pane":5,"minecraft:granite":36,"immersiveengineering:concrete_quarter":2,"minecraft:grass_block":10,"minecraft:light_gray_bed":4,"create:polished_cut_calcite_wall":12,"create:depot":1,"minecraft:white_concrete":1,"minecraft:spruce_leaves":16,"quark:black_framed_glass":4,"minecraft:moss_block":14,"rocks:rock":1,"minecraft:spawner":19,"minecraft:furnace":1,"minecraft:spruce_sapling":1,"minecraft:heavy_weighted_pressure_plate":5,"create:framed_glass_pane":1,"minecraft:iron_ore":4,"minecraft:gold_block":6,"minecraft:vine":1,"minecraft:iron_bars":8,"apocalypsenow:construction_barricade":1,"minecraft:stone":725,"minecraft:iron_block":5,"immersiveengineering:ore_aluminum":18,"create:dark_oak_window_pane":8,"minecraft:quartz_block":4,"minecraft:cyan_terracotta":39,"embellishcraft:smooth_slate":2,"create:track":13,"minecraft:crafting_table":2,"minecraft:torch":6,"minecraft:gray_stained_glass":3,"quark:framed_glass_pane":4,"embellishcraft:polished_marble":11,"minecraft:copper_ore":16,"embellishcraft:gneiss_large_bricks_wall":5,"minecraft:cobblestone":17,"snowrealmagic:wall":4,"minecraft:bricks":2,"minecraft:iron_door":3,"minecraft:wall_torch":8,"minecraft:spruce_stairs":4,"minecraft:spruce_log":7,"minecraft:smooth_stone_slab":4,"createaddition:accumulator":1,"embellishcraft:smooth_marble":18,"immersiveengineering:steel_scaffolding_standard":7,"create:vertical_framed_glass_pane":4,"minecraft:coal_ore":98,"minecraft:gravel":42,"create:stressometer":1,"create:mechanical_crafter":2,"cfm:oak_park_bench":3,"minecraft:dirt":71,"minecraft:cobweb":20,"minecraft:stone_bricks":24,"minecraft:mossy_stone_bricks":1,"minecraft:oak_leaves":2,"minecraft:emerald_block":3,"minecraft:fern":1},"minecraft:custom":{"lootr:looted_stat":23,"minecraft:mob_kills":181,"minecraft:interact_with_crafting_table":53,"minecraft:interact_with_campfire":11,"minecraft:damage_dealt_resisted":1515,"minecraft:leave_game":2,"minecraft:time_since_death":71732,"minecraft:climb_one_cm":36587,"minecraft:sprint_one_cm":208734,"minecraft:walk_one_cm":986074,"minecraft:fridge_opened":2,"minecraft:drop":131,"minecraft:damage_dealt_absorbed":198,"minecraft:talked_to_villager":2,"minecraft:play_time":209582,"minecraft:sneak_time":14167,"minecraft:deaths":2,"minecraft:walk_under_water_one_cm":3801,"minecraft:jump":1990,"minecraft:interact_with_brewingstand":2,"minecraft:interact_with_blast_furnace":3,"minecraft:walk_on_water_one_cm":7940,"minecraft:total_world_time":209582,"minecraft:interact_with_furnace":40,"minecraft:toilet_used":2,"minecraft:stove_opened":2,"minecraft:trashcan_opened":1,"minecraft:sleep_in_bed":4,"minecraft:time_since_rest":44531,"minecraft:damage_taken":1502,"minecraft:damage_dealt":17669,"minecraft:swim_one_cm":4669,"minecraft:freezer_opened":9,"minecraft:fly_one_cm":184500,"minecraft:open_chest":70,"minecraft:crouch_one_cm":35704,"minecraft:fall_one_cm":30241}},"DataVersion":2975}