{"stats":{"minecraft:killed":{"hordes:zombie_player":1,"zombiemobs:zombie_chicken":1,"undead_revamp2:thesmoker":17,"undead_revamp2:thepregnant":1,"undead_revamp2:crackleball":5,"zombie_extreme:runner":9,"zombie_extreme:crawler":6,"minecraft:husk":3,"undead_revamp2:the_moonflower":4,"undead_revamp2:theordure":1,"minecraft:zombie":165,"zombie_extreme:infected_police":2,"alexsmobs:fly":2},"minecraft:crafted":{"minecraft:stone":19,"minecraft:leather":30,"immersiveengineering:ingot_lead":11,"minecraft:chest":1,"minecraft:crafting_table":1,"immersiveengineering:nugget_aluminum":38,"minecraft:copper_ingot":89,"minecraft:air":497,"farmersdelight:beef_patty":2,"minecraft:potion":20,"minecraft:white_wool":2,"minecraft:iron_ingot":17,"minecraft:gold_ingot":14,"firstaid:bandage":1},"minecraft:dropped":{"minecraft:iron_ingot":45,"apocalypsenow:police_helmet":1,"minecraft:moss_block":11,"minecraft:glass_bottle":2,"tac:glock_17":1,"minecraft:cobblestone":69,"apocalypsenow:cereal":4,"quark:gray_shard":32,"minecraft:leather":13,"minecraft:granite":2,"minecraft:spruce_stairs":1,"minecraft:gold_block":1,"minecraft:cyan_terracotta":1,"minecraft:dirt":10,"quark:light_gray_shard":58,"rocks:cobblestone_splitter":1,"chalk:red_chalk":1,"minecraft:iron_door":13,"apocalypsenow:chips":6,"tac:mp9":1,"minecraft:string":34,"ftbquests:book":2,"embellishcraft:polished_marble":13,"apocalypsenow:glassbottle":3,"chalk:blue_chalk":1,"minecraft:spruce_sapling":6,"minecraft:dandelion":1,"minecraft:bone":2,"minecraft:stone_axe":1,"minecraft:compass":1,"car:key":1,"alexsmobs:maggot":4,"embellishcraft:smooth_slate":1,"quark:framed_glass_pane":2,"apocalypsenow:small_can":10,"minecraft:bowl":3,"create:polished_cut_calcite_wall":16,"embellishcraft:smooth_marble":5,"embellishcraft:gneiss_large_bricks_wall":4,"minecraft:stone_shovel":2,"minecraft:rotten_flesh":82,"apocalypsenow:bear_trap":1,"patchouli:guide_book":2,"minecraft:heavy_weighted_pressure_plate":4,"minecraft:spruce_planks":1,"minecraft:quartz_block":5,"minecraft:light_gray_bed":6,"minecraft:oak_sapling":4,"minecraft:stone_bricks":17,"minecraft:iron_bars":21,"minecraft:wooden_pickaxe":1,"minecraft:stone_pickaxe":1,"immersiveengineering:hemp_fiber":94},"minecraft:used":{"minecraft:moss_block":12,"minecraft:stone_sword":24,"minecraft:flint_and_steel":1,"minecraft:stone_shovel":111,"immersiveengineering:seed":3,"minecraft:chest":6,"minecraft:spruce_planks":7,"minecraft:iron_sword":72,"apocalypsenow:chips":6,"farmersdelight:melon_juice":15,"minecraft:torch":62,"minecraft:brewing_stand":1,"minecraft:dirt":68,"minecraft:spruce_stairs":7,"create:depot":1,"apocalypsenow:orange_juice":1,"embellishcraft:smooth_marble":14,"farmersdelight:vegetable_soup":1,"minecraft:cyan_terracotta":20,"apocalypsenow:beer":3,"minecraft:iron_axe":42,"minecraft:stone_bricks":13,"minecraft:potato":102,"embellishcraft:smooth_slate":1,"apocalypsenow:porpsi":5,"minecraft:furnace":5,"create:polished_cut_calcite_wall":7,"farmersdelight:salmon_roll":3,"apocalypsenow:night_stick":367,"farmersdelight:shepherds_pie":1,"farmersdelight:chicken_soup":1,"minecraft:water_bucket":19,"apocalypsenow:vodka":1,"minecraft:glass_bottle":30,"quark:framed_glass_pane":2,"minecraft:stone_pickaxe":126,"minecraft:wooden_pickaxe":17,"minecraft:mossy_cobblestone":1,"farmersdelight:chicken_sandwich":1,"minecraft:crafting_table":6,"minecraft:spruce_log":3,"apocalypsenow:construction_barricade":1,"apocalypsenow:police_helmet":1,"minecraft:wooden_hoe":48,"create:sweet_roll":2,"minecraft:heavy_weighted_pressure_plate":4,"minecraft:bread":8,"minecraft:iron_pickaxe":1118,"minecraft:iron_door":1,"minecraft:spruce_sapling":1,"farmersdelight:chocolate_pie":1,"minecraft:stone_axe":9,"pfm:dark_oak_green_simple_bed":4,"apocalypsenow:knife_spear":242,"minecraft:cobblestone":101,"minecraft:potion":16,"farmersdelight:egg_sandwich":4,"create:stressometer":1,"minecraft:bucket":20,"minecraft:smooth_stone_slab":1,"apocalypsenow:cereal":4,"minecraft:bone_meal":215,"create:bar_of_chocolate":1,"embellishcraft:polished_marble":3},"minecraft:broken":{"apocalypsenow:knife_spear":3,"minecraft:iron_pickaxe":4},"minecraft:picked_up":{"sophisticatedbackpacks:gold_backpack":1,"minecraft:crafting_table":3,"tac:glock_17":1,"create:mechanical_crafter":2,"createaddition:accumulator":1,"apocalypsenow:u_sarmy_helmet":1,"minecraft:gold_block":7,"minecraft:potion":60,"minecraft:brewing_stand":2,"minecraft:heavy_weighted_pressure_plate":8,"minecraft:raw_copper":54,"minecraft:string":301,"minecraft:iron_axe":1,"minecraft:smooth_stone_slab":4,"minecraft:flint_and_steel":1,"minecraft:compass":1,"immersiveengineering:raw_lead":11,"apocalypsenow:night_stick":1,"farmersdelight:beef_patty":2,"minecraft:spruce_planks":74,"minecraft:smooth_quartz":3,"minecraft:iron_pickaxe":1,"apocalypsenow:construction_barricade":1,"minecraft:furnace":2,"minecraft:stick":76,"minecraft:raw_iron":12,"embellishcraft:smooth_slate":2,"minecraft:bowl":1,"embellishcraft:smooth_marble":28,"minecraft:torch":51,"minecraft:spruce_stairs":5,"sophisticatedbackpacks:backpack":1,"quark:black_framed_glass":4,"tac:mp9":2,"apocalypsenow:glassbottle":2,"minecraft:carrot":1,"apocalypsenow:fire_figther_leggings":1,"minecraft:stone_shovel":2,"minecraft:quartz_block":5,"apocalypsenow:porpsi":1,"immersiveengineering:steel_scaffolding_standard":6,"minecraft:light_gray_bed":6,"minecraft:rotten_flesh":182,"firstaid:bandage":16,"create:track":14,"minecraft:iron_block":6,"apocalypsenow:police_boots":2,"minecraft:cyan_terracotta":42,"create:depot":1,"apocalypsenow:police_chestplate":2,"minecraft:gold_ingot":3,"minecraft:iron_bars":21,"minecraft:cobblestone":758,"tac:round45":13,"immersiveengineering:concrete_quarter":2,"apocalypsenow:knife_spear":1,"minecraft:feather":1,"minecraft:iron_door":18,"minecraft:andesite":1,"minecraft:leather":13,"biomesoplenty:fir_log":3,"create:raw_zinc":10,"minecraft:potato":159,"minecraft:flint":3,"apocalypsenow:cereal":4,"farmersdelight:shepherds_pie":1,"minecraft:oak_log":7,"contenttweaker:rubber":4,"embellishcraft:polished_marble":16,"apocalypsenow:construction_chestplate":2,"farmersdelight:chicken_sandwich":3,"minecraft:paper":7,"minecraft:dirt":94,"embellishcraft:gneiss_large_bricks_wall":7,"minecraft:leather_boots":1,"immersiveengineering:hemp_fiber":94,"minecraft:bone":246,"apocalypsenow:construction_leggings":1,"minecraft:stone_bricks":31,"apocalypsenow:human_flesh":2,"farmersdelight:vegetable_soup":1,"cfm:oak_park_bench":3,"ftbquests:book":1,"apocalypsenow:money":4,"minecraft:iron_ingot":45,"minecraft:stone_pickaxe":1,"minecraft:mossy_stone_bricks":1,"minecraft:glass_bottle":11,"create:polished_cut_calcite_wall":23,"tac:9mm_round":25,"apocalypsenow:police_helmet":2,"minecraft:moss_block":25,"minecraft:book":27,"quark:light_gray_shard":58,"firstaid:plaster":4,"apocalypsenow:canned_carrot":8,"minecraft:emerald_block":3,"patchouli:guide_book":1,"apocalypsenow:small_can":2,"minecraft:poisonous_potato":1,"minecraft:dandelion":1,"minecraft:gravel":39,"apocalypsenow:chips":6,"immersiveengineering:raw_aluminum":31,"apocalypsenow:canned_fish":4,"minecraft:spruce_sapling":8,"minecraft:spruce_log":30,"minecraft:mossy_cobblestone":3,"immersiveengineering:seed":44,"minecraft:stone_axe":1,"apocalypsenow:bear_trap":1,"minecraft:granite":37,"quark:framed_glass_pane":4,"minecraft:bone_meal":71,"quark:gray_shard":38,"alexsmobs:maggot":6,"minecraft:oak_sapling":4,"pfm:dark_oak_green_simple_bed":4,"rocks:cobblestone_splitter":1,"minecraft:coal":141,"create:stressometer":1},"minecraft:custom":{"lootr:looted_stat":30,"minecraft:mob_kills":238,"minecraft:open_barrel":2,"minecraft:interact_with_crafting_table":54,"minecraft:interact_with_campfire":54,"minecraft:damage_dealt_resisted":1515,"minecraft:leave_game":2,"minecraft:time_since_death":137732,"minecraft:climb_one_cm":41701,"minecraft:sprint_one_cm":311932,"minecraft:walk_one_cm":1339532,"minecraft:fridge_opened":2,"minecraft:drop":154,"minecraft:damage_dealt_absorbed":198,"minecraft:talked_to_villager":4,"minecraft:play_time":275582,"minecraft:sneak_time":16482,"minecraft:deaths":2,"minecraft:drawer_searched":2,"minecraft:walk_under_water_one_cm":6366,"minecraft:jump":2735,"minecraft:interact_with_brewingstand":3,"minecraft:interact_with_blast_furnace":3,"minecraft:walk_on_water_one_cm":13545,"minecraft:total_world_time":275582,"minecraft:interact_with_furnace":62,"minecraft:toilet_used":2,"minecraft:stove_opened":2,"minecraft:trashcan_opened":2,"minecraft:sleep_in_bed":7,"minecraft:cabinet_searched":2,"minecraft:time_since_rest":23288,"minecraft:damage_taken":1702,"minecraft:damage_dealt":23750,"minecraft:player_kills":1,"minecraft:swim_one_cm":4669,"minecraft:freezer_opened":9,"minecraft:fly_one_cm":259028,"minecraft:open_chest":102,"minecraft:crouch_one_cm":43128,"minecraft:fall_one_cm":38930},"minecraft:mined":{"create:zinc_ore":10,"pfm:dark_oak_green_simple_bed":4,"apocalypsenow:beartrapactivated":1,"minecraft:spruce_planks":9,"minecraft:mossy_cobblestone":3,"minecraft:brewing_stand":1,"minecraft:gray_stained_glass_pane":7,"minecraft:granite":37,"immersiveengineering:concrete_quarter":2,"minecraft:grass_block":16,"minecraft:light_gray_bed":4,"create:polished_cut_calcite_wall":12,"create:depot":1,"minecraft:white_concrete":1,"minecraft:spruce_leaves":16,"quark:black_framed_glass":4,"minecraft:moss_block":14,"rocks:rock":1,"minecraft:spawner":25,"minecraft:smooth_stone":1,"minecraft:furnace":1,"minecraft:spruce_sapling":1,"minecraft:heavy_weighted_pressure_plate":5,"create:framed_glass_pane":1,"immersiveengineering:hemp":1,"minecraft:iron_ore":4,"minecraft:andesite":1,"minecraft:gold_block":7,"minecraft:bookshelf":9,"minecraft:potatoes":1,"minecraft:vine":1,"minecraft:iron_bars":8,"immersiveengineering:ore_lead":11,"apocalypsenow:construction_barricade":1,"minecraft:stone":730,"minecraft:iron_block":5,"immersiveengineering:ore_aluminum":31,"create:dark_oak_window_pane":8,"minecraft:quartz_block":4,"minecraft:cyan_terracotta":39,"embellishcraft:smooth_slate":2,"create:track":13,"minecraft:crafting_table":2,"minecraft:torch":6,"minecraft:gray_stained_glass":9,"quark:framed_glass_pane":4,"embellishcraft:polished_marble":11,"minecraft:copper_ore":16,"embellishcraft:gneiss_large_bricks_wall":5,"minecraft:cobblestone":25,"snowrealmagic:wall":4,"minecraft:bricks":2,"minecraft:iron_door":11,"minecraft:wall_torch":8,"minecraft:cauldron":1,"minecraft:spruce_stairs":4,"minecraft:light_gray_stained_glass":5,"minecraft:spruce_log":7,"minecraft:smooth_stone_slab":4,"createaddition:accumulator":1,"embellishcraft:smooth_marble":28,"immersiveengineering:steel_scaffolding_standard":7,"create:vertical_framed_glass_pane":4,"minecraft:coal_ore":106,"minecraft:smooth_quartz":3,"minecraft:gravel":42,"create:stressometer":1,"create:mechanical_crafter":2,"cfm:oak_park_bench":3,"minecraft:dirt":78,"minecraft:cobweb":21,"minecraft:stone_bricks":31,"minecraft:mossy_stone_bricks":1,"minecraft:oak_leaves":2,"minecraft:emerald_block":3,"minecraft:fern":1}},"DataVersion":2975}