{"stats":{"minecraft:crafted":{"minecraft:oak_planks":40,"naturalist:cooked_venison":2,"magistuarmory:stone_shortsword":1,"regions_unexplored:maple_planks":28,"minecraft:stone":3,"sophisticatedbackpacks:crafting_upgrade":1,"iceandfire:armor_copper_metal_boots":1,"minecraft:diamond_helmet":1,"minecraft:diamond_leggings":1,"iceandfire:armor_copper_metal_chestplate":1,"regions_unexplored:willow_planks":20,"iceandfire:copper_pickaxe":1,"minecraft:oak_fence":3,"minecraft:emerald":14,"sophisticatedbackpacks:backpack":1,"minecraft:cooked_porkchop":6,"minecraft:diamond_axe":1,"minecraft:crafting_table":4,"minecraft:spruce_planks":884,"minecraft:wooden_pickaxe":1,"minecraft:copper_ingot":63,"minecraft:campfire":3,"sophisticatedbackpacks:upgrade_base":1,"magistuarmory:stone_bastardsword":1,"minecraft:charcoal":1,"quark:oak_chest":3,"minecraft:stick":1316,"minecraft:iron_ingot":83,"minecraft:iron_pickaxe":1,"minecraft:stone_sword":2,"magistuarmory:leather_strip":6,"minecraft:furnace":5,"iceandfire:armor_copper_metal_leggings":1,"minecraft:bone_meal":42,"magistuarmory:hilt":1,"minecraft:stone_pickaxe":4,"minecraft:diamond_boots":1,"minecraft:cooked_beef":4,"minecraft:wheat":171,"sophisticatedbackpacks:iron_backpack":1,"minecraft:stone_axe":1,"minecraft:bread":66,"minecraft:air":0,"minecraft:torch":36},"minecraft:custom":{"minecraft:interact_with_crafting_table":44,"minecraft:open_barrel":13,"minecraft:bell_ring":1,"minecraft:leave_game":5,"minecraft:time_since_death":34333,"minecraft:damage_resisted":0,"minecraft:sprint_one_cm":1265029,"minecraft:drop":137,"minecraft:talked_to_villager":22,"minecraft:play_time":348004,"minecraft:deaths":8,"minecraft:jump":5517,"minecraft:walk_on_water_one_cm":52272,"minecraft:interact_with_furnace":77,"minecraft:traded_with_villager":18,"minecraft:interact_with_loom":1,"minecraft:sleep_in_bed":8,"minecraft:waystone_activated":3,"minecraft:damage_dealt":26246,"minecraft:crouch_one_cm":212716,"tombstone:undead_killed":56,"minecraft:interact_with_smoker":2,"minecraft:horse_one_cm":15348,"minecraft:interact_with_anvil":1,"minecraft:mob_kills":151,"minecraft:interact_with_campfire":129,"minecraft:damage_dealt_resisted":0,"minecraft:climb_one_cm":6138,"minecraft:walk_one_cm":2159250,"minecraft:damage_dealt_absorbed":2364,"minecraft:sneak_time":30984,"minecraft:walk_under_water_one_cm":19107,"minecraft:interact_with_blast_furnace":1,"minecraft:total_world_time":348004,"tombstone:raider_killed":4,"minecraft:interact_with_grindstone":2,"minecraft:interact_with_stonecutter":2,"minecraft:time_since_rest":32497,"minecraft:damage_taken":11690,"minecraft:damage_absorbed":277,"minecraft:trigger_trapped_chest":37,"minecraft:swim_one_cm":41682,"minecraft:fly_one_cm":1504930,"minecraft:open_chest":77,"minecraft:fall_one_cm":95696},"minecraft:dropped":{"minecraft:glass_bottle":1,"minecraft:leather_helmet":4,"minecraft:emerald":15,"minecraft:dirt":5,"minecraft:cornflower":2,"magistuarmory:rusted_bastardsword":1,"iceandfire:copper_pickaxe":2,"regions_unexplored:willow_planks":3,"regions_unexplored:felicia_daisy":36,"swem:oat_seeds":5,"magistuarmory:rustedchainmail_leggings":4,"minecraft:stone_axe":2,"minecraft:sugar_cane":5,"swem:alfalfa_seeds":2,"paraglider:goddess_statue":1,"minecraft:rotten_flesh":11,"pandora:pandora_necklace":1,"patchouli:guide_book":1,"minecraft:leather_chestplate":2,"supplementaries:flax_seeds":10,"swem:timothy_seeds":2,"duneons:bluekinghat_chestplate":2,"create:limestone":8,"magistuarmory:rustedchainmail_chestplate":4,"minecraft:basalt":2,"magistuarmory:rustedchainmail_boots":5,"minecraft:egg":4,"minecraft:wheat_seeds":102,"minecraft:tnt":1,"minecraft:mossy_cobblestone":4,"weaponmaster:tutorialbook":12,"minecraft:poisonous_potato":1,"minecraft:chainmail_helmet":1,"minecraft:grass_block":1,"regions_unexplored:daisy":1,"quark:glass_item_frame":2,"duneons:bluekinghat_leggings":2,"duneons:bluekinghat_helmet":1,"minecraft:diorite":9,"regions_unexplored:salmon_poppy_bush":2,"minecraft:rose_bush":1,"enemyexpansion:wasp_thorax":2,"tombstone:grave_dust":18,"minecraft:iron_axe":1,"magistuarmory:rustedbarbute":1,"quark:oak_leaf_carpet":3,"create:sand_paper":1,"minecraft:stone_sword":8,"minecraft:raw_copper":1,"minecraft:stripped_oak_log":1,"regions_unexplored:hyssop":1,"minecraft:lily_of_the_valley":1,"duneons:gildedglory_chestplate":1,"minecraft:spruce_trapdoor":3,"minecraft:andesite":2,"minecraft:oak_sapling":1,"minecraft:spider_eye":2,"minecraft:spruce_log":262,"minecraft:stone_pickaxe":1,"minecraft:calcite":82,"minecraft:magma_block":4,"regions_unexplored:blue_lupine":1,"epicfight:skillbook":2},"minecraft:picked_up":{"regions_unexplored:small_oak_log":6,"minecraft:wheat":111,"minecraft:flower_pot":2,"minecraft:lead":3,"enemyexpansion:wasp_thorax":2,"minecraft:potion":1,"regions_unexplored:maple_planks":2,"paraglider:goddess_statue":3,"minecraft:string":43,"minecraft:raw_copper":96,"create:limestone":35,"minecraft:zombie_head":3,"minecraft:beetroot":2,"minecraft:gold_nugget":40,"minecraft:cobbled_deepslate":8,"minecraft:rose_bush":1,"minecraft:calcite":93,"minecraft:furnace":1,"minecraft:tipped_arrow":2,"minecraft:stick":16,"iceandfire:copper_pickaxe":1,"apotheosis:gem":9,"minecraft:composter":2,"minecraft:torch":45,"magistuarmory:rusted_heavymace":1,"epicfight:skillbook":10,"minecraft:porkchop":18,"tombstone:grave_dust":27,"minecraft:diorite":9,"regions_unexplored:daisy":1,"quark:ancient_tome":1,"minecraft:honey_bottle":1,"minecraft:rotten_flesh":49,"minecraft:stone_sword":7,"duneons:bluebanner":3,"supplementaries:antique_ink":3,"create:asurine":78,"supplementaries:ash":41,"minecraft:cobblestone":273,"duneons:crystalblue":3,"minecraft:magma_block":4,"minecraft:leather_chestplate":2,"minecraft:cooked_beef":4,"magistuarmory:rustedchainmail_boots":5,"minecraft:andesite":8,"swem:star_worm":17,"minecraft:potato":162,"duneons:bluekinghat_leggings":3,"paraglider:spirit_orb":14,"create:raw_zinc":21,"supplementaries:flax_seeds":10,"minecraft:lantern":2,"minecraft:dirt":21,"minecraft:bone":40,"minecraft:wheat_seeds":231,"minecraft:raw_gold":18,"duneons:claymoreblade":1,"minecraft:glowstone_dust":5,"minecraft:rabbit":2,"swem:oat_seeds":5,"minecraft:oak_planks":3,"minecraft:cooked_porkchop":14,"iceandfire:podium_spruce":1,"swem:cantazarite":8,"minecraft:poisonous_potato":1,"minecraft:grass_block":2,"minecraft:lily_of_the_valley":2,"minecraft:trapped_chest":1,"minecraft:mossy_cobblestone":4,"minecraft:bundle":1,"regions_unexplored:hyssop":2,"minecraft:sugar":1,"naturalist:antler":1,"iceandfire:lectern":1,"minecraft:granite":1,"minecraft:bread":8,"regions_unexplored:willow_log":5,"minecraft:chainmail_helmet":2,"minecraft:emerald":97,"minecraft:oak_sapling":1,"iceandfire:silver_nugget":10,"iceandfire:raw_silver":6,"minecraft:charcoal":10,"luminousworld:groundpebbles_1":2,"minecraft:crafting_table":1,"naturalist:venison":2,"duneons:gildedglory_chestplate":2,"minecraft:infested_cobblestone":42,"duneons:sabrewing_bow":1,"minecraft:cornflower":3,"minecraft:iron_axe":2,"minecraft:item_frame":1,"duneons:rapierred":1,"iceandfire:bestiary":1,"minecraft:beef":8,"minecraft:sugar_cane":5,"minecraft:egg":4,"minecraft:raw_iron":122,"minecraft:copper_ingot":4,"magistuarmory:rustedbarbute":1,"regions_unexplored:blue_lupine":1,"minecraft:carrot":8,"minecraft:redstone":8,"quark:oak_leaf_carpet":5,"minecraft:tnt":1,"minecraft:arrow":22,"minecraft:beetroot_seeds":5,"regions_unexplored:felicia_daisy":37,"minecraft:hay_block":33,"swem:alfalfa_seeds":2,"regions_unexplored:willow_planks":2,"minecraft:mutton":4,"duneons:bluekinghat_chestplate":2,"minecraft:stripped_oak_log":1,"swem:timothy_seeds":2,"minecraft:basalt":6,"luminousworld:ishstone":1,"minecraft:leather":11,"minecraft:oak_log":4,"minecraft:chainmail_chestplate":1,"regions_unexplored:salmon_poppy_bush":2,"minecraft:gunpowder":6,"minecraft:cobblestone_stairs":1,"minecraft:cooked_mutton":4,"minecraft:cobweb":30,"minecraft:stone_pickaxe":1,"duneons:tempestknifeblue":1,"minecraft:iron_ingot":2,"create:cut_deepslate":4,"duneons:mountaineeraxeiron":1,"weaponmaster:tutorialbook":7,"minecraft:glass_bottle":2,"minecraft:book":30,"aquaculture:smallmouth_bass":1,"iceandfire:copper_nugget":14,"minecraft:black_candle":5,"magistuarmory:rustedchainmail_chestplate":4,"quark:glass_item_frame":2,"duneons:necromancerball":4,"minecraft:spruce_sapling":24,"minecraft:white_bed":2,"minecraft:spruce_log":495,"magistuarmory:rustedchainmail_leggings":4,"quark:jasper_bricks":2,"duneons:bluekinghat_helmet":2,"minecraft:spider_eye":6,"minecraft:leather_helmet":4,"minecraft:stone_axe":1,"magistuarmory:rusted_bastardsword":3,"regions_unexplored:maple_log":7,"duneons:keygold":2,"minecraft:baked_potato":85,"minecraft:damaged_anvil":1,"minecraft:coal":228,"minecraft:ender_pearl":1},"minecraft:killed":{"duneons:enchanted_zombie":4,"minecraft:cave_spider":11,"tmg:the_shunned":2,"minecraft:witch":4,"enemyexpansion:equestrian":1,"minecraft:spider":6,"aquaculture:smallmouth_bass":1,"minecraft:skeleton":10,"duneons:necromancer":1,"minecraft:silverfish":5,"duneons:enchanted_creeper":5,"duneons:keygolem":1,"minecraft:pig":6,"minecraft:zombie_villager":2,"minecraft:creeper":2,"duneons:mountaineer":21,"minecraft:trader_llama":1,"duneons:tempestgolem":1,"minecraft:zombie":25,"enemyexpansion:botfly":8,"minecraft:stray":4,"enemyexpansion:wasp":1,"minecraft:cow":4,"enemyexpansion:direwolf":3,"naturalist:deer":1,"duneons:squallgolem":1,"enemyexpansion:sprinter":4,"minecraft:enderman":2,"enemyexpansion:slugger":1},"minecraft:used":{"iceandfire:lectern":1,"minecraft:stone":1,"minecraft:rotten_flesh":27,"naturalist:cooked_venison":2,"paraglider:goddess_statue":2,"duneons:tempestknifeblue":195,"minecraft:lily_of_the_valley":1,"regions_unexplored:willow_planks":1,"quark:deepslate_furnace":2,"minecraft:grass_block":1,"minecraft:furnace":6,"magistuarmory:rusted_bastardsword":21,"minecraft:potato":103,"epicfight:skillbook":7,"minecraft:damaged_anvil":1,"regions_unexplored:felicia_daisy":1,"minecraft:stone_pickaxe":594,"minecraft:oak_planks":3,"minecraft:wooden_pickaxe":27,"minecraft:chainmail_helmet":1,"minecraft:diamond_axe":139,"iceandfire:podium_spruce":1,"iceandfire:armor_copper_metal_chestplate":2,"minecraft:zombie_head":2,"minecraft:bread":91,"minecraft:andesite":6,"minecraft:bone_meal":16,"minecraft:oak_fence":3,"create:limestone":16,"minecraft:stone_sword":77,"minecraft:torch":42,"minecraft:dirt":6,"minecraft:chainmail_chestplate":2,"regions_unexplored:hyssop":1,"minecraft:iron_axe":298,"duneons:gildedglory_chestplate":1,"minecraft:basalt":4,"magistuarmory:stone_shortsword":1,"tombstone:gift":2,"minecraft:trapped_chest":1,"minecraft:cooked_beef":5,"minecraft:cobbled_deepslate":2,"minecraft:calcite":10,"magistuarmory:stone_bastardsword":144,"minecraft:cooked_mutton":4,"minecraft:baked_potato":67,"create:cut_deepslate":3,"minecraft:crafting_table":4,"minecraft:campfire":3,"minecraft:white_bed":2,"minecraft:spruce_log":3,"minecraft:cornflower":1,"minecraft:iron_pickaxe":273,"minecraft:spruce_sapling":24,"minecraft:stone_axe":65,"minecraft:cobblestone":105,"minecraft:potion":1,"minecraft:cooked_porkchop":20,"duneons:rapierred":19,"quark:oak_leaf_carpet":2,"quark:oak_chest":1},"minecraft:mined":{"create:deepslate_zinc_ore":12,"minecraft:white_bed":2,"regions_unexplored:maple_log":7,"iceandfire:copper_pile":2,"minecraft:sculk_vein":15,"swem:cantazarite_ore":1,"minecraft:grass_block":6,"iceandfire:lectern":1,"minecraft:composter":2,"minecraft:spawner":7,"minecraft:magma_block":1,"minecraft:iron_ore":74,"minecraft:cobbled_deepslate":2,"create:asurine":78,"minecraft:sculk_shrieker":6,"iceandfire:gold_pile":3,"minecraft:dirt_path":2,"minecraft:black_candle":5,"create:limestone":34,"regions_unexplored:willow_log":6,"minecraft:torch":12,"minecraft:calcite":94,"swem:star_worm_cobble":4,"minecraft:cobblestone":6,"minecraft:damaged_anvil":1,"minecraft:sugar_cane":1,"minecraft:oak_planks":3,"minecraft:wall_torch":1,"regions_unexplored:hyssop":2,"minecraft:tnt":1,"minecraft:grass":6,"minecraft:oak_log":5,"minecraft:dirt":8,"minecraft:oak_leaves":6,"minecraft:deepslate":2,"create:zinc_ore":9,"iceandfire:silver_ore":6,"regions_unexplored:willow_leaves":4,"regions_unexplored:maple_leaves":1,"luminousworld:groundpebbles_3":2,"minecraft:hay_block":33,"minecraft:spore_blossom":1,"minecraft:redstone_ore":1,"minecraft:spruce_sapling":8,"minecraft:furnace":1,"minecraft:andesite":4,"minecraft:bookshelf":10,"minecraft:deepslate_iron_ore":41,"minecraft:vine":1,"regions_unexplored:medium_grass":3,"regions_unexplored:small_oak_log":7,"iceandfire:podium_spruce":1,"minecraft:stone":247,"regions_unexplored:felicia_daisy":1,"minecraft:basalt":5,"minecraft:crafting_table":1,"minecraft:cornflower":1,"minecraft:emerald_ore":1,"minecraft:sculk_sensor":4,"minecraft:campfire":5,"create:cut_deepslate":2,"minecraft:copper_ore":17,"minecraft:tall_grass":1,"regions_unexplored:daisy":1,"minecraft:sculk":11,"minecraft:diorite":9,"supplementaries:urn":25,"minecraft:spruce_log":412,"minecraft:coal_ore":191,"iceandfire:silver_pile":3,"luminousworld:ishstone":1,"minecraft:cobweb":27,"paraglider:goddess_statue":2},"minecraft:broken":{"minecraft:stone_pickaxe":4,"minecraft:chainmail_helmet":1,"iceandfire:armor_copper_metal_leggings":1,"minecraft:iron_pickaxe":1,"magistuarmory:stone_bastardsword":1,"iceandfire:armor_copper_metal_boots":1}},"DataVersion":3465}