{"stats":{"minecraft:broken":{"minecraft:chainmail_helmet":1,"minecraft:stone_pickaxe":3,"iceandfire:armor_copper_metal_leggings":1,"magistuarmory:stone_bastardsword":1,"iceandfire:armor_copper_metal_boots":1},"minecraft:custom":{"minecraft:mob_kills":60,"minecraft:interact_with_crafting_table":34,"minecraft:open_barrel":1,"minecraft:interact_with_campfire":15,"minecraft:bell_ring":1,"minecraft:damage_dealt_resisted":0,"minecraft:leave_game":4,"minecraft:time_since_death":821,"minecraft:climb_one_cm":1176,"minecraft:damage_resisted":0,"minecraft:sprint_one_cm":615822,"minecraft:walk_one_cm":1167308,"minecraft:drop":53,"minecraft:damage_dealt_absorbed":1901,"minecraft:talked_to_villager":15,"minecraft:play_time":188742,"minecraft:sneak_time":5669,"minecraft:deaths":7,"minecraft:walk_under_water_one_cm":6498,"minecraft:jump":2605,"minecraft:walk_on_water_one_cm":31020,"minecraft:total_world_time":188742,"minecraft:interact_with_furnace":56,"minecraft:sleep_in_bed":7,"minecraft:time_since_rest":706,"minecraft:waystone_activated":1,"minecraft:damage_taken":6203,"minecraft:damage_absorbed":277,"minecraft:trigger_trapped_chest":29,"minecraft:damage_dealt":15472,"minecraft:swim_one_cm":39656,"minecraft:fly_one_cm":837202,"minecraft:open_chest":41,"minecraft:crouch_one_cm":47817,"tombstone:undead_killed":11,"minecraft:interact_with_smoker":2,"minecraft:fall_one_cm":25370,"minecraft:horse_one_cm":15348},"minecraft:dropped":{"minecraft:wheat_seeds":72,"minecraft:mossy_cobblestone":4,"weaponmaster:tutorialbook":9,"regions_unexplored:daisy":1,"minecraft:cornflower":2,"iceandfire:copper_pickaxe":2,"minecraft:iron_axe":1,"quark:oak_leaf_carpet":3,"regions_unexplored:felicia_daisy":36,"swem:oat_seeds":1,"minecraft:stone_sword":8,"swem:alfalfa_seeds":2,"paraglider:goddess_statue":1,"minecraft:rotten_flesh":7,"minecraft:stripped_oak_log":1,"pandora:pandora_necklace":1,"patchouli:guide_book":1,"minecraft:lily_of_the_valley":1,"swem:timothy_seeds":2,"minecraft:spruce_trapdoor":3,"minecraft:oak_sapling":1,"minecraft:stone_pickaxe":1,"epicfight:skillbook":1},"minecraft:crafted":{"minecraft:oak_planks":24,"naturalist:cooked_venison":2,"magistuarmory:stone_shortsword":1,"regions_unexplored:maple_planks":28,"minecraft:furnace":3,"iceandfire:armor_copper_metal_leggings":1,"minecraft:stone":3,"iceandfire:armor_copper_metal_boots":1,"magistuarmory:hilt":1,"minecraft:stone_pickaxe":4,"iceandfire:armor_copper_metal_chestplate":1,"iceandfire:copper_pickaxe":1,"minecraft:oak_fence":3,"minecraft:wheat":171,"minecraft:cooked_beef":4,"minecraft:cooked_porkchop":6,"minecraft:crafting_table":2,"minecraft:wooden_pickaxe":1,"minecraft:copper_ingot":57,"minecraft:stone_axe":1,"magistuarmory:stone_bastardsword":1,"minecraft:bread":66,"minecraft:air":0,"minecraft:charcoal":1,"minecraft:stick":36,"quark:oak_chest":1,"minecraft:stone_sword":2,"minecraft:torch":36,"magistuarmory:leather_strip":6},"minecraft:used":{"iceandfire:lectern":1,"minecraft:oak_fence":1,"minecraft:stone_sword":77,"minecraft:stone":1,"duneons:tempestknifeblue":22,"minecraft:torch":22,"naturalist:cooked_venison":2,"paraglider:goddess_statue":2,"minecraft:dirt":6,"minecraft:lily_of_the_valley":1,"minecraft:chainmail_chestplate":2,"regions_unexplored:hyssop":1,"minecraft:iron_axe":20,"magistuarmory:stone_shortsword":1,"minecraft:furnace":4,"magistuarmory:rusted_bastardsword":21,"tombstone:gift":2,"minecraft:trapped_chest":1,"minecraft:potato":12,"minecraft:cooked_beef":1,"magistuarmory:stone_bastardsword":144,"minecraft:cooked_mutton":4,"epicfight:skillbook":3,"regions_unexplored:felicia_daisy":1,"minecraft:stone_pickaxe":423,"minecraft:baked_potato":2,"minecraft:oak_planks":3,"minecraft:wooden_pickaxe":27,"minecraft:chainmail_helmet":1,"iceandfire:podium_spruce":1,"minecraft:crafting_table":3,"minecraft:white_bed":2,"minecraft:cornflower":1,"iceandfire:armor_copper_metal_chestplate":2,"minecraft:bread":78,"minecraft:stone_axe":41,"minecraft:cobblestone":1,"minecraft:cooked_porkchop":6,"duneons:rapierred":14,"quark:oak_leaf_carpet":2,"quark:oak_chest":1},"minecraft:killed":{"enemyexpansion:equestrian":1,"minecraft:spider":1,"aquaculture:smallmouth_bass":1,"enemyexpansion:direwolf":3,"minecraft:skeleton":1,"naturalist:deer":1,"duneons:squallgolem":1,"minecraft:pig":3,"enemyexpansion:sprinter":3,"duneons:mountaineer":21,"minecraft:trader_llama":1,"duneons:tempestgolem":1,"minecraft:zombie":5,"enemyexpansion:botfly":7,"minecraft:cow":2,"enemyexpansion:slugger":1},"minecraft:mined":{"minecraft:white_bed":2,"iceandfire:silver_ore":2,"regions_unexplored:maple_log":7,"iceandfire:copper_pile":2,"minecraft:grass_block":6,"iceandfire:lectern":1,"minecraft:composter":2,"luminousworld:groundpebbles_3":2,"minecraft:hay_block":33,"minecraft:furnace":1,"minecraft:iron_ore":9,"minecraft:bookshelf":7,"minecraft:dirt_path":2,"iceandfire:gold_pile":3,"regions_unexplored:medium_grass":3,"regions_unexplored:small_oak_log":7,"minecraft:stone":233,"iceandfire:podium_spruce":1,"regions_unexplored:felicia_daisy":1,"minecraft:cornflower":1,"minecraft:crafting_table":1,"minecraft:torch":3,"minecraft:campfire":5,"minecraft:cobblestone":1,"minecraft:copper_ore":17,"swem:star_worm_cobble":4,"minecraft:tall_grass":1,"regions_unexplored:daisy":1,"minecraft:oak_planks":3,"minecraft:wall_torch":1,"regions_unexplored:hyssop":1,"minecraft:grass":6,"minecraft:coal_ore":168,"iceandfire:silver_pile":3,"luminousworld:ishstone":1,"minecraft:dirt":8,"paraglider:goddess_statue":2,"minecraft:oak_leaves":2},"minecraft:picked_up":{"regions_unexplored:small_oak_log":6,"luminousworld:groundpebbles_1":2,"minecraft:charcoal":10,"minecraft:crafting_table":1,"minecraft:wheat":111,"minecraft:flower_pot":2,"naturalist:venison":2,"minecraft:lead":3,"duneons:gildedglory_chestplate":1,"regions_unexplored:maple_planks":2,"duneons:sabrewing_bow":1,"minecraft:cornflower":3,"paraglider:goddess_statue":3,"minecraft:raw_copper":89,"minecraft:iron_axe":1,"minecraft:item_frame":1,"minecraft:beetroot":2,"duneons:rapierred":1,"iceandfire:bestiary":1,"minecraft:gold_nugget":18,"minecraft:beef":4,"minecraft:furnace":1,"minecraft:raw_iron":9,"minecraft:stick":8,"apotheosis:gem":7,"iceandfire:copper_pickaxe":1,"minecraft:composter":2,"minecraft:copper_ingot":4,"minecraft:torch":5,"epicfight:skillbook":3,"minecraft:porkchop":12,"tombstone:grave_dust":5,"minecraft:carrot":8,"quark:oak_leaf_carpet":5,"regions_unexplored:daisy":1,"minecraft:stone_sword":7,"minecraft:arrow":6,"minecraft:rotten_flesh":11,"minecraft:beetroot_seeds":5,"regions_unexplored:felicia_daisy":37,"minecraft:hay_block":33,"swem:alfalfa_seeds":2,"minecraft:mutton":4,"minecraft:cobblestone":253,"minecraft:stripped_oak_log":1,"swem:timothy_seeds":2,"luminousworld:ishstone":1,"swem:star_worm":17,"minecraft:leather":7,"minecraft:potato":14,"minecraft:chainmail_chestplate":1,"minecraft:lantern":2,"minecraft:dirt":16,"minecraft:cooked_mutton":4,"minecraft:wheat_seeds":215,"minecraft:stone_pickaxe":1,"duneons:claymoreblade":1,"duneons:tempestknifeblue":1,"duneons:mountaineeraxeiron":1,"weaponmaster:tutorialbook":7,"minecraft:rabbit":2,"swem:oat_seeds":1,"minecraft:oak_planks":3,"minecraft:book":21,"aquaculture:smallmouth_bass":1,"iceandfire:copper_nugget":14,"minecraft:cooked_porkchop":8,"iceandfire:podium_spruce":1,"minecraft:white_bed":2,"minecraft:lily_of_the_valley":2,"minecraft:trapped_chest":1,"minecraft:mossy_cobblestone":4,"regions_unexplored:hyssop":1,"naturalist:antler":1,"magistuarmory:rusted_bastardsword":2,"iceandfire:lectern":1,"minecraft:granite":1,"regions_unexplored:maple_log":7,"minecraft:chainmail_helmet":1,"minecraft:baked_potato":2,"minecraft:oak_sapling":1,"minecraft:coal":170,"iceandfire:silver_nugget":10,"iceandfire:raw_silver":2}},"DataVersion":3465}