{"stats":{"minecraft:dropped":{"minecraft:moss_block":11,"minecraft:glass_bottle":5,"minecraft:leather":13,"minecraft:gold_block":1,"minecraft:cyan_terracotta":2,"minecraft:dirt":22,"quark:light_gray_shard":58,"rocks:cobblestone_splitter":1,"apocalypsenow:chips":6,"ftbquests:book":2,"apocalypsenow:glassbottle":3,"embellishcraft:polished_marble":13,"minecraft:bone":2,"minecraft:stone_axe":1,"minecraft:compass":1,"car:key":1,"apocalypsenow:small_can":12,"embellishcraft:gneiss_large_bricks_wall":4,"minecraft:rotten_flesh":82,"patchouli:guide_book":2,"apocalypsenow:baseball_bat":1,"minecraft:heavy_weighted_pressure_plate":4,"immersiveengineering:manual":1,"minecraft:quartz_block":5,"minecraft:iron_bars":21,"immersiveengineering:creosote_bucket":1,"immersiveengineering:seed":1,"minecraft:iron_ingot":45,"apocalypsenow:police_helmet":1,"minecraft:wheat_seeds":2,"tac:glock_17":1,"minecraft:cobblestone":69,"apocalypsenow:cereal":4,"minecraft:granite":2,"quark:gray_shard":32,"minecraft:spruce_stairs":1,"biomesoplenty:fir_slab":5,"chalk:red_chalk":1,"minecraft:smooth_quartz":3,"minecraft:iron_door":17,"tac:mp9":1,"minecraft:string":34,"chalk:blue_chalk":1,"minecraft:spruce_sapling":6,"minecraft:dandelion":1,"alexsmobs:maggot":4,"embellishcraft:smooth_slate":1,"quark:framed_glass_pane":2,"minecraft:bowl":4,"create:polished_cut_calcite_wall":16,"embellishcraft:smooth_marble":6,"minecraft:stone_shovel":2,"minecraft:light_gray_wool":1,"apocalypsenow:bear_trap":1,"minecraft:spruce_planks":1,"minecraft:light_gray_bed":6,"minecraft:oak_sapling":4,"minecraft:stone_bricks":17,"minecraft:stone_pickaxe":1,"minecraft:wooden_pickaxe":1,"immersiveengineering:hemp_fiber":94},"minecraft:picked_up":{"create:mechanical_crafter":2,"createaddition:accumulator":1,"minecraft:potion":72,"minecraft:brewing_stand":2,"minecraft:string":311,"minecraft:raw_copper":54,"minecraft:smooth_stone_slab":4,"immersiveengineering:raw_lead":11,"minecraft:spruce_planks":74,"minecraft:smooth_quartz":3,"minecraft:iron_pickaxe":1,"minecraft:furnace":2,"minecraft:stick":76,"embellishcraft:smooth_slate":2,"embellishcraft:smooth_marble":29,"minecraft:torch":51,"minecraft:spruce_stairs":5,"tac:mp9":2,"apocalypsenow:glassbottle":2,"apocalypsenow:fire_figther_leggings":1,"minecraft:quartz_block":5,"apocalypsenow:porpsi":1,"minecraft:light_gray_bed":6,"minecraft:rotten_flesh":186,"create:track":45,"minecraft:iron_block":6,"minecraft:cyan_terracotta":43,"biomesoplenty:fir_slab":1,"apocalypsenow:police_chestplate":2,"apocalypsenow:police_boots":2,"minecraft:iron_bars":21,"minecraft:cobblestone":758,"tac:round45":15,"immersiveengineering:concrete_quarter":2,"minecraft:feather":1,"minecraft:iron_door":25,"minecraft:andesite":1,"minecraft:potato":159,"biomesoplenty:fir_log":3,"apocalypsenow:cereal":4,"minecraft:flint":3,"create:raw_zinc":10,"contenttweaker:rubber":4,"apocalypsenow:construction_chestplate":2,"farmersdelight:chicken_sandwich":3,"minecraft:dirt":94,"minecraft:leather_boots":1,"immersiveengineering:hemp_fiber":94,"minecraft:bone":254,"apocalypsenow:human_flesh":2,"farmersdelight:vegetable_soup":1,"minecraft:wheat_seeds":3,"cfm:oak_park_bench":3,"ftbquests:book":1,"minecraft:mossy_stone_bricks":1,"apocalypsenow:police_helmet":2,"create:polished_cut_calcite_wall":23,"tac:9mm_round":55,"minecraft:moss_block":25,"firstaid:plaster":4,"apocalypsenow:canned_carrot":8,"patchouli:guide_book":1,"apocalypsenow:small_can":3,"minecraft:poisonous_potato":1,"apocalypsenow:chips":6,"apocalypsenow:canned_fish":4,"immersiveengineering:raw_aluminum":31,"minecraft:mossy_cobblestone":3,"minecraft:granite":37,"minecraft:bone_meal":71,"alexsmobs:maggot":6,"minecraft:oak_sapling":4,"pfm:dark_oak_green_simple_bed":4,"create:stressometer":1,"rocks:cobblestone_splitter":1,"sophisticatedbackpacks:gold_backpack":1,"minecraft:crafting_table":3,"tac:glock_17":1,"minecraft:gold_block":7,"apocalypsenow:u_sarmy_helmet":1,"minecraft:heavy_weighted_pressure_plate":8,"immersiveengineering:manual":1,"minecraft:iron_axe":1,"minecraft:flint_and_steel":1,"minecraft:compass":1,"farmersdelight:beef_patty":2,"apocalypsenow:night_stick":1,"minecraft:light_gray_wool":1,"apocalypsenow:construction_barricade":1,"minecraft:raw_iron":12,"minecraft:bowl":2,"sophisticatedbackpacks:backpack":1,"quark:black_framed_glass":4,"minecraft:carrot":1,"minecraft:stone_shovel":2,"immersiveengineering:steel_scaffolding_standard":6,"create:depot":1,"minecraft:gold_ingot":3,"firstaid:bandage":16,"apocalypsenow:fire_figther_chestplate":1,"apocalypsenow:knife_spear":1,"minecraft:leather":13,"minecraft:filled_map":1,"embellishcraft:polished_marble":16,"minecraft:oak_log":7,"farmersdelight:shepherds_pie":1,"minecraft:paper":7,"embellishcraft:gneiss_large_bricks_wall":7,"apocalypsenow:construction_leggings":1,"minecraft:stone_bricks":31,"apocalypsenow:money":4,"minecraft:iron_ingot":45,"minecraft:stone_pickaxe":1,"minecraft:glass_bottle":16,"minecraft:iron_sword":1,"quark:light_gray_shard":58,"minecraft:book":27,"minecraft:emerald_block":3,"minecraft:dandelion":1,"minecraft:gravel":39,"minecraft:spruce_sapling":8,"minecraft:spruce_log":30,"immersiveengineering:seed":46,"minecraft:stone_axe":1,"apocalypsenow:bear_trap":1,"quark:framed_glass_pane":4,"quark:gray_shard":38,"minecraft:coal":147},"minecraft:mined":{"pfm:dark_oak_green_simple_bed":4,"minecraft:spruce_planks":9,"minecraft:brewing_stand":1,"minecraft:granite":37,"biomesoplenty:fir_slab":1,"minecraft:grass_block":16,"create:polished_cut_calcite_wall":12,"minecraft:light_gray_bed":4,"minecraft:white_concrete":1,"minecraft:spawner":31,"minecraft:smooth_stone":1,"minecraft:iron_ore":4,"minecraft:iron_bars":8,"apocalypsenow:construction_barricade":1,"immersiveengineering:ore_lead":11,"minecraft:iron_block":5,"create:dark_oak_window_pane":8,"minecraft:quartz_block":4,"minecraft:cyan_terracotta":40,"embellishcraft:smooth_slate":2,"minecraft:torch":6,"quark:framed_glass_pane":4,"embellishcraft:polished_marble":11,"minecraft:cobblestone":25,"minecraft:bricks":2,"minecraft:iron_door":17,"minecraft:wall_torch":8,"minecraft:cauldron":1,"minecraft:light_gray_stained_glass":5,"minecraft:smooth_stone_slab":4,"create:vertical_framed_glass_pane":5,"create:stressometer":1,"cfm:oak_park_bench":3,"minecraft:dirt":78,"minecraft:smooth_quartz":3,"minecraft:oak_leaves":2,"minecraft:emerald_block":3,"create:zinc_ore":10,"apocalypsenow:beartrapactivated":1,"minecraft:mossy_cobblestone":3,"minecraft:gray_stained_glass_pane":7,"immersiveengineering:concrete_quarter":2,"create:depot":1,"minecraft:spruce_leaves":16,"quark:black_framed_glass":4,"minecraft:moss_block":14,"rocks:rock":1,"minecraft:furnace":1,"minecraft:spruce_sapling":1,"minecraft:heavy_weighted_pressure_plate":5,"create:framed_glass_pane":1,"immersiveengineering:hemp":1,"minecraft:andesite":1,"minecraft:gold_block":7,"minecraft:bookshelf":9,"minecraft:potatoes":1,"minecraft:vine":1,"minecraft:stone":730,"immersiveengineering:ore_aluminum":31,"create:track":13,"minecraft:crafting_table":2,"minecraft:gray_stained_glass":9,"embellishcraft:gneiss_large_bricks_wall":5,"minecraft:copper_ore":16,"snowrealmagic:wall":4,"minecraft:spruce_stairs":4,"minecraft:spruce_log":7,"embellishcraft:smooth_marble":28,"immersiveengineering:steel_scaffolding_standard":7,"createaddition:accumulator":1,"minecraft:coal_ore":114,"create:mechanical_crafter":2,"minecraft:gravel":42,"minecraft:cobweb":21,"minecraft:stone_bricks":31,"minecraft:mossy_stone_bricks":1,"minecraft:fern":1},"minecraft:crafted":{"minecraft:stone":19,"immersiveengineering:ingot_lead":11,"minecraft:chest":1,"minecraft:crafting_table":1,"minecraft:copper_ingot":89,"immersiveengineering:armor_steel_chest":1,"farmersdelight:beef_patty":2,"minecraft:iron_ingot":17,"minecraft:gold_ingot":14,"minecraft:leather":30,"immersiveengineering:nugget_aluminum":62,"minecraft:air":504,"minecraft:potion":20,"minecraft:white_wool":2,"firstaid:bandage":1},"minecraft:killed":{"zombiemobs:zombie_chicken":1,"undead_revamp2:thesmoker":17,"undead_revamp2:thepregnant":1,"undead_revamp2:crackleball":5,"undead_revamp2:theordure":1,"minecraft:zombie":174,"zombie_extreme:infected_police":3,"alexsmobs:fly":2,"hordes:zombie_player":1,"zombie_extreme:runner":10,"zombie_extreme:crawler":6,"minecraft:husk":3,"undead_revamp2:the_moonflower":5},"minecraft:broken":{"apocalypsenow:knife_spear":3,"minecraft:iron_pickaxe":4},"minecraft:custom":{"lootr:looted_stat":32,"minecraft:interact_with_crafting_table":55,"minecraft:open_barrel":2,"minecraft:leave_game":3,"minecraft:time_since_death":163888,"minecraft:sprint_one_cm":341629,"minecraft:drop":178,"minecraft:talked_to_villager":6,"minecraft:play_time":301738,"minecraft:deaths":2,"minecraft:jump":2890,"minecraft:interact_with_brewingstand":3,"minecraft:walk_on_water_one_cm":15863,"minecraft:interact_with_furnace":63,"minecraft:traded_with_villager":1,"minecraft:stove_opened":2,"minecraft:sleep_in_bed":7,"minecraft:damage_dealt":25189,"minecraft:player_kills":1,"minecraft:crouch_one_cm":43837,"minecraft:mob_kills":255,"minecraft:interact_with_campfire":66,"minecraft:damage_dealt_resisted":1515,"minecraft:climb_one_cm":42371,"minecraft:walk_one_cm":1480935,"minecraft:fridge_opened":2,"minecraft:damage_dealt_absorbed":198,"minecraft:sneak_time":16673,"minecraft:walk_under_water_one_cm":9568,"minecraft:interact_with_blast_furnace":3,"minecraft:drawer_searched":2,"minecraft:total_world_time":301738,"minecraft:toilet_used":2,"minecraft:trashcan_opened":2,"minecraft:cabinet_searched":4,"minecraft:time_since_rest":49444,"minecraft:damage_taken":1751,"minecraft:swim_one_cm":4669,"minecraft:fly_one_cm":282791,"minecraft:freezer_opened":9,"minecraft:open_chest":136,"minecraft:fall_one_cm":40732},"minecraft:used":{"minecraft:moss_block":12,"immersiveengineering:seed":3,"minecraft:chest":6,"minecraft:iron_sword":107,"apocalypsenow:chips":6,"farmersdelight:melon_juice":15,"create:depot":1,"embellishcraft:smooth_marble":14,"farmersdelight:vegetable_soup":1,"minecraft:cyan_terracotta":20,"apocalypsenow:beer":3,"minecraft:stone_bricks":13,"minecraft:furnace":5,"create:polished_cut_calcite_wall":7,"minecraft:potato":102,"farmersdelight:salmon_roll":3,"farmersdelight:chicken_soup":1,"quark:framed_glass_pane":2,"minecraft:stone_pickaxe":126,"minecraft:wooden_pickaxe":17,"farmersdelight:chicken_sandwich":1,"apocalypsenow:coke":1,"minecraft:heavy_weighted_pressure_plate":4,"minecraft:bread":8,"create:sweet_roll":2,"minecraft:iron_door":1,"farmersdelight:chocolate_pie":1,"pfm:dark_oak_green_simple_bed":4,"apocalypsenow:knife_spear":242,"create:stressometer":1,"minecraft:smooth_stone_slab":1,"apocalypsenow:cereal":4,"minecraft:bone_meal":215,"embellishcraft:polished_marble":3,"minecraft:stone_sword":24,"minecraft:flint_and_steel":1,"minecraft:stone_shovel":111,"minecraft:spruce_planks":7,"minecraft:torch":62,"minecraft:brewing_stand":1,"minecraft:dirt":68,"minecraft:spruce_stairs":7,"apocalypsenow:orange_juice":1,"minecraft:iron_axe":43,"embellishcraft:smooth_slate":1,"apocalypsenow:porpsi":5,"apocalypsenow:night_stick":367,"farmersdelight:shepherds_pie":1,"minecraft:water_bucket":28,"apocalypsenow:vodka":1,"minecraft:glass_bottle":34,"minecraft:mossy_cobblestone":1,"biomesoplenty:fir_slab":2,"minecraft:crafting_table":7,"minecraft:spruce_log":3,"apocalypsenow:construction_barricade":1,"apocalypsenow:police_helmet":1,"minecraft:wooden_hoe":48,"minecraft:iron_pickaxe":1139,"minecraft:spruce_sapling":1,"minecraft:stone_axe":9,"minecraft:cobblestone":101,"minecraft:potion":16,"farmersdelight:egg_sandwich":4,"minecraft:bucket":29,"create:bar_of_chocolate":1}},"DataVersion":2975}