{"stats":{"minecraft:dropped":{"minecraft:iron_sword":1,"minecraft:moss_block":14,"embellishcraft:gray_corrugated_metal_plate_slab":1,"minecraft:glass_bottle":5,"tac:round45":17,"minecraft:leather":13,"apocalypsenow:u_sarmy_leggings":1,"minecraft:gold_block":1,"minecraft:cyan_terracotta":6,"minecraft:dirt":38,"rocks:cobblestone_splitter":1,"firstaid:bandage":1,"quark:light_gray_shard":79,"apocalypsenow:construction_boots":1,"apocalypsenow:chips":6,"apocalypsenow:u_sarmy_helmet":1,"apocalypsenow:can":8,"ftbquests:book":2,"apocalypsenow:glassbottle":3,"embellishcraft:polished_marble":13,"minecraft:bone":2,"minecraft:stone_axe":1,"minecraft:compass":1,"car:key":1,"apocalypsenow:small_can":16,"embellishcraft:gneiss_large_bricks_wall":4,"minecraft:rotten_flesh":124,"patchouli:guide_book":2,"minecraft:chainmail_chestplate":1,"apocalypsenow:baseball_bat":2,"minecraft:heavy_weighted_pressure_plate":4,"immersiveengineering:manual":1,"minecraft:quartz_block":5,"tac:ae50":13,"immersivepetroleum:asphalt":4,"minecraft:iron_bars":23,"immersiveengineering:creosote_bucket":1,"immersiveengineering:seed":1,"minecraft:iron_ingot":45,"apocalypsenow:police_helmet":1,"minecraft:wheat_seeds":2,"tac:glock_17":2,"minecraft:book":26,"minecraft:cobblestone":69,"apocalypsenow:cereal":4,"minecraft:spruce_button":1,"minecraft:granite":2,"quark:gray_shard":52,"minecraft:spruce_stairs":1,"tac:b_magnum":7,"biomesoplenty:fir_slab":5,"minecraft:golden_carrot":10,"apocalypsenow:fire_figther_chestplate":1,"chalk:red_chalk":1,"minecraft:torch":90,"minecraft:smooth_quartz":3,"minecraft:iron_door":17,"minecraft:potion":24,"tac:mp9":1,"minecraft:paper":33,"minecraft:string":34,"minecraft:acacia_planks":1,"chalk:blue_chalk":1,"minecraft:spruce_sapling":6,"minecraft:stone_brick_slab":2,"minecraft:dandelion":1,"alexsmobs:maggot":5,"embellishcraft:smooth_slate":1,"create:shaft":7,"quark:framed_glass_pane":2,"minecraft:smooth_stone_slab":5,"minecraft:bowl":4,"create:polished_cut_calcite_wall":16,"embellishcraft:smooth_marble":29,"minecraft:stone_shovel":2,"minecraft:light_gray_wool":8,"apocalypsenow:bear_trap":1,"minecraft:filled_map":1,"apocalypsenow:construction_chestplate":1,"embellishcraft:smooth_marble_slab":2,"minecraft:spruce_planks":1,"minecraft:andesite":128,"minecraft:quartz_stairs":2,"minecraft:light_gray_bed":6,"minecraft:oak_sapling":4,"minecraft:gray_concrete_powder":2,"minecraft:stone_bricks":33,"minecraft:stone_pickaxe":1,"minecraft:wooden_pickaxe":3,"immersiveengineering:hemp_fiber":94,"minecraft:brick":2},"minecraft:picked_up":{"create:mechanical_crafter":2,"createaddition:accumulator":1,"minecraft:potion":150,"minecraft:brewing_stand":2,"create:bar_of_chocolate":6,"minecraft:string":381,"minecraft:raw_copper":54,"minecraft:smooth_stone_slab":9,"embellishcraft:smooth_marble_slab":3,"immersiveengineering:raw_lead":11,"minecraft:cobbled_deepslate":1,"minecraft:spruce_planks":105,"minecraft:smooth_quartz":3,"minecraft:iron_pickaxe":5,"minecraft:furnace":2,"minecraft:stick":116,"embellishcraft:smooth_slate":2,"embellishcraft:smooth_marble":55,"minecraft:acacia_log":3,"minecraft:torch":118,"minecraft:spruce_stairs":5,"tac:mp9":3,"apocalypsenow:glassbottle":2,"embellishcraft:gray_corrugated_metal_plate_slab":1,"apocalypsenow:fire_figther_leggings":1,"minecraft:quartz_block":6,"apocalypsenow:porpsi":1,"minecraft:light_gray_bed":6,"minecraft:rotten_flesh":230,"create:track":45,"minecraft:iron_block":6,"minecraft:cyan_terracotta":50,"biomesoplenty:fir_slab":1,"apocalypsenow:police_chestplate":2,"apocalypsenow:police_boots":2,"artifacts:panic_necklace":2,"minecraft:iron_bars":23,"minecraft:cobblestone":851,"tac:round45":59,"immersiveengineering:armor_steel_feet":1,"immersiveengineering:concrete_quarter":2,"minecraft:feather":1,"apocalypsenow:peach_juice":2,"minecraft:iron_door":25,"minecraft:water_bucket":1,"minecraft:andesite":157,"minecraft:potato":167,"biomesoplenty:fir_log":3,"apocalypsenow:cereal":4,"immersiveengineering:armor_steel_chest":1,"minecraft:flint":3,"create:raw_zinc":21,"contenttweaker:rubber":4,"immersivepetroleum:asphalt":8,"apocalypsenow:construction_chestplate":2,"minecraft:lapis_lazuli":17,"farmersdelight:chicken_sandwich":3,"minecraft:dirt":126,"minecraft:gray_concrete_powder":2,"immersiveengineering:hemp_fiber":94,"minecraft:leather_boots":1,"minecraft:bone":310,"farmersdelight:vegetable_soup":1,"minecraft:wheat_seeds":3,"apocalypsenow:human_flesh":4,"cfm:oak_park_bench":3,"ftbquests:book":1,"create:shaft":7,"minecraft:mossy_stone_bricks":1,"create:polished_cut_calcite_wall":23,"tac:9mm_round":81,"minecraft:moss_block":28,"apocalypsenow:police_helmet":2,"firstaid:plaster":4,"apocalypsenow:canned_carrot":8,"patchouli:guide_book":1,"apocalypsenow:small_can":5,"minecraft:poisonous_potato":1,"apocalypsenow:chips":6,"apocalypsenow:canned_fish":4,"immersiveengineering:raw_aluminum":31,"minecraft:mossy_cobblestone":3,"minecraft:granite":37,"minecraft:bone_meal":71,"alexsmobs:maggot":7,"minecraft:oak_sapling":4,"pfm:dark_oak_green_simple_bed":4,"create:stressometer":1,"rocks:cobblestone_splitter":1,"sophisticatedbackpacks:gold_backpack":2,"minecraft:crafting_table":3,"tac:glock_17":1,"apocalypsenow:fire_figther_boots":1,"minecraft:wooden_pickaxe":1,"minecraft:gold_block":7,"apocalypsenow:u_sarmy_helmet":3,"minecraft:heavy_weighted_pressure_plate":8,"immersiveengineering:manual":1,"minecraft:iron_axe":2,"minecraft:flint_and_steel":1,"minecraft:compass":1,"farmersdelight:beef_patty":2,"apocalypsenow:night_stick":1,"apocalypsenow:construction_boots":3,"minecraft:light_gray_wool":63,"minecraft:quartz_stairs":2,"apocalypsenow:construction_barricade":1,"minecraft:egg":4,"minecraft:raw_iron":12,"tac:colt_python":1,"minecraft:bowl":2,"sophisticatedbackpacks:backpack":1,"quark:black_framed_glass":4,"apocalypsenow:pipe_wrench":1,"minecraft:carrot":1,"tac:b_magnum":8,"apocalypsenow:whisky":2,"minecraft:stone_shovel":2,"immersiveengineering:steel_scaffolding_standard":6,"apocalypsenow:baseball_bat":1,"create:depot":1,"minecraft:gold_ingot":13,"firstaid:bandage":20,"apocalypsenow:fire_figther_chestplate":2,"apocalypsenow:knife_spear":1,"minecraft:golden_carrot":37,"minecraft:leather":13,"minecraft:filled_map":2,"minecraft:chainmail_chestplate":2,"embellishcraft:polished_marble":16,"minecraft:oak_log":7,"farmersdelight:shepherds_pie":1,"artifacts:cloud_in_a_bottle":1,"minecraft:gunpowder":2,"minecraft:paper":26,"embellishcraft:gneiss_large_bricks_wall":7,"apocalypsenow:u_sarmy_leggings":3,"apocalypsenow:construction_leggings":1,"minecraft:stone_bricks":49,"apocalypsenow:money":4,"minecraft:iron_ingot":45,"minecraft:stone_pickaxe":1,"minecraft:glass_bottle":29,"minecraft:iron_sword":2,"tac:ae50":19,"quark:light_gray_shard":93,"minecraft:book":27,"minecraft:polished_andesite_stairs":1,"create:large_water_wheel":1,"minecraft:emerald_block":3,"minecraft:stone_brick_slab":2,"minecraft:dandelion":1,"minecraft:gravel":39,"minecraft:spruce_sapling":12,"minecraft:spruce_log":37,"immersiveengineering:armor_steel_head":1,"xpbook:xp_tome":3,"immersiveengineering:seed":46,"minecraft:stone_axe":1,"apocalypsenow:bear_trap":1,"quark:framed_glass_pane":4,"quark:gray_shard":58,"immersiveengineering:armor_steel_legs":1,"minecraft:coal":151},"minecraft:mined":{"pfm:dark_oak_green_simple_bed":4,"minecraft:spruce_planks":13,"minecraft:brewing_stand":1,"minecraft:cave_vines_plant":1,"minecraft:granite":37,"minecraft:acacia_log":3,"biomesoplenty:fir_slab":1,"minecraft:grass_block":21,"create:polished_cut_calcite_wall":12,"minecraft:light_gray_bed":4,"minecraft:white_concrete":1,"minecraft:spawner":33,"minecraft:smooth_stone":1,"minecraft:iron_ore":4,"minecraft:cobbled_deepslate":1,"minecraft:cave_vines":2,"minecraft:iron_bars":10,"apocalypsenow:construction_barricade":1,"immersiveengineering:ore_lead":11,"minecraft:iron_block":5,"create:dark_oak_window_pane":8,"minecraft:quartz_block":6,"minecraft:cyan_terracotta":47,"embellishcraft:smooth_slate":2,"minecraft:torch":6,"quark:framed_glass_pane":4,"embellishcraft:polished_marble":11,"minecraft:cobblestone":36,"minecraft:bricks":2,"minecraft:iron_door":17,"minecraft:wall_torch":9,"minecraft:cauldron":1,"minecraft:light_gray_stained_glass":13,"minecraft:light_gray_wool":55,"minecraft:smooth_stone_slab":4,"create:vertical_framed_glass_pane":5,"create:stressometer":1,"cfm:oak_park_bench":3,"minecraft:dirt":88,"minecraft:smooth_quartz":3,"minecraft:oak_leaves":2,"minecraft:emerald_block":3,"create:zinc_ore":21,"apocalypsenow:beartrapactivated":1,"minecraft:mossy_cobblestone":3,"minecraft:gray_stained_glass_pane":10,"immersiveengineering:concrete_quarter":2,"create:depot":1,"minecraft:spruce_leaves":16,"quark:black_framed_glass":4,"minecraft:moss_block":17,"rocks:rock":1,"immersivepetroleum:asphalt":8,"minecraft:furnace":1,"embellishcraft:smooth_marble_slab":4,"minecraft:spruce_sapling":1,"minecraft:heavy_weighted_pressure_plate":5,"create:framed_glass_pane":1,"immersiveengineering:hemp":1,"minecraft:andesite":157,"minecraft:gold_block":7,"minecraft:bookshelf":9,"minecraft:potatoes":1,"minecraft:vine":1,"minecraft:stone":789,"immersiveengineering:ore_aluminum":31,"minecraft:stone_brick_slab":2,"create:track":13,"minecraft:crafting_table":2,"minecraft:gray_stained_glass":18,"embellishcraft:gneiss_large_bricks_wall":5,"minecraft:copper_ore":16,"snowrealmagic:wall":4,"minecraft:spruce_stairs":4,"create:water_wheel_structure":1,"minecraft:spruce_log":7,"embellishcraft:smooth_marble":30,"immersiveengineering:steel_scaffolding_standard":7,"createaddition:accumulator":1,"minecraft:coal_ore":118,"create:mechanical_crafter":2,"minecraft:gravel":42,"minecraft:cobweb":21,"minecraft:stone_bricks":37,"minecraft:mossy_stone_bricks":1,"minecraft:fern":2},"minecraft:crafted":{"minecraft:brick":2,"minecraft:stone":73,"immersiveengineering:ingot_lead":11,"minecraft:chest":1,"minecraft:crafting_table":1,"minecraft:copper_ingot":89,"immersiveengineering:armor_steel_chest":1,"farmersdelight:beef_patty":2,"minecraft:iron_ingot":36,"minecraft:gold_ingot":14,"minecraft:leather":30,"immersiveengineering:nugget_aluminum":74,"minecraft:air":642,"minecraft:potion":20,"minecraft:white_wool":2,"firstaid:bandage":1,"create:zinc_ingot":1},"minecraft:killed":{"zombiemobs:zombie_chicken":1,"undead_revamp2:thesmoker":22,"undead_revamp2:thepregnant":1,"undead_revamp2:crackleball":5,"undead_revamp2:theordure":2,"minecraft:zombie":202,"zombie_extreme:infected_police":3,"alexsmobs:fly":2,"hordes:zombie_player":1,"undead_revamp2:bomber":2,"zombie_extreme:runner":10,"zombie_extreme:crawler":7,"minecraft:husk":5,"undead_revamp2:the_moonflower":7},"minecraft:broken":{"minecraft:iron_sword":1,"apocalypsenow:knife_spear":3,"minecraft:iron_pickaxe":6},"minecraft:custom":{"lootr:looted_stat":37,"minecraft:interact_with_crafting_table":72,"minecraft:open_barrel":2,"minecraft:leave_game":5,"minecraft:time_since_death":44362,"minecraft:sprint_one_cm":693408,"minecraft:drop":265,"minecraft:talked_to_villager":6,"minecraft:play_time":436960,"minecraft:deaths":8,"minecraft:jump":4442,"minecraft:interact_with_brewingstand":4,"minecraft:enchant_item":7,"minecraft:walk_on_water_one_cm":21043,"minecraft:interact_with_furnace":82,"minecraft:traded_with_villager":1,"minecraft:stove_opened":2,"minecraft:sleep_in_bed":9,"minecraft:damage_dealt":47754,"minecraft:player_kills":1,"minecraft:crouch_one_cm":64473,"minecraft:mob_kills":317,"minecraft:interact_with_campfire":127,"minecraft:damage_dealt_resisted":2136,"minecraft:climb_one_cm":71837,"minecraft:walk_one_cm":2174442,"minecraft:fridge_opened":2,"minecraft:damage_dealt_absorbed":278,"minecraft:sneak_time":24422,"minecraft:walk_under_water_one_cm":10264,"minecraft:interact_with_blast_furnace":3,"minecraft:drawer_searched":2,"minecraft:total_world_time":436960,"minecraft:toilet_used":2,"minecraft:trashcan_opened":2,"minecraft:interact_with_grindstone":6,"minecraft:cabinet_searched":4,"minecraft:time_since_rest":23847,"minecraft:damage_taken":4575,"minecraft:swim_one_cm":4669,"minecraft:fly_one_cm":544534,"minecraft:freezer_opened":9,"minecraft:open_chest":212,"minecraft:fall_one_cm":74615},"minecraft:used":{"minecraft:moss_block":12,"minecraft:iron_shovel":13,"immersiveengineering:seed":3,"minecraft:chest":6,"minecraft:iron_sword":248,"apocalypsenow:chips":6,"farmersdelight:melon_juice":15,"minecraft:carrot":1,"create:depot":1,"immersivepetroleum:asphalt":4,"embellishcraft:smooth_marble":14,"minecraft:cyan_terracotta":23,"farmersdelight:vegetable_soup":1,"apocalypsenow:beer":3,"minecraft:quartz_block":1,"minecraft:stone_bricks":15,"minecraft:furnace":5,"immersiveengineering:armor_steel_chest":1,"create:polished_cut_calcite_wall":7,"minecraft:potato":102,"farmersdelight:salmon_roll":3,"farmersdelight:chicken_soup":1,"quark:framed_glass_pane":2,"minecraft:stone_pickaxe":126,"minecraft:wooden_pickaxe":24,"farmersdelight:chicken_sandwich":1,"apocalypsenow:u_sarmy_leggings":1,"apocalypsenow:coke":3,"minecraft:heavy_weighted_pressure_plate":4,"minecraft:bread":8,"create:sweet_roll":2,"minecraft:iron_door":1,"farmersdelight:chocolate_pie":1,"pfm:dark_oak_green_simple_bed":4,"apocalypsenow:knife_spear":242,"minecraft:grindstone":1,"create:stressometer":1,"minecraft:smooth_stone_slab":1,"apocalypsenow:cereal":4,"embellishcraft:polished_marble":3,"minecraft:bone_meal":215,"create:large_cogwheel":1,"minecraft:stone_sword":24,"minecraft:flint_and_steel":1,"minecraft:stone_shovel":111,"minecraft:spruce_planks":8,"minecraft:torch":64,"minecraft:brewing_stand":1,"minecraft:dirt":81,"minecraft:chainmail_chestplate":1,"minecraft:spruce_stairs":7,"apocalypsenow:orange_juice":1,"apocalypsenow:pipe_wrench":335,"minecraft:iron_axe":52,"minecraft:golden_carrot":7,"embellishcraft:smooth_slate":1,"apocalypsenow:porpsi":5,"immersiveengineering:armor_steel_head":1,"apocalypsenow:night_stick":367,"minecraft:iron_leggings":1,"farmersdelight:shepherds_pie":1,"minecraft:water_bucket":39,"apocalypsenow:vodka":1,"minecraft:glass_bottle":56,"minecraft:mossy_cobblestone":1,"biomesoplenty:fir_slab":2,"minecraft:crafting_table":9,"minecraft:spruce_log":3,"apocalypsenow:construction_barricade":1,"apocalypsenow:police_helmet":1,"minecraft:wooden_hoe":48,"minecraft:iron_pickaxe":1419,"create:water_wheel":1,"minecraft:spruce_sapling":1,"create:large_water_wheel":3,"minecraft:stone_axe":9,"minecraft:potion":31,"minecraft:cobblestone":142,"apocalypsenow:open_canned_carrot":8,"farmersdelight:egg_sandwich":4,"apocalypsenow:peach_juice":2,"minecraft:bucket":40,"apocalypsenow:u_sarmy_helmet":1,"create:bar_of_chocolate":1},"minecraft:killed_by":{"minecraft:zombie_villager":1,"undead_revamp2:the_moonflower":3,"minecraft:zombie":1}},"DataVersion":2975}