{"stats":{"minecraft:dropped":{"minecraft:stone_sword":2,"weaponmaster:tutorialbook":3,"patchouli:guide_book":1,"iceandfire:copper_pickaxe":1,"epicfight:skillbook":1},"minecraft:custom":{"minecraft:interact_with_furnace":48,"minecraft:mob_kills":17,"minecraft:interact_with_crafting_table":19,"minecraft:damage_dealt_resisted":0,"minecraft:leave_game":2,"minecraft:time_since_death":11786,"minecraft:damage_resisted":0,"minecraft:time_since_rest":10206,"minecraft:damage_absorbed":52,"minecraft:sprint_one_cm":167873,"minecraft:damage_taken":811,"minecraft:walk_one_cm":278902,"minecraft:drop":8,"minecraft:damage_dealt":2352,"minecraft:damage_dealt_absorbed":415,"minecraft:swim_one_cm":39656,"minecraft:talked_to_villager":2,"minecraft:fly_one_cm":171262,"minecraft:open_chest":3,"minecraft:play_time":56314,"minecraft:crouch_one_cm":6616,"minecraft:sneak_time":1405,"tombstone:undead_killed":5,"minecraft:deaths":2,"minecraft:walk_under_water_one_cm":6498,"minecraft:jump":580,"minecraft:walk_on_water_one_cm":30923,"minecraft:total_world_time":56314,"minecraft:fall_one_cm":4068},"minecraft:crafted":{"minecraft:cooked_beef":4,"minecraft:oak_planks":24,"naturalist:cooked_venison":2,"minecraft:cooked_porkchop":6,"minecraft:crafting_table":2,"regions_unexplored:maple_planks":28,"minecraft:wooden_pickaxe":1,"minecraft:furnace":2,"iceandfire:armor_copper_metal_leggings":1,"minecraft:copper_ingot":57,"minecraft:stone":3,"minecraft:stone_axe":1,"minecraft:air":0,"iceandfire:armor_copper_metal_boots":1,"minecraft:charcoal":1,"minecraft:stick":36,"iceandfire:armor_copper_metal_chestplate":1,"minecraft:stone_pickaxe":1,"minecraft:stone_sword":1,"iceandfire:copper_pickaxe":1,"minecraft:torch":16},"minecraft:picked_up":{"regions_unexplored:small_oak_log":6,"minecraft:crafting_table":1,"naturalist:venison":2,"swem:star_worm":17,"luminousworld:ishstone":1,"minecraft:leather":3,"regions_unexplored:maple_planks":2,"minecraft:chainmail_chestplate":1,"minecraft:dirt":7,"minecraft:raw_copper":72,"minecraft:iron_axe":1,"minecraft:wheat_seeds":1,"minecraft:gold_nugget":18,"minecraft:beef":4,"weaponmaster:tutorialbook":1,"minecraft:furnace":1,"aquaculture:smallmouth_bass":1,"minecraft:stick":4,"minecraft:raw_iron":2,"iceandfire:copper_nugget":14,"iceandfire:copper_pickaxe":1,"minecraft:copper_ingot":4,"epicfight:skillbook":3,"minecraft:porkchop":3,"regions_unexplored:hyssop":1,"minecraft:stone_sword":3,"minecraft:arrow":2,"minecraft:rotten_flesh":7,"naturalist:antler":1,"minecraft:granite":1,"regions_unexplored:maple_log":7,"minecraft:chainmail_helmet":1,"iceandfire:silver_nugget":10,"minecraft:coal":73,"iceandfire:raw_silver":2,"minecraft:cobblestone":66},"minecraft:killed":{"minecraft:pig":1,"minecraft:spider":1,"enemyexpansion:sprinter":2,"aquaculture:smallmouth_bass":1,"minecraft:skeleton":1,"naturalist:deer":1,"minecraft:zombie":2,"enemyexpansion:botfly":5,"minecraft:cow":2},"minecraft:broken":{"minecraft:stone_pickaxe":1},"minecraft:mined":{"iceandfire:silver_ore":2,"regions_unexplored:maple_log":7,"iceandfire:copper_pile":2,"minecraft:crafting_table":1,"minecraft:grass_block":2,"swem:star_worm_cobble":4,"minecraft:copper_ore":13,"regions_unexplored:hyssop":1,"minecraft:furnace":1,"minecraft:iron_ore":2,"minecraft:grass":4,"minecraft:coal_ore":71,"iceandfire:silver_pile":3,"luminousworld:ishstone":1,"iceandfire:gold_pile":3,"minecraft:dirt":6,"regions_unexplored:medium_grass":2,"regions_unexplored:small_oak_log":7,"minecraft:stone":55},"minecraft:used":{"epicfight:skillbook":3,"minecraft:stone_sword":77,"minecraft:stone_pickaxe":132,"minecraft:wooden_pickaxe":27,"minecraft:stone":1,"minecraft:chainmail_helmet":1,"minecraft:torch":2,"naturalist:cooked_venison":2,"minecraft:dirt":2,"minecraft:crafting_table":3,"minecraft:chainmail_chestplate":2,"regions_unexplored:hyssop":1,"iceandfire:armor_copper_metal_chestplate":2,"minecraft:iron_axe":13,"minecraft:stone_axe":7,"minecraft:furnace":3,"minecraft:cooked_porkchop":3}},"DataVersion":3465}