{"stats":{"minecraft:killed":{"hordes:zombie_player":1,"zombiemobs:zombie_chicken":1,"undead_revamp2:thesmoker":13,"undead_revamp2:crackleball":5,"zombie_extreme:runner":4,"zombie_extreme:crawler":5,"minecraft:husk":3,"undead_revamp2:the_moonflower":3,"undead_revamp2:theordure":1,"minecraft:zombie":106,"zombie_extreme:infected_police":1,"alexsmobs:fly":2},"minecraft:crafted":{"minecraft:stone":19,"minecraft:leather":30,"minecraft:chest":1,"minecraft:crafting_table":1,"minecraft:air":336,"farmersdelight:beef_patty":2,"minecraft:white_wool":2,"firstaid:bandage":1},"minecraft:dropped":{"minecraft:iron_ingot":45,"apocalypsenow:police_helmet":1,"minecraft:moss_block":11,"minecraft:glass_bottle":1,"minecraft:cobblestone":69,"apocalypsenow:cereal":4,"minecraft:leather":13,"minecraft:granite":2,"minecraft:gold_block":1,"minecraft:dirt":7,"rocks:cobblestone_splitter":1,"chalk:red_chalk":1,"minecraft:iron_door":7,"apocalypsenow:chips":6,"tac:mp9":1,"minecraft:string":34,"ftbquests:book":2,"embellishcraft:polished_marble":13,"apocalypsenow:glassbottle":3,"chalk:blue_chalk":1,"minecraft:spruce_sapling":6,"minecraft:dandelion":1,"minecraft:stone_axe":1,"minecraft:compass":1,"car:key":1,"alexsmobs:maggot":4,"embellishcraft:smooth_slate":1,"quark:framed_glass_pane":2,"apocalypsenow:small_can":8,"minecraft:bowl":1,"create:polished_cut_calcite_wall":16,"embellishcraft:smooth_marble":4,"embellishcraft:gneiss_large_bricks_wall":4,"minecraft:rotten_flesh":81,"apocalypsenow:bear_trap":1,"patchouli:guide_book":2,"minecraft:heavy_weighted_pressure_plate":4,"minecraft:spruce_planks":1,"minecraft:quartz_block":5,"minecraft:light_gray_bed":6,"minecraft:oak_sapling":4,"minecraft:stone_bricks":15,"minecraft:iron_bars":21,"minecraft:wooden_pickaxe":1,"minecraft:stone_pickaxe":1},"minecraft:used":{"minecraft:moss_block":12,"minecraft:stone_sword":24,"minecraft:flint_and_steel":1,"minecraft:stone_shovel":63,"minecraft:chest":6,"minecraft:spruce_planks":4,"apocalypsenow:chips":6,"farmersdelight:melon_juice":15,"minecraft:torch":56,"minecraft:dirt":7,"minecraft:spruce_stairs":7,"create:depot":1,"apocalypsenow:orange_juice":1,"embellishcraft:smooth_marble":13,"minecraft:cyan_terracotta":18,"apocalypsenow:beer":3,"minecraft:iron_axe":21,"minecraft:stone_bricks":9,"embellishcraft:smooth_slate":1,"apocalypsenow:porpsi":3,"minecraft:furnace":3,"create:polished_cut_calcite_wall":7,"apocalypsenow:night_stick":367,"farmersdelight:shepherds_pie":1,"apocalypsenow:vodka":1,"minecraft:glass_bottle":21,"quark:framed_glass_pane":2,"minecraft:stone_pickaxe":126,"minecraft:wooden_pickaxe":17,"minecraft:mossy_cobblestone":1,"farmersdelight:chicken_sandwich":1,"minecraft:crafting_table":6,"minecraft:spruce_log":3,"apocalypsenow:construction_barricade":1,"apocalypsenow:police_helmet":1,"minecraft:heavy_weighted_pressure_plate":4,"minecraft:bread":8,"minecraft:iron_pickaxe":1003,"minecraft:iron_door":1,"minecraft:spruce_sapling":1,"farmersdelight:chocolate_pie":1,"minecraft:stone_axe":9,"pfm:dark_oak_green_simple_bed":4,"apocalypsenow:knife_spear":107,"minecraft:cobblestone":99,"minecraft:potion":10,"farmersdelight:egg_sandwich":4,"minecraft:smooth_stone_slab":1,"apocalypsenow:cereal":4,"create:bar_of_chocolate":1,"embellishcraft:polished_marble":3},"minecraft:broken":{"apocalypsenow:knife_spear":1,"minecraft:iron_pickaxe":4},"minecraft:picked_up":{"sophisticatedbackpacks:gold_backpack":1,"minecraft:crafting_table":3,"create:mechanical_crafter":2,"createaddition:accumulator":1,"minecraft:gold_block":6,"minecraft:potion":20,"minecraft:brewing_stand":2,"minecraft:heavy_weighted_pressure_plate":8,"minecraft:raw_copper":54,"minecraft:string":206,"minecraft:iron_axe":1,"minecraft:smooth_stone_slab":4,"minecraft:flint_and_steel":1,"minecraft:compass":1,"apocalypsenow:night_stick":1,"farmersdelight:beef_patty":2,"minecraft:spruce_planks":69,"minecraft:iron_pickaxe":1,"apocalypsenow:construction_barricade":1,"minecraft:furnace":2,"minecraft:stick":76,"minecraft:raw_iron":12,"embellishcraft:smooth_slate":2,"embellishcraft:smooth_marble":20,"minecraft:torch":49,"minecraft:spruce_stairs":4,"sophisticatedbackpacks:backpack":1,"quark:black_framed_glass":4,"tac:mp9":2,"apocalypsenow:glassbottle":2,"minecraft:quartz_block":5,"apocalypsenow:porpsi":1,"immersiveengineering:steel_scaffolding_standard":6,"minecraft:light_gray_bed":6,"minecraft:rotten_flesh":123,"create:track":14,"minecraft:iron_block":6,"apocalypsenow:police_boots":2,"minecraft:cyan_terracotta":39,"create:depot":1,"apocalypsenow:police_chestplate":2,"minecraft:gold_ingot":3,"minecraft:iron_bars":21,"minecraft:cobblestone":737,"tac:round45":4,"immersiveengineering:concrete_quarter":2,"apocalypsenow:knife_spear":1,"minecraft:feather":1,"minecraft:iron_door":9,"minecraft:leather":13,"minecraft:potato":1,"minecraft:flint":3,"apocalypsenow:cereal":4,"farmersdelight:shepherds_pie":1,"minecraft:oak_log":7,"contenttweaker:rubber":4,"embellishcraft:polished_marble":16,"farmersdelight:chicken_sandwich":3,"minecraft:paper":7,"minecraft:dirt":43,"embellishcraft:gneiss_large_bricks_wall":7,"minecraft:bone":160,"minecraft:stone_bricks":24,"apocalypsenow:human_flesh":2,"farmersdelight:vegetable_soup":1,"cfm:oak_park_bench":3,"ftbquests:book":1,"apocalypsenow:money":4,"minecraft:iron_ingot":45,"minecraft:stone_pickaxe":1,"minecraft:mossy_stone_bricks":1,"minecraft:glass_bottle":7,"create:polished_cut_calcite_wall":23,"tac:9mm_round":14,"apocalypsenow:police_helmet":2,"minecraft:moss_block":25,"firstaid:plaster":4,"apocalypsenow:canned_carrot":8,"minecraft:emerald_block":3,"patchouli:guide_book":1,"apocalypsenow:small_can":2,"minecraft:dandelion":1,"minecraft:gravel":39,"apocalypsenow:chips":6,"immersiveengineering:raw_aluminum":18,"apocalypsenow:canned_fish":4,"minecraft:spruce_sapling":8,"minecraft:spruce_log":30,"minecraft:mossy_cobblestone":3,"minecraft:stone_axe":1,"apocalypsenow:bear_trap":1,"minecraft:granite":36,"quark:framed_glass_pane":4,"alexsmobs:maggot":6,"minecraft:oak_sapling":4,"pfm:dark_oak_green_simple_bed":4,"rocks:cobblestone_splitter":1,"minecraft:coal":133,"create:stressometer":1},"minecraft:mined":{"pfm:dark_oak_green_simple_bed":4,"apocalypsenow:beartrapactivated":1,"minecraft:spruce_planks":4,"minecraft:mossy_cobblestone":3,"minecraft:brewing_stand":1,"minecraft:gray_stained_glass_pane":3,"minecraft:granite":36,"immersiveengineering:concrete_quarter":2,"minecraft:grass_block":8,"minecraft:light_gray_bed":4,"create:polished_cut_calcite_wall":12,"create:depot":1,"minecraft:white_concrete":1,"minecraft:spruce_leaves":16,"quark:black_framed_glass":4,"minecraft:moss_block":14,"rocks:rock":1,"minecraft:spawner":16,"minecraft:furnace":1,"minecraft:spruce_sapling":1,"minecraft:heavy_weighted_pressure_plate":5,"create:framed_glass_pane":1,"minecraft:iron_ore":4,"minecraft:gold_block":6,"minecraft:vine":1,"minecraft:iron_bars":8,"apocalypsenow:construction_barricade":1,"minecraft:stone":721,"minecraft:iron_block":5,"immersiveengineering:ore_aluminum":18,"create:dark_oak_window_pane":8,"minecraft:quartz_block":4,"minecraft:cyan_terracotta":37,"embellishcraft:smooth_slate":2,"create:track":13,"minecraft:crafting_table":2,"minecraft:torch":6,"quark:framed_glass_pane":4,"embellishcraft:polished_marble":11,"minecraft:copper_ore":16,"embellishcraft:gneiss_large_bricks_wall":5,"minecraft:cobblestone":15,"snowrealmagic:wall":4,"minecraft:bricks":2,"minecraft:iron_door":3,"minecraft:wall_torch":8,"minecraft:spruce_stairs":4,"minecraft:spruce_log":7,"minecraft:smooth_stone_slab":4,"createaddition:accumulator":1,"embellishcraft:smooth_marble":18,"immersiveengineering:steel_scaffolding_standard":7,"create:vertical_framed_glass_pane":4,"minecraft:coal_ore":98,"minecraft:gravel":42,"create:stressometer":1,"create:mechanical_crafter":2,"cfm:oak_park_bench":3,"minecraft:dirt":35,"minecraft:cobweb":19,"minecraft:stone_bricks":24,"minecraft:mossy_stone_bricks":1,"minecraft:oak_leaves":2,"minecraft:emerald_block":3,"minecraft:fern":1},"minecraft:custom":{"lootr:looted_stat":22,"minecraft:mob_kills":150,"minecraft:interact_with_crafting_table":48,"minecraft:interact_with_campfire":11,"minecraft:damage_dealt_resisted":1515,"minecraft:leave_game":2,"minecraft:time_since_death":47732,"minecraft:climb_one_cm":30626,"minecraft:sprint_one_cm":163002,"minecraft:walk_one_cm":850796,"minecraft:fridge_opened":2,"minecraft:drop":125,"minecraft:damage_dealt_absorbed":198,"minecraft:talked_to_villager":2,"minecraft:play_time":185582,"minecraft:sneak_time":13448,"minecraft:deaths":2,"minecraft:walk_under_water_one_cm":3510,"minecraft:jump":1712,"minecraft:interact_with_brewingstand":1,"minecraft:interact_with_blast_furnace":3,"minecraft:walk_on_water_one_cm":7584,"minecraft:total_world_time":185582,"minecraft:interact_with_furnace":25,"minecraft:toilet_used":2,"minecraft:stove_opened":2,"minecraft:trashcan_opened":1,"minecraft:sleep_in_bed":4,"minecraft:time_since_rest":20531,"minecraft:damage_taken":1373,"minecraft:damage_dealt":16089,"minecraft:swim_one_cm":4669,"minecraft:freezer_opened":9,"minecraft:fly_one_cm":163626,"minecraft:open_chest":34,"minecraft:crouch_one_cm":32999,"minecraft:fall_one_cm":27402}},"DataVersion":2975}