{"stats":{"minecraft:crafted":{"minecraft:stone_shovel":2,"minecraft:crafting_table":1,"minecraft:wooden_pickaxe":1,"minecraft:furnace":1,"minecraft:cobblestone_stairs":164,"minecraft:stone":90,"epicfight:stone_greatsword":1,"minecraft:stone_axe":1,"minecraft:bread":76,"minecraft:air":0,"regions_unexplored:mauve_planks":100,"minecraft:charcoal":9,"justhammers:stone_hammer":23,"minecraft:stick":112,"minecraft:iron_pickaxe":1,"minecraft:stone_pickaxe":2,"minecraft:stone_sword":1,"minecraft:torch":100},"minecraft:custom":{"minecraft:interact_with_furnace":24,"minecraft:mob_kills":1,"minecraft:interact_with_crafting_table":27,"minecraft:open_barrel":2,"minecraft:eat_cake_slice":4,"minecraft:leave_game":11,"minecraft:time_since_death":117973,"minecraft:sleep_in_bed":2,"minecraft:time_since_rest":298,"minecraft:waystone_activated":1,"minecraft:sprint_one_cm":703214,"minecraft:damage_taken":886,"minecraft:walk_one_cm":1046791,"minecraft:drop":34,"minecraft:damage_dealt":95,"minecraft:swim_one_cm":13050,"minecraft:fly_one_cm":270288,"minecraft:open_chest":51,"minecraft:crouch_one_cm":7956,"minecraft:play_time":125788,"minecraft:deaths":1,"minecraft:sneak_time":1333,"minecraft:walk_under_water_one_cm":1282,"minecraft:jump":631,"minecraft:walk_on_water_one_cm":2228,"minecraft:total_world_time":125788,"minecraft:interact_with_smoker":1,"minecraft:fall_one_cm":11099},"minecraft:dropped":{"minecraft:bread":1,"create:ochrum":2,"minecraft:stone_sword":1,"weaponmaster:tutorialbook":1,"minecraft:poppy":2,"justhammers:stone_hammer":24,"swem:timothy_seeds":1,"minecraft:leather_boots":1,"minecraft:wooden_pickaxe":1,"minecraft:bone":1},"minecraft:picked_up":{"swem:timothy_seeds":1,"minecraft:crafting_table":1,"minecraft:wheat":232,"swem:star_worm":144,"minecraft:wooden_pickaxe":2,"minecraft:flint":3,"minecraft:tuff":51,"create:raw_zinc":11,"minecraft:lapis_lazuli":26,"minecraft:dirt":249,"minecraft:moss_carpet":1,"minecraft:raw_copper":248,"minecraft:armor_stand":8,"minecraft:leather_boots":2,"minecraft:item_frame":4,"minecraft:bone":2,"minecraft:wheat_seeds":719,"minecraft:cobbled_deepslate":44,"minecraft:iron_ingot":4,"minecraft:stone_pickaxe":1,"weaponmaster:tutorialbook":1,"minecraft:poppy":2,"minecraft:iron_boots":6,"minecraft:furnace":1,"minecraft:stick":6,"minecraft:raw_iron":1,"patchouli:guide_book":1,"minecraft:torch":42,"minecraft:dripstone_block":65,"minecraft:gravel":20,"justhammers:stone_hammer":1,"minecraft:carrot":15,"quark:oak_chest":4,"regions_unexplored:daisy":1,"regions_unexplored:mauve_planks":1,"minecraft:arrow":6,"regions_unexplored:fireweed":1,"regions_unexplored:mauve_log":34,"create:ochrum":102,"bossominium:the_bossdexium":1,"minecraft:bread":15,"minecraft:coal":90,"iceandfire:raw_silver":27,"minecraft:cobblestone":10139},"minecraft:killed":{"minecraft:iron_golem":1},"minecraft:used":{"minecraft:wheat_seeds":168,"minecraft:moss_carpet":1,"minecraft:leather_leggings":1,"minecraft:stone_sword":2,"minecraft:cobblestone_stairs":21,"minecraft:stone_shovel":227,"minecraft:stone_pickaxe":142,"minecraft:leather_chestplate":1,"minecraft:wooden_pickaxe":6,"minecraft:stone":1,"minecraft:leather_boots":1,"minecraft:torch":100,"minecraft:dirt":4,"minecraft:crafting_table":2,"minecraft:carrot":12,"regions_unexplored:mauve_planks":1,"regions_unexplored:fireweed":1,"regions_unexplored:daisy":1,"minecraft:bread":32,"minecraft:iron_pickaxe":11,"minecraft:leather_helmet":1,"minecraft:iron_boots":1,"justhammers:stone_hammer":1195,"minecraft:stone_axe":32,"minecraft:cobblestone":748,"minecraft:furnace":2,"quark:oak_chest":4},"minecraft:mined":{"create:zinc_ore":11,"iceandfire:silver_ore":1,"quark:oak_chest":4,"minecraft:crafting_table":1,"minecraft:torch":3,"create:ochrum":1,"minecraft:cobblestone":31,"regions_unexplored:mauve_log":34,"minecraft:wall_torch":3,"minecraft:furnace":1,"minecraft:carrots":4,"minecraft:iron_ore":1,"minecraft:wheat":165,"regions_unexplored:mauve_planks":1,"minecraft:grass":2,"minecraft:coal_ore":2,"minecraft:dripstone_block":1,"minecraft:gravel":23,"minecraft:dirt":250,"minecraft:stone":99,"regions_unexplored:fireweed":1},"minecraft:broken":{"minecraft:stone_shovel":1}},"DataVersion":3465}