{
  "iceandfire:iceandfire/root": {
    "criteria": {
      "tick": "2024-05-15 04:03:12 +0000"
    },
    "done": true
  },
  "idas:idas_root": {
    "criteria": {
      "always": "2024-05-15 04:03:12 +0000"
    },
    "done": true
  },
  "dungeons_arise:wda_root": {
    "criteria": {
      "WDA": "2024-05-15 04:03:12 +0000"
    },
    "done": true
  },
  "weaponmaster:parts/root": {
    "criteria": {
      "crafting_table": "2024-05-15 04:03:12 +0000"
    },
    "done": true
  },
  "farmersdelight:main/root": {
    "criteria": {
      "seeds": "2024-05-15 04:03:12 +0000"
    },
    "done": true
  },
  "create:root": {
    "criteria": {
      "0": "2024-05-15 04:03:12 +0000"
    },
    "done": true
  },
  "curseofpandora:pandora/pandora_box": {
    "criteria": {
      "0": "2024-05-15 04:03:12 +0000"
    },
    "done": true
  },
  "bossominium:loot_bosses_a": {
    "criteria": {
      "loot_bosses_a": "2024-05-15 04:03:12 +0000"
    },
    "done": true
  },
  "apotheosis:give_book": {
    "criteria": {
      "tick": "2024-05-15 04:03:12 +0000"
    },
    "done": true
  },
  "apotheosis:affix/root": {
    "criteria": {
      "sword": "2024-05-15 04:03:12 +0000"
    },
    "done": true
  },
  "cataclysm:root": {
    "criteria": {
      "custom_test_name": "2024-05-15 04:03:12 +0000"
    },
    "done": true
  },
  "regions_unexplored:regions_explored": {
    "criteria": {
      "silver_birch_forest": "2024-05-15 04:10:01 +0000",
      "redstone_abyss": "2024-05-17 05:19:24 +0000",
      "prismachasm": "2024-05-16 10:05:17 +0000",
      "willow_forest": "2024-05-15 04:14:04 +0000",
      "scorching_caves": "2024-05-16 10:10:59 +0000",
      "rocky_meadow": "2024-05-15 04:14:55 +0000",
      "mycotoxic_undergrowth": "2024-05-17 04:55:14 +0000",
      "flower_fields": "2024-05-17 02:37:25 +0000",
      "highland_fields": "2024-05-15 04:22:40 +0000",
      "maple_forest": "2024-05-15 04:03:13 +0000",
      "glistering_meadow": "2024-05-17 05:20:20 +0000",
      "towering_cliffs": "2024-05-17 02:41:35 +0000",
      "infernal_holt": "2024-05-17 04:55:57 +0000",
      "cold_river": "2024-05-15 04:13:43 +0000",
      "pine_slopes": "2024-05-16 06:27:37 +0000",
      "gravel_beach": "2024-05-15 04:10:02 +0000"
    },
    "done": false
  },
  "regions_unexplored:pioneer": {
    "criteria": {
      "silver_birch_forest": "2024-05-15 04:10:01 +0000",
      "willow_forest": "2024-05-15 04:14:04 +0000",
      "rocky_meadow": "2024-05-15 04:14:55 +0000",
      "flower_fields": "2024-05-17 02:37:25 +0000",
      "highland_fields": "2024-05-15 04:22:40 +0000",
      "maple_forest": "2024-05-15 04:03:13 +0000",
      "towering_cliffs": "2024-05-17 02:41:35 +0000",
      "cold_river": "2024-05-15 04:13:43 +0000",
      "pine_slopes": "2024-05-16 06:27:37 +0000",
      "gravel_beach": "2024-05-15 04:10:02 +0000"
    },
    "done": false
  },
  "tombstone:adventure/root": {
    "criteria": {
      "auto": "2024-05-15 04:03:13 +0000"
    },
    "done": true
  },
  "regions_unexplored:parent": {
    "criteria": {
      "load_in_world": "2024-05-15 04:03:13 +0000"
    },
    "done": true
  },
  "tombstone:adventure/first_grave": {
    "criteria": {
      "coded_trigger": "2024-05-15 04:04:05 +0000"
    },
    "done": true
  },
  "tombstone:recipes/from_grave_key": {
    "criteria": {
      "has_ingredient": "2024-05-15 04:04:07 +0000"
    },
    "done": true
  },
  "apotheotic_additions:main/tower": {
    "criteria": {
      "enter_tower": "2024-05-15 04:04:23 +0000"
    },
    "done": true
  },
  "apotheosis:affix/gem": {
    "criteria": {
      "gem": "2024-05-15 04:04:36 +0000"
    },
    "done": true
  },
  "alexscaves:alexscaves/primordial_armor": {
    "criteria": {
      "helmet": "2024-05-15 04:04:56 +0000",
      "tunic": "2024-05-16 10:07:01 +0000"
    },
    "done": false
  },
  "dungeons_arise:find_mechanical_nest": {
    "criteria": {
      "location0": "2024-05-15 04:05:02 +0000"
    },
    "done": true
  },
  "tombstone:adventure/cancel_ghostly_shape": {
    "criteria": {
      "coded_trigger": "2024-05-15 04:05:09 +0000"
    },
    "done": true
  },
  "tombstone:recipes/from_grave_dust": {
    "criteria": {
      "has_ingredient": "2024-05-15 04:05:12 +0000"
    },
    "done": true
  },
  "paraglider:root": {
    "criteria": {
      "crafting_table": "2024-05-15 04:09:10 +0000"
    },
    "done": true
  },
  "aquamirae:adventure/root": {
    "criteria": {
      "crafting_table": "2024-05-15 04:09:10 +0000"
    },
    "done": true
  },
  "minecraft:story/root": {
    "criteria": {
      "crafting_table": "2024-05-15 04:09:10 +0000"
    },
    "done": true
  },
  "dungeons_arise:find_lighthouse": {
    "criteria": {
      "location0": "2024-05-15 04:10:04 +0000"
    },
    "done": true
  },
  "minecraft:story/smelt_iron": {
    "criteria": {
      "iron": "2024-05-15 04:10:54 +0000"
    },
    "done": true
  },
  "minecraft:husbandry/balanced_diet": {
    "criteria": {
      "cooked_porkchop": "2024-05-15 05:10:45 +0000",
      "cooked_beef": "2024-05-15 04:37:31 +0000",
      "baked_potato": "2024-05-16 09:49:07 +0000",
      "pumpkin_pie": "2024-05-15 04:34:26 +0000",
      "bread": "2024-05-15 04:15:22 +0000"
    },
    "done": false
  },
  "minecraft:husbandry/root": {
    "criteria": {
      "consumed_item": "2024-05-15 04:15:22 +0000"
    },
    "done": true
  },
  "farmersdelight:main/craft_knife": {
    "criteria": {
      "flint_knife": "2024-05-15 04:16:58 +0000"
    },
    "done": true
  },
  "apotheosis:affix/chests": {
    "criteria": {
      "sword": "2024-05-15 04:16:58 +0000"
    },
    "done": true
  },
  "minecraft:adventure/sleep_in_bed": {
    "criteria": {
      "slept_in_bed": "2024-05-15 04:17:12 +0000"
    },
    "done": true
  },
  "farmersdelight:main/plant_all_crops": {
    "criteria": {
      "sugar_cane": "2024-05-15 04:20:33 +0000",
      "potato": "2024-05-15 06:58:36 +0000",
      "wheat": "2024-05-15 06:48:35 +0000"
    },
    "done": false
  },
  "minecraft:story/iron_tools": {
    "criteria": {
      "iron_pickaxe": "2024-05-15 04:21:04 +0000"
    },
    "done": true
  },
  "regions_unexplored:got_wood": {
    "criteria": {
      "magnolia_log": "2024-05-15 07:18:36 +0000",
      "willow_log": "2024-05-15 04:43:34 +0000",
      "small_oak_log": "2024-05-15 04:25:01 +0000"
    },
    "done": false
  },
  "minecraft:story/mine_stone": {
    "criteria": {
      "get_stone": "2024-05-15 04:25:49 +0000"
    },
    "done": true
  },
  "minecraft:husbandry/tame_an_animal": {
    "criteria": {
      "tamed_animal": "2024-05-15 04:27:07 +0000"
    },
    "done": true
  },
  "minecraft:adventure/root": {
    "criteria": {
      "killed_something": "2024-05-15 04:27:45 +0000"
    },
    "done": true
  },
  "minecraft:adventure/adventuring_time": {
    "criteria": {
      "minecraft:forest": "2024-05-15 04:45:02 +0000",
      "minecraft:lush_caves": "2024-05-17 02:42:07 +0000",
      "minecraft:old_growth_spruce_taiga": "2024-05-16 07:06:13 +0000",
      "minecraft:deep_dark": "2024-05-16 10:14:40 +0000"
    },
    "done": false
  },
  "minecraft:adventure/kill_all_mobs": {
    "criteria": {
      "minecraft:pillager": "2024-05-15 06:21:10 +0000",
      "minecraft:skeleton": "2024-05-15 05:49:41 +0000",
      "minecraft:vindicator": "2024-05-17 05:29:51 +0000",
      "minecraft:spider": "2024-05-15 05:49:21 +0000",
      "minecraft:creeper": "2024-05-15 07:07:56 +0000",
      "minecraft:phantom": "2024-05-16 05:57:31 +0000",
      "minecraft:witch": "2024-05-17 04:24:40 +0000",
      "minecraft:wither_skeleton": "2024-05-17 05:26:42 +0000",
      "minecraft:husk": "2024-05-16 10:40:48 +0000",
      "minecraft:cave_spider": "2024-05-17 04:23:09 +0000",
      "minecraft:silverfish": "2024-05-16 10:06:20 +0000",
      "minecraft:stray": "2024-05-17 03:16:06 +0000",
      "minecraft:zombie": "2024-05-15 04:46:32 +0000",
      "minecraft:zombie_villager": "2024-05-17 04:38:50 +0000"
    },
    "done": false
  },
  "minecraft:adventure/kill_a_mob": {
    "criteria": {
      "minecraft:zombie": "2024-05-15 04:46:32 +0000"
    },
    "done": true
  },
  "apotheosis:affix/random": {
    "criteria": {
      "sword": "2024-05-15 04:47:00 +0000"
    },
    "done": true
  },
  "apotheosis:affix/rare": {
    "criteria": {
      "sword": "2024-05-15 04:47:00 +0000"
    },
    "done": true
  },
  "apotheosis:affix/rare_gem": {
    "criteria": {
      "gem": "2024-05-15 05:10:59 +0000"
    },
    "done": true
  },
  "apotheosis:affix/mythic_gem": {
    "criteria": {
      "gem": "2024-05-15 05:40:10 +0000"
    },
    "done": true
  },
  "tombstone:adventure/chain_death": {
    "criteria": {
      "coded_trigger": "2024-05-15 05:43:21 +0000"
    },
    "done": true
  },
  "tombstone:adventure/first_knowledge": {
    "criteria": {
      "coded_trigger": "2024-05-15 05:43:21 +0000"
    },
    "done": true
  },
  "minecraft:story/obtain_armor": {
    "criteria": {
      "iron_chestplate": "2024-05-15 05:55:33 +0000"
    },
    "done": true
  },
  "idas:enchantingtower": {
    "criteria": {
      "in_enchantingtower": "2024-05-15 06:11:26 +0000"
    },
    "done": true
  },
  "tombstone:adventure/ambush": {
    "criteria": {
      "coded_trigger": "2024-05-15 06:21:10 +0000"
    },
    "done": true
  },
  "minecraft:husbandry/plant_seed": {
    "criteria": {
      "wheat": "2024-05-15 06:48:35 +0000"
    },
    "done": true
  },
  "minecraft:adventure/trade": {
    "criteria": {
      "traded": "2024-05-15 07:33:26 +0000"
    },
    "done": true
  },
  "tombstone:adventure/find_grave_dust": {
    "criteria": {
      "from_undead": "2024-05-16 04:54:10 +0000"
    },
    "done": true
  },
  "tombstone:adventure/ashes_and_bones": {
    "criteria": {
      "coded_trigger": "2024-05-16 04:54:17 +0000"
    },
    "done": true
  },
  "apotheosis:spawner/capturing": {
    "criteria": {
      "egg": "2024-05-16 05:57:19 +0000"
    },
    "done": true
  },
  "apotheotic_additions:main/apotheotic_coin": {
    "criteria": {
      "inventory_changed": "2024-05-16 05:57:19 +0000"
    },
    "done": true
  },
  "apotheotic_additions:affix/materials": {
    "criteria": {
      "material": "2024-05-16 05:57:20 +0000"
    },
    "done": true
  },
  "apotheotic_additions:affix/salvaging_table": {
    "criteria": {
      "material": "2024-05-16 05:57:22 +0000"
    },
    "done": true
  },
  "alexscaves:alexscaves/root": {
    "criteria": {
      "underground_cabin": "2024-05-16 06:00:28 +0000"
    },
    "done": true
  },
  "alexscaves:alexscaves/cave_tablet": {
    "criteria": {
      "cave_tablet": "2024-05-16 06:00:50 +0000"
    },
    "done": true
  },
  "alexscaves:alexscaves/cave_book": {
    "criteria": {
      "cave_book": "2024-05-16 06:00:51 +0000"
    },
    "done": true
  },
  "tombstone:adventure/choose_knowledge": {
    "criteria": {
      "coded_trigger": "2024-05-16 06:16:47 +0000"
    },
    "done": true
  },
  "minecraft:story/shiny_gear": {
    "criteria": {
      "diamond_boots": "2024-05-16 06:33:00 +0000"
    },
    "done": true
  },
  "biomancy:biomancy/root": {
    "criteria": {
      "has_raw_meats": "2024-05-16 07:03:11 +0000"
    },
    "done": true
  },
  "idas:hunters_cabin": {
    "criteria": {
      "in_hunters_cabin": "2024-05-16 07:07:49 +0000"
    },
    "done": true
  },
  "farmersdelight:main/get_fd_seed": {
    "criteria": {
      "tomato_seeds": "2024-05-16 07:11:17 +0000"
    },
    "done": true
  },
  "enemyexpansion:hunted": {
    "criteria": {
      "hunted_0": "2024-05-16 09:38:53 +0000"
    },
    "done": true
  },
  "regions_unexplored:spelunker": {
    "criteria": {
      "prismachasm": "2024-05-16 10:05:17 +0000",
      "scorching_caves": "2024-05-16 10:10:59 +0000"
    },
    "done": false
  },
  "minecraft:story/mine_diamond": {
    "criteria": {
      "diamond": "2024-05-16 10:08:26 +0000"
    },
    "done": true
  },
  "minecraft:story/lava_bucket": {
    "criteria": {
      "lava_bucket": "2024-05-16 10:16:33 +0000"
    },
    "done": true
  },
  "biomancy:biomancy/flesh": {
    "criteria": {
      "has_ender_pearl": "2024-05-16 10:23:24 +0000"
    },
    "done": true
  },
  "create:copper": {
    "criteria": {
      "0": "2024-05-16 10:31:11 +0000"
    },
    "done": true
  },
  "apotheosis:affix/boss": {
    "criteria": {
      "sword": "2024-05-16 10:40:49 +0000"
    },
    "done": true
  },
  "minecraft:story/form_obsidian": {
    "criteria": {
      "obsidian": "2024-05-16 11:52:05 +0000"
    },
    "done": true
  },
  "apotheosis:enchanting/enchanter": {
    "criteria": {
      "enchanting_table": "2024-05-16 11:58:36 +0000"
    },
    "done": true
  },
  "alexscaves:alexscaves/diving_armor": {
    "criteria": {
      "shirt": "2024-05-17 02:37:30 +0000"
    },
    "done": false
  },
  "enemyexpansion:vampire_slayer": {
    "criteria": {
      "vampire_slayer_0": "2024-05-17 02:39:06 +0000"
    },
    "done": true
  },
  "minecraft:husbandry/axolotl_in_a_bucket": {
    "criteria": {
      "axolotl_bucket": "2024-05-17 02:43:38 +0000"
    },
    "done": true
  },
  "tombstone:adventure/create_magic_scroll": {
    "criteria": {
      "has_magic_scroll": "2024-05-17 02:49:12 +0000"
    },
    "done": true
  },
  "apotheosis:enchanting/bookshelf": {
    "criteria": {
      "bookshelf": "2024-05-17 02:52:33 +0000"
    },
    "done": true
  },
  "alexscaves:alexscaves/discover_underzealot": {
    "criteria": {
      "killed_by_underzealot": "2024-05-17 03:01:51 +0000"
    },
    "done": true
  },
  "biomancy:biomancy/predator_killer": {
    "criteria": {
      "has_killed_claws_mob": "2024-05-17 03:02:06 +0000"
    },
    "done": false
  },
  "alexscaves:alexscaves/hologram_projector": {
    "criteria": {
      "hologram_projector": "2024-05-17 03:02:17 +0000"
    },
    "done": true
  },
  "alexscaves:alexscaves/abyssal_bucket": {
    "criteria": {
      "lanternfish_bucket": "2024-05-17 03:02:21 +0000"
    },
    "done": true
  },
  "enemyexpansion:troll_hunter": {
    "criteria": {
      "troll_hunter_0": "2024-05-17 03:04:32 +0000"
    },
    "done": true
  },
  "paraglider:pray_to_the_goddess": {
    "criteria": {
      "bargain": "2024-05-17 03:17:43 +0000"
    },
    "done": true
  },
  "create:andesite_alloy": {
    "criteria": {
      "0": "2024-05-17 03:18:29 +0000"
    },
    "done": true
  },
  "minecraft:adventure/shoot_arrow": {
    "criteria": {
      "shot_arrow": "2024-05-17 03:23:39 +0000"
    },
    "done": true
  },
  "create:water_wheel": {
    "criteria": {
      "0": "2024-05-17 03:35:19 +0000"
    },
    "done": true
  },
  "create:shifting_gears": {
    "criteria": {
      "0": "2024-05-17 03:36:10 +0000"
    },
    "done": true
  },
  "create:saw_processing": {
    "criteria": {
      "0": "2024-05-17 03:38:02 +0000"
    },
    "done": true
  },
  "create:andesite_casing": {
    "criteria": {
      "0": "2024-05-17 03:46:48 +0000"
    },
    "done": true
  },
  "create:millstone": {
    "criteria": {
      "0": "2024-05-17 03:50:35 +0000"
    },
    "done": true
  },
  "quark:get_forgotten_hat": {
    "criteria": {
      "get_forgotten_hat": "2024-05-17 03:58:33 +0000"
    },
    "done": true
  },
  "create:mechanical_press": {
    "criteria": {
      "0": "2024-05-17 03:59:24 +0000"
    },
    "done": true
  },
  "tombstone:adventure/strong_or_careful": {
    "criteria": {
      "coded_trigger": "2024-05-17 04:09:20 +0000"
    },
    "done": true
  },
  "iceandfire:iceandfire/kill_cyclops": {
    "criteria": {
      "killed_fire_dragon": "2024-05-17 04:11:31 +0000"
    },
    "done": true
  },
  "idas:ancient_mines": {
    "criteria": {
      "in_ancient_mines": "2024-05-17 04:13:13 +0000"
    },
    "done": true
  },
  "tombstone:adventure/bone_crusher": {
    "criteria": {
      "coded_trigger": "2024-05-17 04:25:30 +0000"
    },
    "done": true
  },
  "create:wrench_goggles": {
    "criteria": {
      "1": "2024-05-17 04:27:14 +0000"
    },
    "done": false
  },
  "tombstone:adventure/create_magic_tablet": {
    "criteria": {
      "has_magic_tablet": "2024-05-17 04:28:44 +0000"
    },
    "done": true
  },
  "minecraft:story/deflect_arrow": {
    "criteria": {
      "deflected_projectile": "2024-05-17 05:33:02 +0000"
    },
    "done": true
  },
  "minecraft:nether/root": {
    "criteria": {
      "entered_nether": "2024-05-17 04:55:11 +0000"
    },
    "done": true
  },
  "minecraft:story/enter_the_nether": {
    "criteria": {
      "entered_nether": "2024-05-17 04:55:11 +0000"
    },
    "done": true
  },
  "quark:get_all_corundum": {
    "criteria": {
      "red": "2024-05-17 05:10:04 +0000"
    },
    "done": false
  },
  "farmersdelight:main/place_campfire": {
    "criteria": {
      "campfire": "2024-05-17 05:02:59 +0000"
    },
    "done": true
  },
  "regions_unexplored:eternal_expedition": {
    "criteria": {
      "mycotoxic_undergrowth": "2024-05-17 04:55:14 +0000",
      "infernal_holt": "2024-05-17 04:55:57 +0000",
      "redstone_abyss": "2024-05-17 05:19:24 +0000",
      "glistering_meadow": "2024-05-17 05:20:20 +0000"
    },
    "done": false
  },
  "apotheosis:affix/epic": {
    "criteria": {
      "sword": "2024-05-17 05:26:44 +0000"
    },
    "done": true
  },
  "regions_unexplored:downer": {
    "criteria": {
      "dorcel": "2024-05-17 04:56:37 +0000"
    },
    "done": true
  },
  "minecraft:story/enchant_item": {
    "criteria": {
      "enchanted_item": "2024-05-17 05:32:25 +0000"
    },
    "done": true
  },
  "iceandfire:iceandfire/kill_ghost": {
    "criteria": {
      "killed_fire_dragon": "2024-05-17 04:57:33 +0000"
    },
    "done": true
  },
  "create:burner": {
    "criteria": {
      "0": "2024-05-17 05:20:41 +0000"
    },
    "done": true
  },
  "tombstone:adventure/fortuitous_militia": {
    "criteria": {
      "coded_trigger": "2024-05-17 05:37:46 +0000"
    },
    "done": true
  },
  "illagerrevolutionmod:runed_blade_get": {
    "criteria": {
      "requirement": "2024-05-17 05:44:16 +0000"
    },
    "done": true
  },
  "minecraft:nether/find_fortress": {
    "criteria": {
      "fortress": "2024-05-17 05:20:33 +0000"
    },
    "done": true
  },
  "DataVersion": 3465
}