{
  "comforts:sleeping_bag_light_gray": {
    "criteria": {
      "has_the_recipe": "2024-08-11 02:16:44 +0000"
    },
    "done": true
  },
  "crossbowverhaul:recipes/combat/bolt_netherite": {
    "criteria": {
      "has_feather": "2024-08-11 02:16:45 +0000"
    },
    "done": true
  },
  "comforts:hammock_white": {
    "criteria": {
      "has_the_recipe": "2024-08-11 02:16:44 +0000"
    },
    "done": true
  },
  "comforts:hammock_cyan_from_white": {
    "criteria": {
      "has_the_recipe": "2024-08-11 02:16:44 +0000"
    },
    "done": true
  },
  "farmersdelight:main/master_chef": {
    "criteria": {
      "vegetable_soup": "2024-08-11 06:36:34 +0000",
      "shepherds_pie": "2024-08-11 03:35:58 +0000"
    },
    "done": false
  },
  "comforts:hammock_black": {
    "criteria": {
      "has_the_recipe": "2024-08-11 02:16:44 +0000"
    },
    "done": true
  },
  "farmersdelight:main/plant_all_crops": {
    "criteria": {
      "potato": "2024-08-11 06:21:00 +0000"
    },
    "done": false
  },
  "comforts:sleeping_bag_light_blue": {
    "criteria": {
      "has_the_recipe": "2024-08-11 02:16:44 +0000"
    },
    "done": true
  },
  "comforts:sleeping_bag_green_from_white": {
    "criteria": {
      "has_the_recipe": "2024-08-11 02:16:44 +0000"
    },
    "done": true
  },
  "comforts:sleeping_bag_lime": {
    "criteria": {
      "has_the_recipe": "2024-08-11 02:16:44 +0000"
    },
    "done": true
  },
  "ag_day_counter:tenth_day_advancement": {
    "criteria": {
      "tenth_day_advancement": "2024-08-11 06:16:15 +0000"
    },
    "done": true
  },
  "cold_sweat:recipes/thermolith": {
    "criteria": {
      "has_recipe": "2024-08-11 02:16:44 +0000"
    },
    "done": true
  },
  "naturescompass:natures_compass": {
    "criteria": {
      "has_recipe": "2024-08-11 02:16:44 +0000"
    },
    "done": true
  },
  "comforts:sleeping_bag_lime_from_white": {
    "criteria": {
      "has_the_recipe": "2024-08-11 02:16:44 +0000"
    },
    "done": true
  },
  "create:copper": {
    "criteria": {
      "0": "2024-08-11 06:20:00 +0000"
    },
    "done": true
  },
  "comforts:sleeping_bag_black_from_white": {
    "criteria": {
      "has_the_recipe": "2024-08-11 02:16:44 +0000"
    },
    "done": true
  },
  "cold_sweat:root": {
    "criteria": {
      "requirement": "2024-08-11 02:16:45 +0000"
    },
    "done": true
  },
  "undead_revamp2:theundeadchallenges": {
    "criteria": {
      "theundeadchallenges": "2024-08-11 02:16:45 +0000"
    },
    "done": true
  },
  "comforts:hammock_light_blue_from_white": {
    "criteria": {
      "has_the_recipe": "2024-08-11 02:16:44 +0000"
    },
    "done": true
  },
  "comforts:sleeping_bag_black": {
    "criteria": {
      "has_the_recipe": "2024-08-11 02:16:44 +0000"
    },
    "done": true
  },
  "comforts:hammock_red_from_white": {
    "criteria": {
      "has_the_recipe": "2024-08-11 02:16:44 +0000"
    },
    "done": true
  },
  "comforts:hammock_yellow": {
    "criteria": {
      "has_the_recipe": "2024-08-11 02:16:44 +0000"
    },
    "done": true
  },
  "explorerscompass:explorers_compass_cobweb": {
    "criteria": {
      "has_recipe": "2024-08-11 02:16:44 +0000"
    },
    "done": true
  },
  "buildersdelight:root": {
    "criteria": {
      "crafting_table": "2024-08-11 02:16:45 +0000"
    },
    "done": true
  },
  "comforts:hammock_cyan": {
    "criteria": {
      "has_the_recipe": "2024-08-11 02:16:44 +0000"
    },
    "done": true
  },
  "comforts:sleeping_bag_purple": {
    "criteria": {
      "has_the_recipe": "2024-08-11 02:16:44 +0000"
    },
    "done": true
  },
  "lootr:1chest": {
    "criteria": {
      "opened_chest": "2024-08-11 02:22:15 +0000"
    },
    "done": true
  },
  "comforts:hammock_pink_from_white": {
    "criteria": {
      "has_the_recipe": "2024-08-11 02:16:44 +0000"
    },
    "done": true
  },
  "undead_revamp2:mommy": {
    "criteria": {
      "mommy": "2024-08-11 06:25:25 +0000"
    },
    "done": true
  },
  "comforts:sleeping_bag_purple_from_white": {
    "criteria": {
      "has_the_recipe": "2024-08-11 02:16:44 +0000"
    },
    "done": true
  },
  "comforts:sleeping_bag_yellow": {
    "criteria": {
      "has_the_recipe": "2024-08-11 02:16:44 +0000"
    },
    "done": true
  },
  "comforts:hammock_light_gray": {
    "criteria": {
      "has_the_recipe": "2024-08-11 02:16:44 +0000"
    },
    "done": true
  },
  "comforts:hammock_purple": {
    "criteria": {
      "has_the_recipe": "2024-08-11 02:16:44 +0000"
    },
    "done": true
  },
  "minecraft:husbandry/balanced_diet": {
    "criteria": {
      "bread": "2024-08-11 02:31:01 +0000"
    },
    "done": false
  },
  "comforts:sleeping_bag_orange_from_white": {
    "criteria": {
      "has_the_recipe": "2024-08-11 02:16:44 +0000"
    },
    "done": true
  },
  "comforts:hammock_yellow_from_white": {
    "criteria": {
      "has_the_recipe": "2024-08-11 02:16:44 +0000"
    },
    "done": true
  },
  "comforts:sleeping_bag_blue_from_white": {
    "criteria": {
      "has_the_recipe": "2024-08-11 02:16:44 +0000"
    },
    "done": true
  },
  "parcool:grant_parcool_guide": {
    "criteria": {
      "tick": "2024-08-11 02:16:45 +0000"
    },
    "done": true
  },
  "biomesoplenty:biomesoplenty/root": {
    "criteria": {
      "field": "2024-08-11 02:21:14 +0000"
    },
    "done": true
  },
  "comforts:sleeping_bag_green": {
    "criteria": {
      "has_the_recipe": "2024-08-11 02:16:44 +0000"
    },
    "done": true
  },
  "immersiveengineering:multiblocks/craft_duroplast": {
    "criteria": {
      "has_item": "2024-08-11 02:22:47 +0000"
    },
    "done": true
  },
  "comforts:hammock_lime": {
    "criteria": {
      "has_the_recipe": "2024-08-11 02:16:44 +0000"
    },
    "done": true
  },
  "comforts:sleeping_bag_brown_from_white": {
    "criteria": {
      "has_the_recipe": "2024-08-11 02:16:44 +0000"
    },
    "done": true
  },
  "minecraft:story/iron_tools": {
    "criteria": {
      "iron_pickaxe": "2024-08-11 03:12:31 +0000"
    },
    "done": true
  },
  "comforts:sleeping_bag_white": {
    "criteria": {
      "has_the_recipe": "2024-08-11 02:16:44 +0000"
    },
    "done": true
  },
  "comforts:sleeping_bag_pink": {
    "criteria": {
      "has_the_recipe": "2024-08-11 02:16:44 +0000"
    },
    "done": true
  },
  "comforts:hammock_light_gray_from_white": {
    "criteria": {
      "has_the_recipe": "2024-08-11 02:16:44 +0000"
    },
    "done": true
  },
  "comforts:sleeping_bag_brown": {
    "criteria": {
      "has_the_recipe": "2024-08-11 02:16:44 +0000"
    },
    "done": true
  },
  "comforts:sleeping_bag_gray": {
    "criteria": {
      "has_the_recipe": "2024-08-11 02:16:44 +0000"
    },
    "done": true
  },
  "refinedstorage:connecting": {
    "criteria": {
      "cable_in_inventory": "2024-08-11 04:07:37 +0000"
    },
    "done": true
  },
  "naturescompass:natures_compass_sapling": {
    "criteria": {
      "has_recipe": "2024-08-11 02:16:44 +0000"
    },
    "done": true
  },
  "crossbowverhaul:recipes/combat/bolt_diamond": {
    "criteria": {
      "has_ingot": "2024-08-11 03:27:05 +0000"
    },
    "done": true
  },
  "comforts:sleeping_bag_light_blue_from_white": {
    "criteria": {
      "has_the_recipe": "2024-08-11 02:16:44 +0000"
    },
    "done": true
  },
  "minecraft:story/root": {
    "criteria": {
      "crafting_table": "2024-08-11 02:18:22 +0000"
    },
    "done": true
  },
  "create:track_0": {
    "criteria": {
      "0": "2024-08-11 04:16:20 +0000"
    },
    "done": true
  },
  "artifacts:amateur_archaeologist": {
    "criteria": {
      "find_artifact": "2024-08-11 07:18:10 +0000"
    },
    "done": true
  },
  "comforts:hammock_light_blue": {
    "criteria": {
      "has_the_recipe": "2024-08-11 02:16:44 +0000"
    },
    "done": true
  },
  "crossbowverhaul:recipes/combat/crossbow_netherite": {
    "criteria": {
      "has_crossbow": "2024-08-11 02:16:45 +0000"
    },
    "done": true
  },
  "comforts:rope_and_nail": {
    "criteria": {
      "has_the_recipe": "2024-08-11 02:16:44 +0000"
    },
    "done": true
  },
  "comforts:hammock_magenta": {
    "criteria": {
      "has_the_recipe": "2024-08-11 02:16:44 +0000"
    },
    "done": true
  },
  "cold_sweat:recipes/waterskin": {
    "criteria": {
      "has_recipe": "2024-08-11 02:16:44 +0000"
    },
    "done": true
  },
  "comforts:sleeping_bag_red": {
    "criteria": {
      "has_the_recipe": "2024-08-11 02:16:44 +0000"
    },
    "done": true
  },
  "explorerscompass:explorers_compass_cracked_stone_bricks": {
    "criteria": {
      "has_recipe": "2024-08-11 02:16:44 +0000"
    },
    "done": true
  },
  "comforts:sleeping_bag_red_from_white": {
    "criteria": {
      "has_the_recipe": "2024-08-11 02:16:44 +0000"
    },
    "done": true
  },
  "lootr:root": {
    "criteria": {
      "always_true": "2024-08-11 02:16:45 +0000"
    },
    "done": true
  },
  "ag_day_counter:day_counter_root_advancement": {
    "criteria": {
      "day_counter_root_advancement": "2024-08-11 02:16:45 +0000"
    },
    "done": true
  },
  "minecraft:adventure/kill_a_mob": {
    "criteria": {
      "minecraft:zombie": "2024-08-11 02:27:34 +0000"
    },
    "done": true
  },
  "cold_sweat:recipes/thermometer": {
    "criteria": {
      "has_recipe": "2024-08-11 02:16:44 +0000"
    },
    "done": true
  },
  "comforts:sleeping_bag_magenta_from_white": {
    "criteria": {
      "has_the_recipe": "2024-08-11 02:16:44 +0000"
    },
    "done": true
  },
  "comforts:hammock_magenta_from_white": {
    "criteria": {
      "has_the_recipe": "2024-08-11 02:16:44 +0000"
    },
    "done": true
  },
  "comforts:sleeping_bag_blue": {
    "criteria": {
      "has_the_recipe": "2024-08-11 02:16:44 +0000"
    },
    "done": true
  },
  "comforts:hammock_brown_from_white": {
    "criteria": {
      "has_the_recipe": "2024-08-11 02:16:44 +0000"
    },
    "done": true
  },
  "minecraft:story/mine_stone": {
    "criteria": {
      "get_stone": "2024-08-11 02:17:31 +0000"
    },
    "done": true
  },
  "biomesoplenty:biomesoplenty/all_biomes": {
    "criteria": {
      "wetland": "2024-08-11 02:25:55 +0000",
      "field": "2024-08-11 02:21:14 +0000",
      "coniferous_forest": "2024-08-11 03:58:09 +0000",
      "forested_field": "2024-08-11 02:25:15 +0000",
      "fir_clearing": "2024-08-11 04:03:28 +0000"
    },
    "done": false
  },
  "minecraft:adventure/adventuring_time": {
    "criteria": {
      "minecraft:old_growth_pine_taiga": "2024-08-11 02:26:40 +0000",
      "minecraft:taiga": "2024-08-11 02:20:56 +0000",
      "minecraft:beach": "2024-08-11 02:26:38 +0000",
      "minecraft:river": "2024-08-11 04:01:53 +0000",
      "minecraft:swamp": "2024-08-11 02:26:35 +0000",
      "minecraft:cold_ocean": "2024-08-11 02:59:51 +0000",
      "minecraft:forest": "2024-08-11 04:01:44 +0000",
      "minecraft:windswept_forest": "2024-08-11 02:16:44 +0000"
    },
    "done": false
  },
  "crossbowverhaul:recipes/combat/bolt_gold": {
    "criteria": {
      "has_ingot": "2024-08-11 03:16:37 +0000"
    },
    "done": true
  },
  "comforts:hammock_blue_from_white": {
    "criteria": {
      "has_the_recipe": "2024-08-11 02:16:44 +0000"
    },
    "done": true
  },
  "minecraft:adventure/sleep_in_bed": {
    "criteria": {
      "slept_in_bed": "2024-08-11 03:07:18 +0000"
    },
    "done": true
  },
  "comforts:sleeping_bag_gray_from_white": {
    "criteria": {
      "has_the_recipe": "2024-08-11 02:16:44 +0000"
    },
    "done": true
  },
  "cold_sweat:extreme_temps": {
    "criteria": {
      "requirement": "2024-08-11 02:16:44 +0000"
    },
    "done": true
  },
  "comforts:sleeping_bag_orange": {
    "criteria": {
      "has_the_recipe": "2024-08-11 02:16:44 +0000"
    },
    "done": true
  },
  "minecraft:husbandry/root": {
    "criteria": {
      "consumed_item": "2024-08-11 02:25:41 +0000"
    },
    "done": true
  },
  "ag_day_counter:firts_day_advancement": {
    "criteria": {
      "firts_day_advancement": "2024-08-11 02:16:45 +0000"
    },
    "done": true
  },
  "comforts:sleeping_bag_cyan": {
    "criteria": {
      "has_the_recipe": "2024-08-11 02:16:44 +0000"
    },
    "done": true
  },
  "lootr:10loot": {
    "criteria": {
      "loot_stat": "2024-08-11 03:23:03 +0000"
    },
    "done": true
  },
  "comforts:hammock_purple_from_white": {
    "criteria": {
      "has_the_recipe": "2024-08-11 02:16:44 +0000"
    },
    "done": true
  },
  "minecraft:adventure/root": {
    "criteria": {
      "killed_something": "2024-08-11 02:27:30 +0000"
    },
    "done": true
  },
  "explorerscompass:explorers_compass": {
    "criteria": {
      "has_recipe": "2024-08-11 02:16:44 +0000"
    },
    "done": true
  },
  "comforts:sleeping_bag_pink_from_white": {
    "criteria": {
      "has_the_recipe": "2024-08-11 02:16:44 +0000"
    },
    "done": true
  },
  "comforts:hammock_red": {
    "criteria": {
      "has_the_recipe": "2024-08-11 02:16:44 +0000"
    },
    "done": true
  },
  "undead_revamp2:sugarcoat": {
    "criteria": {
      "sugarcoat": "2024-08-11 06:25:25 +0000"
    },
    "done": true
  },
  "lootr:social": {
    "criteria": {
      "opened_chest": "2024-08-11 02:22:15 +0000"
    },
    "done": false
  },
  "comforts:hammock_black_from_white": {
    "criteria": {
      "has_the_recipe": "2024-08-11 02:16:44 +0000"
    },
    "done": true
  },
  "farmersdelight:main/root": {
    "criteria": {
      "seeds": "2024-08-11 02:16:45 +0000"
    },
    "done": true
  },
  "comforts:sleeping_bag_yellow_from_white": {
    "criteria": {
      "has_the_recipe": "2024-08-11 02:16:44 +0000"
    },
    "done": true
  },
  "comforts:hammock_gray_from_white": {
    "criteria": {
      "has_the_recipe": "2024-08-11 02:16:44 +0000"
    },
    "done": true
  },
  "minecraft:adventure/kill_all_mobs": {
    "criteria": {
      "minecraft:husk": "2024-08-11 05:48:38 +0000",
      "minecraft:zombie": "2024-08-11 02:27:34 +0000"
    },
    "done": false
  },
  "pfm:recipes/root": {
    "criteria": {
      "has_planks": "2024-08-11 02:18:19 +0000"
    },
    "done": true
  },
  "comforts:hammock_green_from_white": {
    "criteria": {
      "has_the_recipe": "2024-08-11 02:16:44 +0000"
    },
    "done": true
  },
  "comforts:hammock_orange": {
    "criteria": {
      "has_the_recipe": "2024-08-11 02:16:44 +0000"
    },
    "done": true
  },
  "comforts:hammock_lime_from_white": {
    "criteria": {
      "has_the_recipe": "2024-08-11 02:16:44 +0000"
    },
    "done": true
  },
  "farmersdelight:main/eat_nourishing_food": {
    "criteria": {
      "nourishment": "2024-08-11 03:35:58 +0000"
    },
    "done": true
  },
  "comforts:hammock_pink": {
    "criteria": {
      "has_the_recipe": "2024-08-11 02:16:44 +0000"
    },
    "done": true
  },
  "comforts:hammock_orange_from_white": {
    "criteria": {
      "has_the_recipe": "2024-08-11 02:16:44 +0000"
    },
    "done": true
  },
  "comforts:sleeping_bag_magenta": {
    "criteria": {
      "has_the_recipe": "2024-08-11 02:16:44 +0000"
    },
    "done": true
  },
  "comforts:sleeping_bag_cyan_from_white": {
    "criteria": {
      "has_the_recipe": "2024-08-11 02:16:44 +0000"
    },
    "done": true
  },
  "comforts:sleeping_bag_light_gray_from_white": {
    "criteria": {
      "has_the_recipe": "2024-08-11 02:16:44 +0000"
    },
    "done": true
  },
  "create:root": {
    "criteria": {
      "0": "2024-08-11 02:16:45 +0000"
    },
    "done": true
  },
  "naturescompass:natures_compass_log": {
    "criteria": {
      "has_recipe": "2024-08-11 02:16:44 +0000"
    },
    "done": true
  },
  "lootr:25loot": {
    "criteria": {
      "loot_stat": "2024-08-11 07:15:23 +0000"
    },
    "done": true
  },
  "minecraft:story/mine_diamond": {
    "criteria": {
      "diamond": "2024-08-11 03:27:05 +0000"
    },
    "done": true
  },
  "comforts:hammock_brown": {
    "criteria": {
      "has_the_recipe": "2024-08-11 02:16:44 +0000"
    },
    "done": true
  },
  "minecraft:story/upgrade_tools": {
    "criteria": {
      "stone_pickaxe": "2024-08-11 02:18:35 +0000"
    },
    "done": true
  },
  "comforts:hammock_blue": {
    "criteria": {
      "has_the_recipe": "2024-08-11 02:16:44 +0000"
    },
    "done": true
  },
  "farmersdelight:main/eat_comfort_food": {
    "criteria": {
      "comfort": "2024-08-11 06:36:34 +0000"
    },
    "done": true
  },
  "comforts:hammock_green": {
    "criteria": {
      "has_the_recipe": "2024-08-11 02:16:44 +0000"
    },
    "done": true
  },
  "minecraft:story/smelt_iron": {
    "criteria": {
      "iron": "2024-08-11 02:22:35 +0000"
    },
    "done": true
  },
  "comforts:hammock_gray": {
    "criteria": {
      "has_the_recipe": "2024-08-11 02:16:44 +0000"
    },
    "done": true
  },
  "crossbowverhaul:recipes/combat/bolt_explosive": {
    "criteria": {
      "has_blazepowder": "2024-08-11 02:16:45 +0000",
      "has_bolt": "2024-08-11 02:16:45 +0000"
    },
    "done": true
  },
  "crossbowverhaul:recipes/combat/bolt_iron": {
    "criteria": {
      "has_ingot": "2024-08-11 02:22:35 +0000"
    },
    "done": true
  },
  "DataVersion": 2975
}