{
  "weaponmaster:parts/root": {
    "criteria": {
      "crafting_table": "2024-05-15 04:08:33 +0000"
    },
    "done": true
  },
  "farmersdelight:main/root": {
    "criteria": {
      "seeds": "2024-05-15 04:08:33 +0000"
    },
    "done": true
  },
  "create:root": {
    "criteria": {
      "0": "2024-05-15 04:08:33 +0000"
    },
    "done": true
  },
  "iceandfire:iceandfire/root": {
    "criteria": {
      "tick": "2024-05-15 04:08:34 +0000"
    },
    "done": true
  },
  "idas:idas_root": {
    "criteria": {
      "always": "2024-05-15 04:08:34 +0000"
    },
    "done": true
  },
  "dungeons_arise:wda_root": {
    "criteria": {
      "WDA": "2024-05-15 04:08:34 +0000"
    },
    "done": true
  },
  "curseofpandora:pandora/pandora_box": {
    "criteria": {
      "0": "2024-05-15 04:08:34 +0000"
    },
    "done": true
  },
  "bossominium:loot_bosses_a": {
    "criteria": {
      "loot_bosses_a": "2024-05-15 04:08:34 +0000"
    },
    "done": true
  },
  "apotheosis:give_book": {
    "criteria": {
      "tick": "2024-05-15 04:08:34 +0000"
    },
    "done": true
  },
  "apotheosis:affix/root": {
    "criteria": {
      "sword": "2024-05-15 04:08:34 +0000"
    },
    "done": true
  },
  "cataclysm:root": {
    "criteria": {
      "custom_test_name": "2024-05-15 04:08:34 +0000"
    },
    "done": true
  },
  "regions_unexplored:regions_explored": {
    "criteria": {
      "willow_forest": "2024-05-17 02:58:33 +0000",
      "rocky_meadow": "2024-05-17 02:58:48 +0000",
      "highland_fields": "2024-05-17 04:36:49 +0000",
      "maple_forest": "2024-05-15 04:08:35 +0000",
      "cold_river": "2024-05-17 02:58:17 +0000"
    },
    "done": false
  },
  "regions_unexplored:pioneer": {
    "criteria": {
      "willow_forest": "2024-05-17 02:58:33 +0000",
      "rocky_meadow": "2024-05-17 02:58:48 +0000",
      "highland_fields": "2024-05-17 04:36:49 +0000",
      "maple_forest": "2024-05-15 04:08:35 +0000",
      "cold_river": "2024-05-17 02:58:17 +0000"
    },
    "done": false
  },
  "tombstone:adventure/root": {
    "criteria": {
      "auto": "2024-05-15 04:08:35 +0000"
    },
    "done": true
  },
  "regions_unexplored:parent": {
    "criteria": {
      "load_in_world": "2024-05-15 04:08:35 +0000"
    },
    "done": true
  },
  "apotheotic_additions:main/tower": {
    "criteria": {
      "enter_tower": "2024-05-16 04:49:49 +0000"
    },
    "done": true
  },
  "minecraft:story/obtain_armor": {
    "criteria": {
      "iron_boots": "2024-05-17 03:02:54 +0000"
    },
    "done": true
  },
  "paraglider:root": {
    "criteria": {
      "crafting_table": "2024-05-17 03:07:22 +0000"
    },
    "done": true
  },
  "minecraft:story/iron_tools": {
    "criteria": {
      "iron_pickaxe": "2024-05-17 04:24:13 +0000"
    },
    "done": true
  },
  "tombstone:recipes/from_grave_key": {
    "criteria": {
      "has_ingredient": "2024-05-17 03:00:29 +0000"
    },
    "done": true
  },
  "tombstone:adventure/first_grave": {
    "criteria": {
      "coded_trigger": "2024-05-17 03:00:26 +0000"
    },
    "done": true
  },
  "minecraft:story/mine_stone": {
    "criteria": {
      "get_stone": "2024-05-17 03:07:44 +0000"
    },
    "done": true
  },
  "minecraft:story/upgrade_tools": {
    "criteria": {
      "stone_pickaxe": "2024-05-17 03:08:09 +0000"
    },
    "done": true
  },
  "minecraft:story/smelt_iron": {
    "criteria": {
      "iron": "2024-05-17 04:21:32 +0000"
    },
    "done": true
  },
  "minecraft:adventure/sleep_in_bed": {
    "criteria": {
      "slept_in_bed": "2024-05-17 02:59:53 +0000"
    },
    "done": true
  },
  "minecraft:adventure/root": {
    "criteria": {
      "killed_something": "2024-05-17 04:21:31 +0000"
    },
    "done": true
  },
  "minecraft:adventure/adventuring_time": {
    "criteria": {
      "minecraft:river": "2024-05-17 02:58:20 +0000"
    },
    "done": false
  },
  "minecraft:husbandry/plant_seed": {
    "criteria": {
      "wheat": "2024-05-17 03:04:23 +0000"
    },
    "done": true
  },
  "minecraft:husbandry/balanced_diet": {
    "criteria": {
      "bread": "2024-05-17 03:05:50 +0000",
      "carrot": "2024-05-17 04:37:51 +0000"
    },
    "done": false
  },
  "minecraft:husbandry/root": {
    "criteria": {
      "consumed_item": "2024-05-17 03:05:50 +0000"
    },
    "done": true
  },
  "farmersdelight:main/plant_all_crops": {
    "criteria": {
      "wheat": "2024-05-17 03:04:23 +0000",
      "carrot": "2024-05-17 04:37:49 +0000"
    },
    "done": false
  },
  "aquamirae:adventure/root": {
    "criteria": {
      "crafting_table": "2024-05-17 03:07:22 +0000"
    },
    "done": true
  },
  "regions_unexplored:got_wood": {
    "criteria": {
      "mauve_log": "2024-05-17 03:07:00 +0000"
    },
    "done": false
  },
  "minecraft:story/root": {
    "criteria": {
      "crafting_table": "2024-05-17 03:07:22 +0000"
    },
    "done": true
  },
  "DataVersion": 3465
}